# 3ds Max Wavefront OBJ Exporter v0.97b - (c)2007 guruware
# File Created: 07.11.2019 01:09:39

mtllib David Head.mtl

#
# object mesh0
#

v  1.7795 6.4947 3.0304
v  1.7698 6.5367 3.0956
v  1.6603 6.5506 3.0395
v  1.7022 6.4983 2.9804
v  1.7202 6.4175 2.9671
v  1.6755 6.3904 3.0031
v  1.7299 6.3721 3.0463
v  1.7729 6.3998 2.9894
v  1.6818 6.4254 2.9969
v  1.7928 6.4505 2.9886
v  1.7276 6.4590 2.9508
v  1.6899 6.4683 2.9870
v  1.5448 6.4860 3.2660
v  1.5345 6.4927 3.2887
v  1.5229 6.4715 3.2889
v  1.5352 6.4467 3.2671
v  1.5622 6.4663 3.2362
v  1.5492 6.4293 3.2318
v  1.5739 6.4382 3.1986
v  1.5697 6.4853 3.1939
v  1.5957 6.4584 3.1768
v  1.5965 6.4859 3.1752
v  1.6061 6.4027 3.2160
v  1.5755 6.3949 3.2584
v  1.5533 6.4182 3.3004
v  1.5440 6.4624 3.3228
v  1.5682 6.4967 3.3199
v  1.6094 6.4752 3.2650
v  1.6040 6.4948 3.2913
v  1.6445 6.4884 3.1964
v  1.6299 6.4971 3.2439
v  1.6307 6.4430 3.1841
v  1.1714 6.3459 3.3757
v  1.1559 6.3190 3.4015
v  1.2621 6.2750 3.3902
v  1.2692 6.3082 3.3721
v  1.3588 6.2504 3.3570
v  1.3615 6.2867 3.3448
v  1.4482 6.2772 3.2979
v  1.4543 6.2410 3.3044
v  1.5312 6.2875 3.2343
v  1.5467 6.2537 3.2347
v  1.6119 6.3759 3.2069
v  1.5673 6.3654 3.2653
v  1.5942 6.3164 3.1650
v  1.6215 6.2852 3.1702
v  1.5432 6.3282 3.2604
v  1.6029 6.3479 3.1885
v  1.6814 6.3308 3.1091
v  1.6372 6.3636 3.0822
v  1.6518 6.4290 3.1621
v  1.6649 6.5163 3.1814
v  1.6527 6.4789 3.0326
v  1.6394 6.3889 3.1273
v  1.6432 6.4181 3.0373
v  1.6653 6.4588 3.1009
v  1.6511 6.4162 3.0871
v  1.0560 6.3770 3.3802
v  1.0754 6.3945 3.3505
v  1.0305 6.4287 3.3352
v  1.0049 6.4227 3.3493
v  1.0108 6.4523 3.3737
v  1.0473 6.4562 3.3417
v  1.1026 6.4273 3.3632
v  1.0650 6.4797 3.4166
v  1.0942 6.4834 3.3714
v  1.1237 6.4545 3.3743
v  1.1830 6.5036 3.4073
v  1.1759 6.5077 3.4623
v  1.3061 6.5284 3.4301
v  1.3142 6.5317 3.4943
v  1.4321 6.5564 3.4110
v  1.4612 6.5552 3.4848
v  1.5521 6.5808 3.3592
v  1.5983 6.5788 3.4287
v  1.7657 6.5741 3.1695
v  1.7478 6.5957 3.2537
v  1.6654 6.5915 3.1993
v  1.6798 6.5738 3.1239
v  1.6722 6.5256 3.1112
v  1.6987 6.5953 3.3451
v  1.6266 6.5904 3.2757
v  1.6389 6.5300 3.2517
v  1.5583 6.5178 3.3463
v  1.6133 6.5305 3.2925
v  1.2025 6.3951 3.3962
v  1.1999 6.4532 3.4005
v  1.2972 6.3709 3.3988
v  1.5338 6.3934 3.3194
v  1.4722 6.3395 3.3307
v  1.5293 6.4527 3.3510
v  1.4476 6.4902 3.4014
v  1.4592 6.4308 3.3781
v  1.3855 6.3452 3.3758
v  1.3220 6.4547 3.4167
v  1.3922 6.4123 3.4007
v  0.9741 6.4545 3.3852
v  0.9745 6.4124 3.3539
v  0.9422 6.4038 3.3565
v  0.9380 6.4603 3.3839
v  1.0287 6.3609 3.3842
v  0.9946 6.3414 3.3757
v  1.1327 6.2990 3.4005
v  1.0913 6.2720 3.3921
v  1.2436 6.2514 3.3861
v  1.2076 6.2144 3.3749
v  1.3453 6.2238 3.3507
v  1.3174 6.1824 3.3320
v  1.4498 6.2148 3.2971
v  1.4299 6.1760 3.2703
v  1.5516 6.2269 3.2269
v  1.5370 6.1954 3.1923
v  1.6308 6.2594 3.1597
v  1.6166 6.2382 3.1189
v  1.6936 6.3066 3.0969
v  1.6797 6.2923 3.0565
v  1.7417 6.3431 3.0301
v  1.7223 6.3239 2.9942
v  1.0219 6.5073 3.3963
v  1.1509 6.5527 3.4488
v  1.2971 6.5817 3.4819
v  1.4504 6.6045 3.4790
v  1.5959 6.6240 3.4329
v  1.6990 6.6491 3.3417
v  1.7381 6.6648 3.2334
v  1.7573 6.6393 3.1419
v  1.7642 6.5891 3.0581
v  1.7714 6.5312 2.9850
v  0.9762 6.5341 3.3481
v  0.8931 6.4772 3.3765
v  1.1337 6.5948 3.4288
v  1.8395 6.4637 2.9542
v  1.8126 6.3634 2.9712
v  1.6988 6.6908 3.3295
v  1.7060 6.7342 3.2116
v  1.5875 6.6542 3.4320
v  1.4387 6.6381 3.4728
v  1.2973 6.6213 3.4846
v  1.4434 6.6424 3.5025
v  1.5986 6.6598 3.4606
v  1.7215 6.6844 3.3770
v  1.7410 6.7385 3.2405
v  1.8008 6.6990 3.2932
v  1.8044 6.5373 2.9290
v  1.7751 6.5741 2.9606
v  1.8876 6.5362 2.9435
v  1.8302 6.5800 2.9360
v  1.7969 6.6044 2.9608
v  1.9246 6.6067 2.9733
v  1.8578 6.6350 2.9680
v  1.7174 6.7256 3.0846
v  1.7945 6.7465 3.1458
v  1.8595 6.7180 3.0775
v  1.8710 6.7032 3.2085
v  1.9276 6.6934 3.1258
v  1.8789 6.6832 3.0217
v  1.9484 6.6611 3.0411
v  1.8064 6.7001 3.0325
v  1.7326 6.6448 3.0056
v  1.7946 6.6510 2.9883
v  1.7816 6.3083 2.9442
v  1.7021 6.3030 2.9709
v  1.7424 6.2624 2.9425
v  1.6619 6.2746 3.0095
v  1.5964 6.2202 3.0666
v  1.5145 6.1668 3.1447
v  1.4029 6.1367 3.2262
v  1.2837 6.1332 3.2978
v  1.1655 6.1631 3.3505
v  1.0478 6.2291 3.3845
v  0.9522 6.3121 3.3799
v  0.8985 6.3922 3.3743
v  0.8866 6.5385 3.3756
v  0.9641 6.5733 3.3976
v  1.1142 6.6066 3.4917
v  1.2779 6.6289 3.5578
v  1.4499 6.6482 3.5644
v  1.6216 6.6675 3.5123
v  1.7579 6.6926 3.4247
v  1.8532 6.7061 3.3439
v  1.9309 6.7125 3.2568
v  1.9908 6.7036 3.1562
v  2.0140 6.5644 2.9778
v  2.0385 6.6525 3.0446
v  1.9815 6.4771 2.9471
v  1.9486 6.3923 2.9469
v  1.9188 6.3090 2.9575
v  1.8811 6.2386 2.9664
v  1.8287 6.1818 2.9768
v  1.6922 6.2125 2.9741
v  1.6309 6.1525 3.0450
v  1.5352 6.0930 3.1300
v  1.4068 6.0579 3.2186
v  1.2625 6.0553 3.2951
v  1.1165 6.0910 3.3573
v  0.9751 6.1744 3.3971
v  0.8716 6.2762 3.4139
v  0.8104 6.3801 3.4193
v  0.7922 6.4808 3.4112
v  0.8257 6.5660 3.4167
v  0.9261 6.6249 3.4540
v  1.0825 6.6533 3.5537
v  1.2642 6.6772 3.6234
v  1.4588 6.6938 3.6228
v  1.6696 6.6960 3.5615
v  1.7905 6.7166 3.4698
v  1.8970 6.7481 3.3948
v  1.9909 6.7626 3.3097
v  2.0648 6.7401 3.1988
v  2.0950 6.4287 2.9818
v  2.0721 6.3345 2.9839
v  2.0484 6.2409 2.9836
v  2.0068 6.1498 2.9760
v  2.3213 6.4821 2.3932
v  2.3277 6.4398 2.3699
v  2.3039 6.4687 2.3450
v  2.2959 6.4921 2.3540
v  2.6313 6.6154 1.6478
v  2.6462 6.5759 1.5907
v  2.6842 6.6096 1.5735
v  2.7033 6.6375 1.6333
v  2.6781 6.5896 1.5251
v  2.6490 6.5531 1.5394
v  2.3626 6.3976 2.2734
v  2.3855 6.4349 2.2799
v  2.3437 6.4360 2.3276
v  2.3388 6.4006 2.3372
v  2.4453 6.4048 2.2236
v  2.4141 6.3721 2.2125
v  2.4850 6.3378 2.1465
v  2.5146 6.3745 2.1553
v  2.5619 6.3088 2.0652
v  2.5877 6.3545 2.0716
v  2.6286 6.3017 1.9605
v  2.6525 6.3524 1.9729
v  2.6934 6.3700 1.8664
v  2.6739 6.3163 1.8461
v  2.7039 6.4093 1.7638
v  2.6964 6.3588 1.7272
v  2.6955 6.4665 1.6773
v  2.6891 6.4282 1.6250
v  2.6715 6.5268 1.6224
v  2.6686 6.5006 1.5681
v  2.3496 6.5308 2.3555
v  2.3731 6.6198 2.3333
v  2.3215 6.5604 2.3722
v  2.4057 6.5746 2.3197
v  2.4602 6.6644 2.3059
v  2.4866 6.6099 2.2960
v  2.5694 6.7044 2.2683
v  2.5908 6.6433 2.2545
v  2.6691 6.7248 2.1930
v  2.6794 6.6712 2.1751
v  2.7468 6.7353 2.0787
v  2.7470 6.6871 2.0723
v  2.7746 6.6978 1.9615
v  2.7778 6.7440 1.9600
v  2.7693 6.6972 1.8465
v  2.7644 6.7461 1.8340
v  2.7416 6.6743 1.7330
v  2.7069 6.7332 1.7047
v  2.6553 6.6918 1.6001
v  2.6535 6.6572 1.5376
v  2.6641 6.6343 1.4929
v  2.6357 6.5432 1.9576
v  2.6468 6.5317 1.9190
v  2.6525 6.5697 1.9247
v  2.6389 6.5850 1.9621
v  2.6262 6.5661 1.9889
v  2.6287 6.5938 1.9907
v  2.6502 6.5517 1.8765
v  2.6499 6.5928 1.8874
v  2.6626 6.5764 1.8554
v  2.6660 6.5955 1.8655
v  2.7044 6.5669 1.8477
v  2.7104 6.6014 1.8652
v  2.6938 6.5191 1.8700
v  2.6767 6.4942 1.9199
v  2.6649 6.5091 1.9744
v  2.6647 6.5527 2.0124
v  2.6776 6.5999 2.0103
v  2.7030 6.5782 1.9360
v  2.7034 6.6026 1.9675
v  2.7115 6.6036 1.9109
v  2.2927 6.5329 2.3046
v  2.3125 6.4871 2.2927
v  2.3380 6.5937 2.2449
v  2.3476 6.4797 2.2326
v  2.4267 6.4471 2.1836
v  2.5035 6.4169 2.1326
v  2.5734 6.3980 2.0563
v  2.6257 6.3943 1.9651
v  2.6576 6.4916 1.7115
v  2.6365 6.5462 1.6670
v  2.7143 6.6419 1.9124
v  2.7117 6.6349 1.8367
v  2.7048 6.6895 1.9425
v  2.7116 6.6868 1.8438
v  2.7044 6.6419 1.9686
v  2.6900 6.6500 1.7511
v  2.6897 6.5662 1.7476
v  2.7099 6.5662 1.8127
v  2.6719 6.6898 2.0401
v  2.6784 6.6235 2.0408
v  2.6184 6.6672 2.1251
v  2.5292 6.6473 2.1906
v  2.4250 6.6320 2.2261
v  2.3437 6.5351 2.2183
v  2.6668 6.5449 2.0498
v  2.6227 6.6056 2.1150
v  2.6626 6.4768 2.0030
v  2.6178 6.5399 2.1049
v  2.5994 6.4412 2.0722
v  2.5390 6.4642 2.1461
v  2.5465 6.5805 2.1807
v  2.4608 6.4873 2.1925
v  2.4536 6.5622 2.2148
v  2.4909 6.5193 2.1957
v  2.6122 6.4886 2.0894
v  2.5591 6.5176 2.1590
v  2.6643 6.4065 1.8688
v  2.6682 6.4417 1.7810
v  2.7010 6.4976 1.8392
v  2.6858 6.5146 1.7737
v  2.6852 6.4675 1.8164
v  2.6723 6.4338 1.8934
v  2.6830 6.4632 1.9123
v  2.6455 6.4281 1.9847
v  2.7818 6.7743 1.9621
v  2.7469 6.7678 2.0845
v  2.3827 6.7382 2.2791
v  2.3331 6.6615 2.3334
v  2.6319 6.7938 2.2174
v  2.3285 6.4946 2.4252
v  2.4118 6.7503 2.3600
v  2.4561 6.7434 2.4317
v  2.3819 6.6834 2.4492
v  2.3518 6.6885 2.3654
v  2.2928 6.5868 2.3912
v  2.3068 6.6323 2.4025
v  2.3144 6.6311 2.4571
v  2.2907 6.5734 2.4566
v  2.5203 6.7867 2.3854
v  2.4735 6.8000 2.3288
v  2.5187 6.8218 2.2992
v  2.5769 6.7977 2.3152
v  2.5088 6.8461 2.2558
v  2.3713 6.7628 2.3088
v  2.4890 6.8090 2.2387
v  2.4485 6.8198 2.2739
v  2.7840 6.7630 2.0989
v  2.7204 6.7487 2.2379
v  2.6490 6.7492 2.3517
v  2.4994 6.7182 2.4920
v  2.4140 6.6706 2.5177
v  2.3471 6.6231 2.5216
v  2.4403 6.6790 2.5916
v  2.5308 6.7265 2.5557
v  2.3366 6.4139 2.4036
v  2.3099 6.3710 2.3862
v  2.2980 6.3641 2.3275
v  2.3285 6.4029 2.4788
v  2.3262 6.3349 2.4248
v  2.3120 6.2817 2.3310
v  2.3558 6.2338 2.3917
v  2.3610 6.2626 2.4979
v  2.3285 6.3654 2.2597
v  2.3788 6.1838 2.2555
v  2.3847 6.1450 2.3483
v  2.3717 6.3430 2.2034
v  2.3577 6.3103 2.2544
v  2.4355 6.3005 2.1385
v  2.4213 6.2416 2.1976
v  2.5073 6.2585 2.0478
v  2.5011 6.1750 2.0982
v  2.4662 6.0898 2.1525
v  2.5711 6.2324 1.9366
v  2.5863 6.1314 1.9640
v  2.6334 6.2376 1.8090
v  2.6821 6.2847 1.6728
v  2.7055 6.3671 1.5531
v  2.6943 6.4553 1.4882
v  2.6752 6.5225 1.4607
v  2.6921 6.5629 1.4493
v  2.6880 6.6187 1.4258
v  2.5790 6.7478 2.4327
v  2.6220 6.7487 2.4854
v  2.8104 6.7720 1.9678
v  2.7919 6.7697 1.8401
v  2.7212 6.7610 1.6847
v  2.6632 6.7185 1.5721
v  2.6640 6.6745 1.4773
v  2.6553 6.6881 1.5138
v  2.6776 6.7090 1.4872
v  2.6845 6.6855 1.4193
v  2.5766 6.0204 1.9934
v  2.6617 6.1339 1.7930
v  2.7162 6.1898 1.6201
v  2.7455 6.2879 1.4757
v  2.7459 6.4052 1.3898
v  2.7297 6.5259 1.3606
v  2.7219 6.6348 1.3189
v  2.7039 6.7392 1.3248
v  2.6972 6.7475 1.4421
v  2.7097 6.7406 1.5456
v  2.7728 6.7843 1.6649
v  2.8331 6.7989 1.8164
v  2.8550 6.7847 1.9670
v  2.8359 6.7721 2.1106
v  2.7834 6.7629 2.2644
v  2.7050 6.7656 2.4124
v  2.6546 6.7803 2.5386
v  2.5622 6.7628 2.6249
v  2.6304 6.7858 2.6178
v  2.4688 6.7089 2.6722
v  2.7058 6.8324 1.3724
v  2.7409 6.8044 1.5137
v  2.8179 6.8525 1.6429
v  2.8827 6.8674 1.8087
v  2.9063 6.8434 1.9728
v  2.8937 6.8102 2.1267
v  2.8478 6.7848 2.2875
v  2.7851 6.7714 2.4283
v  2.7299 6.7678 2.5494
v  2.6682 6.7691 2.6514
v  2.5932 6.7272 2.6934
v  2.5158 6.6878 2.7343
v  2.7471 6.9092 1.4646
v  2.8471 6.9578 1.6070
v  2.9197 6.9729 1.8029
v  2.9243 6.9460 1.9900
v  2.9086 6.9031 2.1553
v  2.8802 6.8572 2.3140
v  2.8297 6.8237 2.4527
v  2.7836 6.7911 2.5810
v  2.7151 6.7627 2.7012
v  2.6338 6.7119 2.7637
v  2.5504 6.6810 2.8078
v  2.6731 6.7139 2.8534
v  2.5726 6.6937 2.8890
v  2.1226 6.6897 3.0806
v  2.1321 6.6183 3.0419
v  2.1189 6.5276 2.9963
v  2.2206 6.6703 3.1663
v  2.1618 6.7132 3.2784
v  1.6889 6.0533 3.0262
v  1.5592 5.9801 3.0994
v  1.4103 5.9385 3.2131
v  1.2305 5.9362 3.3070
v  1.0386 5.9853 3.3820
v  0.8602 6.0930 3.4240
v  0.7314 6.2299 3.4434
v  0.6597 6.3742 3.4485
v  0.6497 6.5136 3.4477
v  0.7142 6.6334 3.4466
v  1.9078 6.0641 2.9740
v  1.7771 6.1314 2.9920
v  2.6736 6.0099 1.7723
v  2.7446 6.0722 1.5527
v  2.7721 6.1931 1.3718
v  2.7685 6.3462 1.2540
v  2.7512 6.5071 1.1931
v  2.7297 6.6655 1.1700
v  2.6989 6.8149 1.1998
v  2.7062 6.9396 1.2820
v  2.7592 7.0236 1.3943
v  2.8623 7.0876 1.5578
v  2.9644 7.1068 1.8288
v  2.9572 7.0399 2.0203
v  2.9470 6.9856 2.1912
v  2.9364 6.9234 2.3493
v  2.9040 6.8667 2.4922
v  2.8652 6.8048 2.6337
v  2.7780 6.7647 2.7712
v  2.6807 6.7772 2.9400
v  2.5722 6.7604 2.9641
v  2.5937 6.8670 3.0308
v  2.6931 6.8856 3.0028
v  2.8167 6.8224 2.8406
v  2.9206 6.8675 2.6848
v  2.9712 6.9238 2.5319
v  2.9971 6.9846 2.3854
v  3.0007 7.0497 2.2252
v  3.0027 7.1038 2.0463
v  3.0056 7.1394 2.2461
v  2.9992 7.1944 2.0622
v  2.9813 7.0777 2.4081
v  2.9613 7.0159 2.5532
v  2.9184 6.9678 2.7066
v  2.8319 6.9247 2.8858
v  1.8195 6.7203 3.5127
v  1.9474 6.7451 3.4551
v  2.0664 6.7619 3.3836
v  2.3147 6.7188 3.2217
v  2.2566 6.7253 3.3344
v  0.8532 6.7137 3.4869
v  1.0313 6.7517 3.5993
v  0.9665 6.8600 3.6505
v  0.7667 6.8013 3.5337
v  1.2373 6.7871 3.6711
v  1.2031 6.9166 3.7229
v  1.4566 6.8204 3.6573
v  1.6673 6.8080 3.6182
v  1.8405 6.7940 3.5646
v  1.9947 6.7610 3.5285
v  2.1396 6.7524 3.4508
v  2.3820 6.8291 3.2453
v  2.3361 6.8181 3.3619
v  1.4636 6.9503 3.7529
v  1.7098 6.9194 3.7387
v  1.9026 6.8749 3.6798
v  2.0659 6.8385 3.6107
v  2.2227 6.8220 3.4999
v  2.4205 6.9578 3.2506
v  2.3778 6.9566 3.3495
v  1.8576 4.8254 2.7351
v  1.7612 4.8233 2.7491
v  1.7656 4.7788 2.7574
v  1.8623 4.7716 2.7452
v  1.9570 4.7640 2.7109
v  1.9488 4.8307 2.6857
v  2.0297 4.8157 2.6245
v  2.0412 4.7569 2.6395
v  2.1042 4.8131 2.5580
v  2.1197 4.7611 2.5637
v  2.1839 4.7780 2.4858
v  2.1548 4.8337 2.4819
v  2.1993 4.8371 2.3947
v  2.2274 4.7848 2.4015
v  2.2469 4.7928 2.3028
v  2.2283 4.8359 2.2964
v  2.2357 4.8067 2.1943
v  2.2171 4.8480 2.1876
v  2.2380 4.7230 2.4021
v  2.2542 4.7450 2.3058
v  2.1958 4.7103 2.4864
v  2.1260 4.6982 2.5634
v  2.0464 4.6926 2.6402
v  1.6633 4.8255 2.7270
v  1.6726 4.7833 2.7476
v  1.7772 4.7365 2.7653
v  1.8612 4.7115 2.7548
v  1.9585 4.6964 2.7162
v  2.2520 4.7688 2.2117
v  1.6696 4.8465 2.7699
v  1.7767 4.8454 2.7938
v  1.8880 4.8421 2.7888
v  1.9983 4.8408 2.7456
v  2.0890 4.8180 2.6838
v  2.1593 4.8193 2.6078
v  2.2066 4.8525 2.5200
v  2.2551 4.8565 2.4200
v  2.2686 4.8611 2.3052
v  2.2550 4.8735 2.1910
v  1.6943 4.8737 2.8152
v  1.7937 4.8804 2.8293
v  1.7266 4.9008 2.8379
v  1.8012 4.9155 2.8473
v  1.9071 4.8852 2.8227
v  1.9113 4.9346 2.8410
v  2.0381 4.8888 2.7801
v  2.0324 4.9475 2.8036
v  2.1320 4.8564 2.7190
v  2.1991 4.8587 2.6477
v  2.1649 4.9026 2.7329
v  2.2192 4.9057 2.6748
v  2.2472 4.8904 2.5549
v  2.2598 4.9399 2.5884
v  2.2996 4.8960 2.3140
v  2.2966 4.9085 2.4386
v  2.2971 4.9575 2.4854
v  2.3185 4.9452 2.3983
v  2.1056 4.9326 2.7760
v  2.2874 4.9004 2.2165
v  2.3127 4.9220 2.2955
v  1.5863 4.8549 2.7600
v  1.5719 4.8364 2.6905
v  1.6350 4.8894 2.8118
v  1.7042 4.9212 2.8413
v  1.7971 4.9441 2.8513
v  1.9097 4.9668 2.8475
v  2.0354 4.9842 2.8158
v  2.1212 4.9781 2.7760
v  2.1754 4.9422 2.7351
v  2.2193 4.9451 2.6902
v  2.2627 4.9869 2.6211
v  2.3004 4.9975 2.4963
v  2.3264 4.9776 2.3816
v  2.3228 4.9432 2.2595
v  2.2844 4.9075 2.1510
v  2.2455 4.8763 2.1076
v  2.2055 4.8556 2.1011
v  2.2240 4.8160 2.1076
v  2.2446 4.7724 2.1506
v  2.2532 4.7377 2.2105
v  2.2530 4.6973 2.2974
v  2.2303 4.6646 2.3892
v  2.1843 4.6480 2.4710
v  2.1130 4.6400 2.5491
v  2.0353 4.6335 2.6254
v  1.9417 4.6354 2.6973
v  1.8234 4.6659 2.7458
v  1.6921 4.7320 2.7625
v  1.5895 4.7877 2.7200
v  2.1367 4.9942 2.7383
v  2.1655 4.9800 2.7163
v  2.2252 5.0010 2.6547
v  2.1977 4.9819 2.6848
v  2.0940 5.0254 2.7754
v  2.1206 5.0294 2.7321
v  2.1479 5.0277 2.6995
v  2.1793 5.0306 2.6706
v  2.2171 5.0399 2.6429
v  2.2575 5.0419 2.5949
v  2.1388 5.0828 2.6939
v  2.1123 5.0803 2.7294
v  2.1147 5.1387 2.7308
v  2.1402 5.1429 2.6978
v  2.1704 5.0874 2.6645
v  2.2086 5.0953 2.6358
v  2.1723 5.1483 2.6710
v  2.2101 5.1560 2.6401
v  2.0813 5.0769 2.7696
v  2.0251 5.0194 2.8083
v  1.9035 4.9991 2.8390
v  1.7875 4.9770 2.8439
v  1.6851 4.9579 2.8367
v  1.5988 4.9277 2.8098
v  1.5330 4.8880 2.7599
v  1.5001 4.8535 2.6862
v  1.5250 4.7804 2.6955
v  1.6349 4.6996 2.7227
v  1.7742 4.6419 2.6987
v  1.8950 4.6168 2.6435
v  1.9843 4.6200 2.5736
v  2.0582 4.6249 2.5018
v  2.1282 4.6275 2.4298
v  2.1774 4.6362 2.3568
v  2.2127 4.6658 2.2693
v  2.2272 4.7085 2.1831
v  2.2208 4.7533 2.1101
v  2.1960 4.8094 2.0533
v  2.1726 4.8707 2.0421
v  2.2325 4.9013 2.0568
v  2.2806 4.9401 2.1114
v  2.3145 4.9825 2.2365
v  2.3163 5.0152 2.3674
v  2.2901 5.0388 2.4873
v  2.2430 5.1034 2.5814
v  2.0785 5.1374 2.7650
v  2.0130 5.0696 2.7990
v  1.8904 5.0482 2.8284
v  1.7755 5.0264 2.8400
v  1.6699 5.0029 2.8387
v  1.5681 4.9612 2.8252
v  1.4896 4.9043 2.7909
v  1.4490 4.8395 2.7354
v  1.4728 4.7521 2.6992
v  1.5891 4.6589 2.6981
v  1.7322 4.6036 2.6627
v  1.8524 4.5865 2.5996
v  1.9382 4.5949 2.5266
v  2.0077 4.6026 2.4557
v  2.0793 4.5960 2.3902
v  2.1286 4.6002 2.3151
v  2.1713 4.6248 2.2229
v  2.1954 4.6662 2.1299
v  2.1978 4.7174 2.0456
v  2.2044 4.7837 1.9821
v  2.2232 4.8612 1.9664
v  2.2723 4.9265 1.9954
v  2.3039 4.9919 2.0663
v  2.3100 5.0494 2.2002
v  2.2996 5.0838 2.3427
v  2.2720 5.1047 2.4721
v  2.0045 5.1320 2.7910
v  1.8737 5.1152 2.8220
v  1.7516 5.0897 2.8413
v  1.6385 5.0555 2.8508
v  1.5282 4.9958 2.8548
v  1.4436 4.9118 2.8361
v  1.4008 4.8197 2.7790
v  1.4262 4.7152 2.7136
v  1.5472 4.6130 2.6795
v  1.6970 4.5561 2.6301
v  1.8203 4.5488 2.5616
v  1.9039 4.5666 2.4899
v  1.9719 4.5738 2.4261
v  2.0372 4.5644 2.3593
v  2.0864 4.5547 2.2762
v  2.1339 4.5692 2.1689
v  2.1672 4.6066 2.0562
v  2.1964 4.6611 1.9531
v  2.2403 4.7380 1.8832
v  2.3048 4.8409 1.8680
v  2.3532 4.9473 1.9098
v  2.3585 5.0563 2.0002
v  2.3219 5.1329 2.1498
v  2.2907 5.1745 2.3125
v  2.2576 5.1855 2.4598
v  2.3120 5.4070 2.6818
v  2.3242 5.4425 2.6462
v  2.3975 5.3890 2.6749
v  2.3608 5.3495 2.7236
v  2.3633 5.4435 2.4552
v  2.3985 5.4402 2.5063
v  2.3442 5.4734 2.5006
v  2.3005 5.4096 2.4448
v  2.2813 5.4747 2.4948
v  2.2505 5.3941 2.4970
v  2.2513 5.4474 2.5132
v  2.2504 5.3867 2.5768
v  2.2535 5.4520 2.5678
v  2.2781 5.4858 2.5660
v  2.3359 5.4736 2.5771
v  2.4082 5.4287 2.5929
v  2.2761 5.4554 2.6199
v  2.2808 5.3935 2.6523
v  2.3243 5.2972 2.6873
v  2.3890 5.2321 2.7559
v  2.4456 5.2460 2.7656
v  2.4893 5.3009 2.7116
v  2.4864 5.3509 2.6020
v  2.4571 5.3823 2.4953
v  2.4070 5.3900 2.4278
v  2.2751 5.3190 2.4923
v  2.3095 5.3378 2.4368
v  2.3528 5.3572 2.4158
v  2.2807 5.3025 2.5832
v  2.2340 5.1740 2.5748
v  2.2599 5.2659 2.4541
v  2.2536 5.2430 2.5983
v  2.2856 5.2771 2.2835
v  2.3027 5.3093 2.3961
v  2.3593 5.3485 2.3542
v  2.2822 5.3436 2.3399
v  2.4469 5.3883 2.3749
v  2.5276 5.4021 2.6113
v  2.5454 5.3044 2.7530
v  2.4616 5.5967 2.4921
v  2.4480 5.6368 2.5263
v  2.4897 5.5603 2.5960
v  2.4929 5.5255 2.5293
v  2.4965 5.4132 2.4648
v  2.3603 5.5087 2.3148
v  2.3712 5.5875 2.3506
v  2.4102 5.5642 2.3685
v  2.4219 5.4832 2.3432
v  2.3667 5.4297 2.3042
v  2.3948 5.6435 2.4040
v  2.4343 5.6030 2.4273
v  2.4719 5.5098 2.4347
v  2.4164 5.6606 2.4607
v  2.5422 5.4469 2.6860
v  2.2797 5.4201 2.2985
v  2.2831 5.5153 2.3021
v  2.3033 5.6060 2.3415
v  2.3386 5.6737 2.4027
v  2.3648 5.6977 2.4857
v  2.4083 5.6761 2.5697
v  2.4718 5.6034 2.6548
v  2.5477 5.4867 2.7448
v  2.5973 5.3643 2.8027
v  2.3069 5.3854 2.2019
v  2.3408 5.2180 2.0941
v  2.4049 5.1211 1.9236
v  2.4110 4.9808 1.7943
v  2.3603 4.8337 1.7370
v  2.2776 4.6907 1.7691
v  2.2130 4.5877 1.8626
v  2.1649 4.5230 1.9900
v  2.1243 4.4901 2.1279
v  2.0852 4.4882 2.2591
v  2.0415 4.5080 2.3647
v  1.9811 4.5190 2.4404
v  1.9093 4.5089 2.4994
v  1.8075 4.4874 2.5491
v  1.6637 4.4901 2.6010
v  1.4906 4.5533 2.6588
v  1.3600 4.6695 2.7350
v  1.3308 4.8011 2.8270
v  1.3784 4.9281 2.8898
v  1.4711 5.0414 2.9017
v  1.5884 5.1228 2.8783
v  1.7117 5.1703 2.8498
v  2.0162 5.4365 2.9270
v  1.9588 5.4108 2.9256
v  1.9291 5.4247 2.8788
v  1.9894 5.4898 2.8554
v  2.2182 5.3520 2.8739
v  2.1884 5.3699 2.9153
v  2.1838 5.4571 2.8451
v  2.0908 5.5014 2.8457
v  2.1110 5.4214 2.9250
v  2.1284 5.3986 2.8149
v  2.1916 5.3310 2.8553
v  1.9240 5.4056 2.8145
v  1.9732 5.4686 2.7804
v  2.0576 5.4749 2.7749
v  2.0561 5.3688 2.7811
v  2.0330 5.4251 2.7564
v  1.9856 5.4094 2.7611
v  1.9565 5.3673 2.7873
v  1.9989 5.3548 2.7813
v  1.9478 5.3103 2.8197
v  2.0062 5.2926 2.8108
v  2.0716 5.2967 2.8152
v  2.1303 5.3119 2.8426
v  2.1908 5.2540 2.8733
v  2.2416 5.2520 2.9370
v  2.2137 5.2824 2.9888
v  2.1278 5.3333 2.9985
v  2.0270 5.3687 2.9896
v  1.9463 5.3684 2.9693
v  1.9011 5.3594 2.9167
v  1.9042 5.3406 2.8519
v  2.2460 5.2596 3.0326
v  2.2750 5.2118 2.9649
v  2.2283 5.2072 2.6690
v  2.3084 5.2288 2.7017
v  2.3782 5.1924 2.7814
v  2.4867 5.2099 2.8311
v  2.2752 5.1883 2.8631
v  2.3409 5.1859 2.9847
v  2.2318 5.2097 2.8755
v  2.1359 5.1933 2.7434
v  2.0950 5.2062 2.7718
v  2.0129 5.2506 2.8000
v  2.1031 5.2501 2.7975
v  2.1577 5.2268 2.7983
v  2.1590 5.1964 2.7202
v  2.1916 5.2024 2.6990
v  2.1929 5.2138 2.7730
v  2.2732 5.2100 2.7368
v  2.3203 5.1829 2.8181
v  2.2414 5.2095 2.7581
v  2.1458 5.3225 3.0499
v  2.0261 5.3638 3.0346
v  1.9230 5.3622 3.0081
v  1.8692 5.3347 2.9462
v  1.8767 5.3102 2.8655
v  1.9334 5.2734 2.8170
v  1.9977 5.2078 2.7920
v  1.8498 5.2057 2.8189
v  1.9046 5.2503 2.8110
v  1.8249 5.3162 2.8622
v  2.2594 6.6014 3.1176
v  2.2299 6.4999 3.0638
v  2.2120 6.3972 3.0497
v  2.1980 6.2927 3.0553
v  2.1838 6.1840 3.0554
v  2.1572 6.0684 3.0357
v  1.8296 5.3659 2.9553
v  1.9001 5.4046 3.0195
v  2.0229 5.4023 3.0545
v  2.1622 5.3615 3.0963
v  2.1133 5.4469 3.0736
v  2.0261 5.4734 3.0429
v  1.8134 5.4435 2.9264
v  1.8934 5.4937 2.9953
v  2.0472 5.5442 3.0183
v  1.9404 5.5868 2.9765
v  1.8436 5.5508 2.9417
v  1.8037 5.5109 2.8936
v  1.8027 5.5539 2.8764
v  1.8257 5.5866 2.9068
v  1.8668 5.6053 2.9366
v  1.7651 5.2945 2.8274
v  1.7867 5.4122 2.8396
v  1.7794 5.4940 2.8206
v  1.7853 5.5622 2.8320
v  1.8175 5.6179 2.8571
v  1.8789 5.6519 2.8889
v  1.9723 5.6450 2.9344
v  2.0764 5.5914 2.9990
v  2.1417 5.5055 3.0595
v  2.2348 5.4138 3.1266
v  2.3083 5.2594 3.0844
v  2.4200 5.1735 2.9139
v  2.5814 5.2596 2.9066
v  2.4145 5.2169 3.0695
v  2.3508 5.3360 3.1674
v  2.3103 6.1552 3.1148
v  2.3012 6.0280 3.1053
v  2.3153 6.2741 3.1083
v  2.3215 6.3860 3.0953
v  2.3325 6.4934 3.0915
v  2.3500 6.5935 3.1095
v  2.3722 6.6793 3.1626
v  2.4375 6.8222 3.1896
v  2.4782 6.9621 3.2084
v  2.5087 5.2144 2.9996
v  2.4661 5.3051 3.1362
v  2.4828 5.4346 3.1441
v  2.3704 5.4559 3.1723
v  2.4304 6.0180 3.1066
v  2.4234 6.1491 3.0985
v  2.4150 6.2719 3.0842
v  2.4089 6.3873 3.0685
v  2.4077 6.4981 3.0572
v  2.4187 6.6042 3.0686
v  2.4546 6.7001 3.1138
v  2.5637 5.3139 3.0617
v  2.5689 5.4460 3.0682
v  2.5145 6.0296 3.0333
v  2.5018 6.1606 3.0297
v  2.4845 6.2832 3.0221
v  2.4696 6.3973 3.0123
v  2.5459 6.0616 2.9338
v  2.5332 6.1885 2.9382
v  2.5107 6.3067 2.9407
v  2.5034 6.1113 2.8265
v  2.4945 6.2293 2.8399
v  2.4767 6.3397 2.8533
v  2.4474 6.1668 2.7218
v  2.4363 6.2776 2.7446
v  2.4233 6.3780 2.7674
v  2.3905 6.2151 2.6217
v  2.3803 6.3203 2.6611
v  2.3459 6.3784 2.5882
v  2.3730 6.4025 2.6911
v  2.4633 6.5050 3.0034
v  2.4774 6.6086 3.0158
v  2.4931 6.4160 2.9406
v  2.5434 6.7169 3.0111
v  2.5259 6.6184 2.9353
v  2.4970 6.5148 2.9359
v  2.4664 6.4439 2.8651
v  2.5087 6.6085 2.8426
v  2.4828 6.5303 2.8624
v  2.4227 6.4775 2.7913
v  2.4618 6.6308 2.7742
v  2.4418 6.5525 2.7935
v  2.4121 6.6445 2.7045
v  2.3780 6.4975 2.7189
v  2.3919 6.5713 2.7207
v  2.3389 6.4817 2.6086
v  2.3638 6.6167 2.5961
v  2.3495 6.5502 2.6154
v  2.3187 6.5817 2.5240
v  2.3081 6.4926 2.4995
v  2.3151 6.5391 2.5438
v  2.5009 6.8218 3.1477
v  2.5528 6.8159 3.0868
v  2.5108 6.7046 3.0619
v  2.2955 5.8878 3.0810
v  2.4368 5.8803 3.1063
v  2.4699 5.5851 3.1235
v  2.5534 5.5975 3.0500
v  2.5221 5.8938 3.0352
v  2.4507 5.7355 3.1089
v  2.5330 5.7508 3.0385
v  2.5444 5.9309 2.9297
v  2.6205 5.3537 2.9685
v  2.6244 5.4262 2.8983
v  1.6607 5.2614 2.8668
v  1.7225 5.3893 2.8378
v  1.7085 5.4837 2.8512
v  1.7257 5.5722 2.8657
v  1.7837 5.6505 2.8699
v  1.8730 5.6996 2.8832
v  1.9916 5.7003 2.9254
v  2.1147 5.6434 3.0012
v  2.3558 5.5899 3.1358
v  2.1988 5.5548 3.0725
v  2.2678 5.4959 3.1266
v  2.2536 5.5884 3.0908
v  2.1005 5.9217 3.0084
v  2.1618 5.7286 3.0271
v  2.3203 5.7338 3.0875
v  2.3682 5.3274 2.0356
v  2.3249 5.5102 2.1953
v  2.3527 5.6266 2.2585
v  2.3584 5.7249 2.3537
v  2.3731 5.7622 2.4765
v  2.4125 5.7446 2.5980
v  2.4841 5.6675 2.7133
v  2.4963 5.9903 2.8149
v  2.4483 6.0501 2.7026
v  2.4008 6.0954 2.5964
v  2.3780 6.1271 2.4736
v  2.4368 5.9909 2.2567
v  2.4898 5.8703 2.7967
v  2.4480 5.9410 2.6778
v  2.3982 5.8632 2.4506
v  2.4366 5.8583 2.6141
v  2.3907 5.9921 2.4465
v  2.4150 5.9768 2.5825
v  2.4314 5.8163 2.2533
v  2.4460 5.2061 1.8473
v  2.4446 5.0298 1.6814
v  2.3747 4.8370 1.6064
v  2.2819 4.6496 1.6391
v  2.2155 4.5035 1.7611
v  2.1815 4.4130 1.9281
v  2.1586 4.3779 2.1013
v  2.1246 4.3848 2.2546
v  2.0740 4.4105 2.3774
v  2.0056 4.4245 2.4617
v  1.9252 4.4129 2.5241
v  1.8096 4.3897 2.5767
v  1.6394 4.3905 2.6087
v  1.4094 4.4516 2.6496
v  1.2627 4.6216 2.7572
v  1.2243 4.7956 2.8733
v  1.2810 4.9659 2.9451
v  1.3925 5.1110 2.9561
v  1.5303 5.2090 2.9181
v  1.6197 5.3640 2.8936
v  1.6137 5.4689 2.9362
v  1.4765 5.3121 2.9742
v  1.2934 5.1957 3.0293
v  1.1506 5.0190 2.9936
v  1.0741 4.8046 2.8947
v  1.1029 4.5742 2.7544
v  1.9331 4.2943 2.5355
v  1.8121 4.2715 2.5880
v  2.0144 4.3034 2.4666
v  2.0843 4.2890 2.3754
v  2.1373 4.2623 2.2464
v  2.1651 4.2466 2.0744
v  2.1650 4.2838 1.8574
v  2.1859 4.4088 1.6313
v  2.2548 4.6065 1.4531
v  2.3692 4.8654 1.4272
v  2.4765 5.1184 1.5437
v  2.5117 5.3354 1.7645
v  2.4425 5.4879 2.0208
v  2.4491 5.6436 2.1360
v  2.5389 5.8572 2.0426
v  2.5314 5.6320 1.9662
v  2.6678 5.8305 1.7289
v  2.6202 5.5445 1.6265
v  2.7411 5.9129 1.4460
v  2.7557 6.0750 1.2220
v  2.7393 6.2775 1.0772
v  2.7164 6.4878 1.0059
v  2.6906 6.6990 0.9892
v  2.6622 6.8999 1.0473
v  2.6664 7.0744 1.1900
v  2.7469 7.1217 1.3450
v  1.4076 5.7915 3.1860
v  1.1848 5.7835 3.2933
v  0.9401 5.8418 3.3787
v  0.7113 5.9829 3.4167
v  0.5424 6.1732 3.4286
v  0.4557 6.3761 3.4357
v  0.4592 6.5703 3.4361
v  0.5843 6.7405 3.4598
v  0.7062 6.8942 3.5284
v  0.4432 6.8366 3.4166
v  0.5951 7.0343 3.5035
v  0.9184 6.9828 3.6226
v  0.8704 7.0962 3.6189
v  1.1628 7.0476 3.7003
v  1.1315 7.1366 3.6868
v  1.4445 7.0985 3.7464
v  1.7220 7.0864 3.7050
v  1.9264 7.0324 3.6225
v  2.1093 6.9875 3.5963
v  2.2769 6.9592 3.5048
v  2.6960 7.0176 3.0124
v  2.8275 7.0552 2.8996
v  2.8843 7.0810 2.7062
v  2.8944 7.1128 2.5492
v  2.9299 7.1910 2.4113
v  2.9607 7.2522 2.2470
v  2.9678 7.2749 2.0579
v  2.9501 7.2473 1.8345
v  2.8184 7.2420 1.5134
v  1.4105 5.6267 3.1469
v  1.1408 5.5892 3.2445
v  1.6390 5.5745 2.9806
v  1.4645 5.4581 3.0551
v  1.1224 5.3269 3.1418
v  1.5927 5.6909 3.0571
v  1.7480 5.6800 2.9564
v  1.6139 5.8297 3.0748
v  1.7956 5.9315 2.9971
v  1.9851 5.7655 2.9719
v  1.8542 5.7438 2.9499
v  1.9347 5.8645 2.9776
v  1.7010 5.7556 3.0128
v  1.8194 5.8233 2.9805
v  2.5686 5.5438 2.8274
v  2.4925 5.7582 2.7628
v  2.5714 5.6275 2.9180
v  2.6182 5.4612 2.9744
v  2.5437 5.7935 2.9249
v  2.5125 5.2574 1.3296
v  2.6706 5.7073 1.2761
v  2.6746 5.9361 1.0204
v  2.6438 6.2113 0.8627
v  2.6333 6.4682 0.8019
v  2.6066 6.7266 0.8046
v  2.5004 6.4837 0.5961
v  2.5305 6.7670 0.6238
v  2.5866 6.9663 0.8697
v  2.5266 7.0062 0.6611
v  2.6351 7.1822 0.9615
v  2.6071 7.1277 0.6785
v  2.3549 4.9407 1.1550
v  2.5207 5.4681 1.0417
v  2.5087 5.7800 0.7795
v  2.4703 6.1697 0.6249
v  2.3340 5.1609 0.8189
v  2.2648 5.5604 0.4684
v  2.2415 6.1177 0.3019
v  0.8236 5.6528 3.3062
v  0.5291 5.8426 3.3407
v  0.3119 6.1094 3.3468
v  0.2041 6.3936 3.3436
v  0.2645 6.6724 3.3554
v  -0.0182 6.3520 3.1959
v  0.0133 6.5113 3.2178
v  2.1086 4.1417 2.2348
v  2.1214 4.1084 2.0612
v  1.8166 4.1491 2.5654
v  1.9221 4.1801 2.5067
v  1.9864 4.1872 2.4451
v  2.0548 4.1687 2.3553
v  1.8213 4.0663 2.5091
v  1.9142 4.0836 2.4336
v  1.9968 4.0603 2.3146
v  2.0595 4.0583 2.2289
v  2.0074 5.2775 0.2493
v  2.0686 4.7624 0.6646
v  2.1519 4.5541 1.1408
v  2.0404 3.9975 2.1104
v  1.9314 3.9444 2.2213
v  1.8127 3.9458 2.3626
v  1.7082 3.9941 2.4947
v  1.6504 4.1159 2.5856
v  1.6373 4.2626 2.6138
v  1.4253 4.2976 2.6212
v  1.2453 4.3855 2.6517
v  1.0907 4.2230 2.5480
v  1.4146 4.1295 2.5636
v  1.5029 3.9587 2.4292
v  1.2630 3.9904 2.3341
v  1.6507 3.8810 2.2466
v  1.0339 4.0011 2.1866
v  1.2840 3.9034 1.9682
v  1.4656 3.8889 2.1137
v  1.8155 3.8863 2.0553
v  1.6739 3.9024 1.8659
v  1.5150 3.9209 1.6901
v  1.9645 3.9725 1.9037
v  1.8748 4.0352 1.6415
v  2.0858 4.3017 1.4799
v  1.9535 4.2098 1.3875
v  1.8947 4.3296 1.0530
v  2.0697 4.1171 1.7855
v  1.6706 4.0436 1.3583
v  1.0830 7.1540 3.7475
v  1.1648 7.2621 3.7524
v  1.3313 7.2404 3.6912
v  1.4602 7.3370 3.6859
v  2.9587 7.3775 1.7826
v  2.8338 7.4181 1.5276
v  1.4135 7.1964 3.6974
v  1.7205 7.2552 3.6341
v  1.9722 7.2186 3.6051
v  2.8905 7.3065 2.4063
v  2.9438 7.3553 2.2412
v  2.9534 7.3656 2.0476
v  2.9446 7.5009 1.9312
v  2.9507 7.4443 2.0721
v  2.9437 7.4580 2.2306
v  2.8792 7.2220 2.7064
v  2.8562 7.2370 2.5481
v  2.4508 7.0450 3.2670
v  2.4228 7.1026 3.3157
v  2.3009 7.1450 3.4426
v  1.9271 7.7059 3.6194
v  1.8413 7.6128 3.6466
v  1.9904 7.5985 3.5865
v  2.0513 7.7236 3.5645
v  2.9052 7.4501 2.4146
v  2.8556 7.4293 2.5631
v  2.8337 7.4235 2.7054
v  2.8620 7.5731 2.5672
v  2.9108 7.5663 2.3957
v  2.8658 7.6863 2.5443
v  2.9133 7.6651 2.3556
v  2.8018 7.5771 2.7130
v  2.7372 7.4217 2.8606
v  2.7226 7.5816 2.8729
v  2.7979 7.2153 2.8893
v  2.6389 7.4055 3.0217
v  2.6351 7.5810 3.0472
v  2.8030 7.6985 2.7175
v  2.7295 7.7085 2.8841
v  2.4969 7.1040 3.2494
v  2.5415 6.9634 3.1696
v  2.5796 7.1231 3.1568
v  2.4681 7.2664 3.2757
v  2.5791 6.9742 3.1213
v  2.5361 7.3843 3.1813
v  2.5099 7.5739 3.2201
v  2.6269 6.9978 3.0642
v  2.6698 7.1558 3.0417
v  1.6949 7.4880 3.6685
v  1.8825 7.4562 3.6122
v  2.3544 7.3901 3.3414
v  2.1491 7.5947 3.5001
v  2.1928 7.7397 3.4794
v  2.6290 7.7706 3.0788
v  2.4996 7.7383 3.2467
v  2.3224 7.5640 3.3865
v  2.1548 7.1825 3.5433
v  2.1992 7.4176 3.4418
v  2.0550 7.4419 3.5347
v  1.4459 3.9124 1.3061
v  1.5415 4.0231 1.1063
v  1.3100 3.8791 1.5302
v  -0.2929 2.4484 1.2995
v  -0.0303 2.4935 1.2589
v  -0.0782 2.9349 1.4306
v  -0.3508 2.9233 1.4058
v  0.2615 2.5820 1.3784
v  0.1983 2.9558 1.5416
v  1.0049 3.2176 1.4763
v  0.7966 2.9835 1.4397
v  0.9436 2.8469 1.2945
v  1.1550 3.1758 1.2688
v  1.1323 3.4747 1.4894
v  1.2705 3.5024 1.2446
v  1.0941 3.9176 1.7482
v  1.1936 3.7184 1.4765
v  1.3231 3.7657 1.2432
v  0.8632 3.9397 1.9458
v  0.9990 3.7429 1.6662
v  0.9538 3.4999 1.6852
v  0.5483 2.7400 1.4398
v  0.4654 3.0381 1.5725
v  0.7075 3.1404 1.6137
v  0.8610 3.2815 1.6541
v  0.6885 3.3202 1.7287
v  0.7242 3.5552 1.7873
v  0.4409 3.3332 1.7218
v  0.1634 3.3543 1.6707
v  -0.1272 3.3833 1.5934
v  -0.4198 3.3958 1.5326
v  -0.1704 3.8192 1.7049
v  -0.4763 3.8598 1.6084
v  0.7650 3.8047 1.7815
v  0.4517 3.6313 1.7902
v  0.4957 3.8981 1.8497
v  0.1453 3.7133 1.7864
v  -0.1981 4.3383 1.7190
v  -0.5425 4.3234 1.6364
v  0.1665 4.0374 1.8757
v  0.5841 4.0695 2.0499
v  0.2479 4.2611 2.0653
v  -0.1036 4.5509 2.0209
v  0.7305 4.2248 2.3918
v  -0.0189 4.6790 2.4011
v  0.3419 4.4302 2.4049
v  0.8357 4.5042 2.6811
v  0.4896 4.6749 2.6990
v  0.1760 4.8984 2.7031
v  0.8689 4.8350 2.8926
v  0.6361 4.9454 2.9072
v  0.4010 5.1476 2.9432
v  0.9685 5.0769 3.0328
v  0.6857 5.3723 3.1478
v  0.7685 5.1258 3.0383
v  0.3287 5.6607 3.1762
v  0.3644 2.3457 1.1683
v  0.6513 2.5139 1.2214
v  0.5195 2.2272 1.0611
v  0.6811 2.1465 1.1495
v  0.8717 2.4107 1.1982
v  -0.2370 2.0908 1.2380
v  0.0562 2.1343 0.9928
v  -0.1906 1.7580 1.2260
v  -0.0237 1.7372 0.9343
v  0.3651 1.9488 0.9963
v  0.5195 1.8474 1.1433
v  0.7236 1.8670 1.1785
v  0.7971 2.0888 1.1766
v  0.2899 1.7356 0.9918
v  -0.0976 1.4688 1.2312
v  0.0630 1.4681 1.0431
v  0.2605 1.5120 1.0821
v  0.4267 1.5784 1.2294
v  0.2171 1.4038 1.1659
v  0.1165 1.3732 1.1508
v  -0.4211 1.7726 1.2365
v  -0.4695 2.0809 1.2114
v  -0.5286 2.4570 1.2290
v  -0.6067 2.9331 1.3074
v  -0.6937 3.4067 1.4107
v  -0.7631 3.8654 1.4904
v  -0.8218 4.3032 1.5434
v  -1.1437 5.2515 1.2668
v  -1.1485 5.1438 1.1184
v  -1.0740 5.1662 1.3936
v  -1.0825 5.3219 1.3986
v  -0.8792 4.7237 1.5683
v  -1.0505 4.7035 1.3683
v  -1.0273 4.2979 1.3216
v  -1.1574 4.7333 1.0329
v  -1.1410 4.9524 1.0960
v  -1.0655 4.9581 1.3854
v  0.5286 3.7253 -1.3289
v  -0.0006 3.7083 -1.2566
v  0.0350 3.9584 -1.1737
v  0.5846 4.0395 -1.1820
v  1.0524 3.6897 -1.2992
v  1.0844 3.9463 -1.0993
v  -0.9154 4.9951 1.5762
v  -0.9401 5.2874 1.5820
v  -1.0043 5.4555 1.5271
v  -0.9360 5.5508 1.6314
v  -1.0707 5.6111 1.5501
v  -0.9692 5.8033 1.6795
v  -0.6710 4.7684 1.6564
v  -0.5022 4.8503 1.7322
v  -0.7729 5.0191 1.6626
v  -0.7343 5.2544 1.7383
v  -0.4947 4.9325 2.0374
v  -0.3391 5.0044 2.3895
v  -0.6281 5.3180 2.1258
v  -0.6512 5.3079 1.9412
v  -0.1134 5.1862 2.6866
v  -0.5247 5.7162 2.4824
v  -0.6117 5.7150 2.3178
v  -0.5422 5.3994 2.3727
v  -0.3165 5.4861 2.6510
v  0.1286 5.4187 2.9463
v  0.0279 6.0261 3.1449
v  -0.0953 5.6964 2.8987
v  -0.3952 5.7498 2.6467
v  -0.2995 5.8584 2.8331
v  -0.6747 5.6496 2.1075
v  -0.7300 5.6434 1.9226
v  -0.8263 5.5938 1.7671
v  -0.8670 5.7654 1.7866
v  1.4829 3.8840 1.0029
v  1.6496 4.2745 0.8100
v  1.7221 4.6753 0.4244
v  1.6812 5.1595 0.0742
v  1.5573 5.8577 -0.1100
v  1.8465 5.9446 0.0275
v  1.5683 5.5426 -0.0720
v  1.9335 5.5996 0.0918
v  1.4189 5.4805 -0.1572
v  1.3432 5.4464 -0.2910
v  1.3877 5.7350 -0.2078
v  1.6016 4.8998 -0.1362
v  1.5142 4.6955 -0.3256
v  1.2234 5.1670 -0.4684
v  1.5862 5.0556 -0.0064
v  1.7316 4.5548 0.3059
v  1.5146 3.5810 1.0322
v  1.6783 4.1310 0.6940
v  1.7597 4.1833 -0.0930
v  1.8096 4.2851 0.2182
v  1.7612 3.8025 0.6815
v  1.8694 3.7296 0.4573
v  1.6647 3.2548 0.9018
v  1.4108 3.1291 1.1050
v  1.5072 2.9085 1.0134
v  1.1302 2.7268 1.2038
v  1.4433 2.4621 0.9819
v  1.6033 2.2937 0.8557
v  1.7954 2.6115 0.6866
v  1.6550 2.7778 0.8764
v  1.0244 2.2484 1.1610
v  0.9426 1.9378 1.1079
v  1.2820 2.5681 1.1068
v  1.2965 2.0802 1.0046
v  1.2524 2.2622 1.0541
v  -1.1650 4.3245 0.9543
v  -0.9756 3.8691 1.2586
v  -0.8924 3.4149 1.1746
v  -0.7925 2.9344 1.0778
v  -0.6894 2.4632 0.9919
v  -0.6193 2.0856 0.9377
v  -0.5789 1.7920 0.9421
v  -0.8590 1.8192 0.8573
v  -0.8488 2.0872 0.8341
v  -1.0741 1.8665 0.8907
v  -1.0085 2.1245 0.8295
v  -1.0873 3.8569 0.9200
v  -1.2320 4.5948 0.7874
v  -1.2950 4.4829 0.4880
v  -1.2894 4.1778 0.5008
v  -1.3079 4.2836 0.2648
v  -1.3018 3.8764 0.0150
v  -1.2336 4.0723 -0.1101
v  -1.2280 3.6826 -0.5047
v  -1.0900 3.8793 -0.5522
v  -0.8505 3.7322 -0.9204
v  -0.9918 3.5364 -0.9631
v  -0.9150 2.3907 0.8461
v  -0.9554 2.9011 0.8232
v  -0.9888 3.4026 0.8534
v  -1.2319 3.7580 0.5537
v  2.9705 2.6515 0.7598
v  2.9415 2.7138 0.6622
v  2.8217 2.7235 0.7077
v  2.8107 2.6556 0.8107
v  2.9729 2.5405 0.9314
v  2.8149 2.5472 0.9673
v  2.9772 2.4361 1.1130
v  2.8174 2.4464 1.1427
v  3.0592 2.1573 1.8957
v  3.1528 2.2459 1.8845
v  3.0462 2.2313 1.8561
v  2.8779 2.2263 1.8548
v  2.8379 2.1899 1.9186
v  2.7938 2.3056 1.9161
v  2.6184 2.1589 1.9359
v  2.5628 2.3051 1.9454
v  2.7416 2.6247 1.0190
v  2.7390 2.5229 1.1924
v  2.7363 2.7285 0.8602
v  2.5549 2.6335 1.0281
v  2.5561 2.5391 1.2342
v  2.3537 2.6405 1.0486
v  2.3663 2.5317 1.2659
v  2.5582 2.7309 0.8609
v  2.3424 2.7428 0.8733
v  2.5544 2.8382 0.7000
v  2.3252 2.8672 0.7129
v  2.7665 2.8256 0.7006
v  2.5492 2.9594 0.5417
v  2.3173 2.9989 0.5361
v  2.7696 2.9422 0.5197
v  3.0980 2.5770 0.9483
v  3.1053 2.4697 1.1332
v  3.0943 2.6924 0.7631
v  3.0285 2.7974 0.6111
v  3.0301 2.9168 0.4438
v  3.2987 2.4427 1.1162
v  3.3063 2.5376 0.9292
v  3.3224 2.6476 0.7376
v  3.3168 2.7586 0.5505
v  3.3075 2.8816 0.3759
v  -1.2300 1.8836 0.7895
v  -1.1437 2.1592 0.6967
v  -1.0802 2.4462 0.6315
v  -1.0576 2.8790 0.5765
v  -1.1385 3.3293 0.5707
v  -1.2801 3.1904 0.3039
v  -1.1731 2.8106 0.3947
v  -1.9441 2.1402 0.0689
v  -1.7412 1.9765 0.2757
v  -1.4725 2.3224 0.2330
v  -1.5791 2.4932 0.0871
v  -1.3632 1.8852 0.6506
v  -1.2675 2.1744 0.5463
v  -1.3515 2.2069 0.3815
v  -1.5557 1.8985 0.4859
v  -1.2901 2.5738 0.3042
v  -1.3458 2.7613 0.2190
v  -1.1802 2.4423 0.4667
v  -1.2589 2.4221 0.3740
v  -1.7438 2.6857 -0.0275
v  -2.1736 2.3808 -0.0037
v  -1.4655 2.9759 0.0964
v  -1.3610 3.5201 0.0835
v  -0.4962 3.6772 -1.1577
v  -0.6467 3.3783 -1.3220
v  -0.0195 3.4207 -1.5001
v  -0.0203 3.0857 -1.7560
v  0.0258 2.7987 -1.9236
v  -0.6583 2.7466 -1.7898
v  -0.6389 3.0099 -1.6086
v  0.5094 3.4063 -1.5324
v  0.5070 3.0842 -1.7667
v  0.5138 2.8169 -1.9147
v  1.0245 3.4121 -1.5346
v  0.9755 2.8715 -1.9077
v  1.0008 3.1158 -1.7634
v  1.6089 3.3575 -1.4570
v  1.6199 3.5709 -1.1653
v  1.5708 2.9115 -1.8397
v  1.5800 3.1158 -1.7012
v  -2.9674 2.4612 -0.5992
v  -3.0470 2.2385 -0.1698
v  -2.7150 2.3908 -0.1509
v  -2.6907 2.5946 -0.5080
v  -2.2732 2.6048 -0.1920
v  -1.8408 2.8621 -0.2059
v  -1.3883 3.4421 -0.4897
v  -1.5467 3.1518 -0.1228
v  -2.5826 2.5711 -1.1298
v  -2.4088 2.6951 -0.9657
v  -2.2682 2.7637 -0.4814
v  -2.1536 2.8228 -0.7936
v  -1.8538 2.9784 -0.4879
v  3.2065 1.7011 1.6764
v  3.1878 1.6902 1.8344
v  3.0571 1.4656 1.8260
v  3.0359 1.4211 1.7001
v  3.3413 1.9622 1.8465
v  3.3478 1.9632 1.7025
v  3.5039 2.3662 1.0896
v  3.5338 2.4545 0.8991
v  3.5886 2.5564 0.6640
v  3.5765 2.6789 0.4804
v  3.5576 2.8104 0.2988
v  3.6307 2.5846 0.3988
v  3.6151 2.7249 0.2188
v  3.6075 2.8526 0.0486
v  3.6510 2.7159 0.1610
v  3.6916 2.8160 0.0352
v  3.6439 2.6505 0.1785
v  3.6754 2.7527 -0.0005
v  3.7135 2.8580 -0.1582
v  3.7417 2.9354 -0.1077
v  3.7489 3.0107 -0.2509
v  3.7294 2.9231 -0.2948
v  3.7438 3.0677 -0.4127
v  3.7354 2.9737 -0.4394
v  3.7143 3.0720 -0.5779
v  3.7266 2.9935 -0.5889
v  3.7025 2.9959 -0.7372
v  3.6570 3.0468 -0.7570
v  3.6468 2.9387 -0.8650
v  3.6120 2.9919 -0.9351
v  3.4504 2.1485 1.7396
v  3.4304 2.1233 1.8645
v  3.3651 2.0127 1.4909
v  3.4540 2.1993 1.5443
v  3.4787 2.2799 1.3260
v  3.2957 2.3306 1.3528
v  3.3018 2.2266 1.7546
v  3.2999 2.1963 1.8839
v  3.2976 2.2687 1.5645
v  3.1185 2.3680 1.3755
v  3.1481 2.2635 1.7567
v  3.1337 2.2997 1.5755
v  2.9952 2.3433 1.3589
v  3.0323 2.2558 1.7433
v  3.0126 2.2833 1.5612
v  2.8626 2.2442 1.7352
v  2.8273 2.3483 1.3678
v  2.8398 2.2846 1.5622
v  2.7749 2.3292 1.7841
v  2.7490 2.4369 1.4159
v  2.7577 2.3745 1.6115
v  2.5672 2.3641 1.8271
v  2.5625 2.4521 1.4482
v  2.5605 2.3936 1.6397
v  2.3826 2.4537 1.4948
v  2.3965 2.3992 1.6841
v  2.4171 2.3549 1.8302
v  2.4525 2.0250 1.9310
v  2.3426 2.2843 1.9417
v  2.3075 2.2876 1.7184
v  3.4061 2.1000 1.2647
v  3.4517 2.1917 1.0381
v  3.4873 2.2915 0.8304
v  3.5232 2.3866 0.6052
v  3.5716 2.4594 0.3607
v  3.5937 2.5544 0.1269
v  3.6194 2.6526 -0.0705
v  3.6471 2.7484 -0.2380
v  3.6655 2.8189 -0.3800
v  3.6613 2.8959 -0.6806
v  3.6707 2.8621 -0.5061
v  3.5431 2.9412 0.1088
v  3.5996 2.9580 -0.0995
v  3.5924 3.0418 -0.2449
v  3.5841 3.0926 -0.4163
v  3.5658 3.0955 -0.5880
v  3.5317 3.0750 -0.7708
v  3.5064 3.0211 -0.9510
v  3.5696 2.9290 -1.0667
v  3.4800 2.9561 -1.0948
v  3.3066 3.0171 0.1975
v  3.5299 3.0431 -0.0460
v  3.5128 3.1206 -0.2062
v  3.5075 3.1776 -0.3987
v  3.5030 3.1921 -0.6033
v  3.4787 3.1654 -0.8025
v  3.4523 3.0983 -0.9975
v  3.4147 3.0133 -1.1494
v  3.3003 3.1238 0.0204
v  3.0351 3.0485 0.2550
v  2.7803 3.0884 0.3073
v  2.5460 3.1287 0.3260
v  2.3177 3.1833 0.3152
v  3.2888 3.1948 -0.1679
v  3.0384 3.1706 0.0666
v  2.7916 3.2120 0.1055
v  2.5593 3.2692 0.1294
v  3.2905 3.2567 -0.3754
v  3.0443 3.2748 -0.1246
v  2.8052 3.3198 -0.0891
v  2.5834 3.3797 -0.0570
v  3.2901 3.2769 -0.6006
v  3.0501 3.3375 -0.3480
v  2.8164 3.3898 -0.3193
v  2.6026 3.4510 -0.2868
v  3.2688 3.2402 -0.8241
v  3.0532 3.3599 -0.5966
v  2.8213 3.4138 -0.5884
v  2.6155 3.4981 -0.5800
v  3.2340 3.1627 -1.0337
v  3.0413 3.3239 -0.8513
v  2.8165 3.3856 -0.8774
v  2.5967 3.4296 -0.9079
v  2.4331 3.5401 -0.5873
v  2.4051 3.4685 -0.9519
v  2.1466 3.2789 -1.3300
v  2.1937 3.4320 -0.9998
v  3.1898 3.0678 -1.2072
v  3.0122 3.2275 -1.0811
v  2.7902 3.2691 -1.1341
v  2.5533 3.2928 -1.2087
v  2.1000 3.0929 -1.5822
v  2.3341 3.3040 -1.2944
v  2.9819 3.1063 -1.2681
v  2.7701 3.1243 -1.3352
v  2.5253 3.1358 -1.4358
v  2.2888 3.1326 -1.5462
v  2.4165 3.5057 -0.2800
v  2.3726 3.4221 -0.0684
v  2.3307 3.3326 0.1238
v  2.9028 1.3555 0.9351
v  2.8519 1.2585 1.1382
v  2.7874 1.1854 0.9451
v  -2.8582 1.9211 0.0920
v  -3.0389 2.0393 -0.2889
v  -2.9307 1.7811 0.0189
v  -2.9225 2.2294 -0.6098
v  -2.5104 2.3448 -1.0717
v  -1.8499 2.4306 -1.4402
v  -1.9224 2.6542 -1.5437
v  -1.3006 2.7040 -1.7191
v  -1.2356 2.5049 -1.5845
v  -0.6144 2.5816 -1.6339
v  0.0579 2.6285 -1.7223
v  0.5179 2.6667 -1.7429
v  0.9843 2.7138 -1.7342
v  1.5813 2.7494 -1.6863
v  3.3789 2.9595 -1.2259
v  3.1730 2.9800 -1.3137
v  2.9779 2.9962 -1.3927
v  2.7778 3.0016 -1.4734
v  2.5223 3.0094 -1.5742
v  2.2995 3.0249 -1.6554
v  2.1588 2.9503 -1.7039
v  2.1646 2.7801 -1.5622
v  2.4939 2.9135 -1.5830
v  2.7573 2.9101 -1.4587
v  2.9607 2.9117 -1.3694
v  3.1589 2.9024 -1.2815
v  3.4321 2.8971 -1.1739
v  2.4769 2.7931 -1.4357
v  2.7271 2.8012 -1.3268
v  2.9368 2.8037 -1.2397
v  3.1310 2.7883 -1.1427
v  3.3436 2.0243 0.9885
v  3.3843 2.1446 0.7820
v  3.4261 2.2490 0.5536
v  3.4873 2.3464 0.2914
v  3.5133 2.4525 0.0486
v  3.5346 2.5469 -0.1570
v  3.5971 2.7368 -0.5106
v  3.5820 2.7877 -0.7486
v  3.5639 2.6397 -0.3290
v  3.4831 2.5901 -0.5711
v  3.4739 2.5279 -0.4047
v  3.5670 2.8632 -0.9923
v  3.5261 2.8660 -1.1002
v  3.3856 2.7706 -1.0306
v  3.4880 2.7430 -0.9315
v  3.4763 2.6584 -0.7664
v  3.3022 1.9201 1.2084
v  3.0774 1.5131 1.3989
v  3.2420 1.7727 1.4074
v  3.2178 1.7824 1.1752
v  3.1109 1.6214 1.1534
v  3.0123 1.4719 1.1206
v  2.5101 0.8900 1.1692
v  2.0965 0.6115 1.3842
v  2.0554 0.5349 1.1711
v  2.4760 0.8286 0.9429
v  2.7503 1.1978 0.7139
v  2.8969 1.4066 0.7596
v  3.0226 1.5497 0.8744
v  3.1148 1.6837 0.9373
v  3.2196 1.8698 0.9289
v  3.2864 2.0236 0.7457
v  3.3253 2.1296 0.5218
v  3.3930 2.2539 0.2261
v  3.4127 2.3650 -0.0289
v  3.4211 2.4435 -0.2623
v  3.3752 2.4514 -0.4350
v  3.3450 2.4866 -0.5723
v  3.2762 2.5613 -0.7794
v  3.0560 2.6089 -0.9300
v  2.8787 2.6328 -1.0322
v  2.6869 2.6393 -1.1201
v  2.4641 2.6330 -1.2133
v  2.1589 2.6015 -1.3272
v  1.5823 2.5760 -1.4591
v  0.9947 2.5812 -1.5100
v  0.5095 2.5506 -1.5197
v  0.0365 2.5016 -1.5016
v  -0.5937 2.4584 -1.4382
v  -1.1829 2.3527 -1.3770
v  -1.7847 2.2456 -1.2535
v  -2.4125 2.1476 -0.9755
v  -2.8124 2.0117 -0.6316
v  -2.9304 1.8648 -0.3549
v  -2.8684 1.6593 -0.0738
v  -2.7161 1.4843 0.3501
v  -2.6948 1.3667 0.2562
v  -2.3551 1.1194 0.7512
v  -2.3760 0.9629 0.6554
v  -2.0360 0.6432 0.9692
v  -1.9647 0.7941 1.1212
v  -1.5698 0.3562 1.1848
v  -1.4514 0.4939 1.3396
v  1.5804 0.4028 1.5265
v  1.5859 0.3370 1.3100
v  -1.9380 0.6226 0.8113
v  -1.4651 0.3396 1.0044
v  -2.2632 0.9162 0.5419
v  -2.5146 1.3225 0.1823
v  -2.6578 1.6313 -0.1161
v  -2.6977 1.8290 -0.3656
v  -2.6062 1.9595 -0.5662
v  -2.4476 1.8699 -0.3906
v  -2.2612 2.1027 -0.7923
v  -1.6865 2.2759 -0.9696
v  -1.1241 2.3666 -1.0692
v  -0.5545 2.4299 -1.1665
v  0.0346 2.5101 -1.2300
v  0.5037 2.5600 -1.2539
v  0.9749 2.5752 -1.2248
v  1.5766 2.6288 -1.0812
v  2.1207 2.6767 -1.0285
v  2.4254 2.6654 -0.9474
v  2.6374 2.6354 -0.8790
v  2.8120 2.5962 -0.8100
v  2.9438 2.5672 -0.7282
v  3.2031 2.4818 -0.4466
v  3.0897 2.5255 -0.5957
v  2.9481 2.5677 -0.3923
v  3.2252 2.4470 -0.2259
v  3.2413 2.2803 0.2158
v  3.2442 2.3959 -0.0405
v  3.1733 2.1460 0.5150
v  3.1180 2.0477 0.7339
v  3.0566 1.9099 0.8343
v  2.9962 1.7678 0.8507
v  2.9090 1.6524 0.8120
v  2.7751 1.5097 0.7097
v  2.6424 1.2835 0.5856
v  -1.2432 2.9447 -1.4724
v  -1.1969 3.2699 -1.0706
v  -1.8266 2.8312 -1.2746
v  -1.6962 3.0299 -0.8705
v  -1.5961 3.1849 -0.4803
v  -2.5867 2.0400 0.0698
v  -2.6486 1.6248 0.4268
v  -1.4473 1.6920 0.7323
v  -1.7071 1.6875 0.6554
v  -0.8575 1.6440 0.9347
v  -1.0541 1.5985 0.9974
v  -2.0130 1.7475 0.4086
v  -2.2655 1.8671 0.1485
v  -2.4292 1.7234 0.3909
v  -1.3827 1.6404 0.8793
v  -0.7136 1.5582 1.0722
v  -0.5972 1.5927 0.9977
v  -2.2912 1.2979 0.8496
v  -1.8823 1.0031 1.2213
v  -1.3322 0.7038 1.4786
v  1.5596 0.5552 1.7210
v  0.9090 0.4257 1.7559
v  0.9748 0.2269 1.6104
v  2.1299 0.7362 1.6028
v  2.5402 0.9872 1.3657
v  2.9264 1.3352 1.2855
v  2.9605 1.3522 1.5271
v  2.9820 1.3502 1.6452
v  2.7379 1.4744 1.3163
v  2.6649 1.4594 1.1029
v  2.8215 1.5795 1.8575
v  2.6620 1.7588 1.8776
v  2.6353 1.7065 1.6825
v  2.7956 1.5154 1.6843
v  2.8207 1.9505 1.8905
v  3.0722 1.7557 1.8512
v  2.9462 1.4699 1.8403
v  3.1997 2.0408 1.8686
v  2.9774 1.8219 1.8659
v  2.9296 1.3899 1.6929
v  2.7874 1.4864 1.5253
v  2.6241 1.6754 1.5207
v  2.5893 1.6641 1.3170
v  2.2286 2.8158 0.6605
v  2.2151 2.9521 0.4767
v  2.2448 2.6910 0.8331
v  2.2621 2.5687 1.0193
v  2.2844 2.4416 1.2429
v  2.2911 2.3517 1.4987
v  2.2526 2.5939 0.7613
v  2.2879 2.4364 0.9336
v  2.3279 2.2819 1.1641
v  2.2229 2.7068 0.6165
v  2.2091 2.7902 0.4843
v  2.2912 2.5483 0.5598
v  2.2923 2.4922 0.6894
v  2.3986 2.2211 0.6702
v  2.3478 2.3169 0.8092
v  2.4332 1.9842 1.6428
v  2.4106 2.0824 1.0730
v  2.3497 2.1739 1.4409
v  2.4257 2.0154 1.3788
v  2.5062 1.8198 1.5130
v  2.4962 1.8259 1.3414
v  -1.7153 1.1963 1.1684
v  -1.1930 0.9235 1.4212
v  -0.7523 0.4941 1.6458
v  -0.6670 0.7427 1.5840
v  -0.1393 0.6592 1.6195
v  -0.1255 0.4116 1.6527
v  0.3362 0.6472 1.6577
v  0.3763 0.3979 1.7018
v  0.8398 0.6940 1.7001
v  1.4383 0.8120 1.6413
v  1.9889 0.9800 1.5016
v  2.3876 1.1986 1.3222
v  -2.1079 1.4799 0.8695
v  -2.1213 1.6563 0.6125
v  -1.8226 1.6068 0.8508
v  -1.8286 1.5071 0.9795
v  -1.4035 1.5233 1.0933
v  -1.5501 1.3745 1.1395
v  -1.0590 1.1441 1.3345
v  -0.5849 0.9878 1.4862
v  -0.1372 0.9021 1.5059
v  0.3110 0.8969 1.5367
v  0.7776 0.9826 1.5872
v  1.3002 1.0898 1.5142
v  1.8090 1.2699 1.4116
v  2.2027 1.4775 1.2718
v  -0.4044 1.5099 1.2599
v  -1.0387 1.5151 1.1301
v  -0.5220 1.1810 1.3323
v  -0.9255 1.3385 1.2639
v  -0.6483 1.5238 1.1873
v  -0.9040 1.4473 1.2143
v  -0.6560 1.4541 1.2511
v  -0.4783 1.3283 1.2758
v  0.0029 1.2961 1.2599
v  0.2967 1.1326 1.4013
v  0.3153 1.3769 1.3085
v  -0.1171 1.1222 1.3653
v  0.6699 1.6110 1.2263
v  0.7043 1.2347 1.4550
v  0.6592 1.4515 1.3741
v  0.9310 1.6777 1.1169
v  1.1654 1.3635 1.4050
v  1.0236 1.5284 1.2722
v  1.3957 1.8631 0.9964
v  1.6721 1.5467 1.2883
v  1.5234 1.6777 1.1083
v  1.7282 2.0685 0.7135
v  2.4993 1.8540 1.1119
v  2.4580 1.9837 0.8507
v  2.4944 1.8673 0.9682
v  2.5773 1.6710 1.0264
v  2.0782 1.6791 1.1475
v  2.4341 1.7798 0.9688
v  2.4333 1.8764 0.7643
v  1.9898 1.8052 0.8830
v  0.8871 4.3162 -0.9938
v  1.1728 4.1138 -0.9136
v  1.1069 4.7666 -0.5961
v  1.3562 4.4510 -0.4998
v  1.0265 4.5493 -0.7602
v  1.2553 4.2647 -0.6839
v  1.5439 3.7943 -0.8698
v  1.6222 3.9938 -0.3356
v  1.5830 3.8577 -0.5550
v  2.2086 3.5104 -0.6118
v  2.2775 3.4628 -0.2972
v  2.4283 2.1599 0.5317
v  2.1778 2.1707 0.5433
v  2.3269 2.5200 0.4200
v  2.2127 2.8319 0.3455
v  2.2104 3.0962 0.2260
v  2.2082 3.2717 0.0617
v  2.2404 3.4114 -0.1090
v  2.0539 3.4940 -0.3051
v  2.1394 3.3994 -0.1293
v  2.0871 3.2785 0.0071
v  2.1028 2.8379 0.2986
v  2.0838 3.0938 0.1582
v  1.8745 3.4210 -0.0583
v  1.9269 3.0906 0.1752
v  1.9208 2.8473 0.2682
v  1.9111 3.6322 0.1998
v  1.8144 3.1876 0.6916
v  1.9066 3.1969 0.4293
v  1.8842 2.9860 0.5239
v  1.9292 2.4262 0.4523
v  2.1598 2.5034 0.4139
v  2.8896 1.8207 0.8171
v  2.8151 1.7459 0.7699
v  2.6909 1.6174 0.6534
v  2.9123 1.9467 0.8128
v  2.7973 1.9042 0.7318
v  2.9474 2.1387 0.7603
v  2.7949 2.1057 0.6601
v  2.6669 1.7780 0.5585
v  2.9834 2.3066 0.5730
v  2.7831 2.3332 0.5308
v  2.6526 1.9662 0.4539
v  3.0140 2.4360 0.2668
v  2.7822 2.5608 0.3218
v  2.6193 2.1911 0.3355
v  3.0209 2.5297 -0.0883
v  2.5948 2.4519 0.1936
v  2.7542 2.6924 0.0507
v  2.5825 2.7131 0.0680
v  2.6588 2.7111 -0.2044
v  2.5715 2.6963 -0.6140
v  2.7862 2.6245 -0.5705
v  2.3705 2.7558 -0.6457
v  2.4662 2.8527 -0.2397
v  2.4083 2.7017 -0.0051
v  2.3542 2.4255 0.0536
v  2.2900 2.9017 -0.2596
v  2.2604 2.7001 -0.0399
v  2.0102 2.8898 -0.2809
v  1.9931 2.6792 -0.0593
v  2.3923 2.0866 0.1967
v  2.0339 2.3570 0.0546
v  1.6443 2.6238 -0.1015
v  1.6800 2.2634 0.0391
v  2.4234 1.8222 0.3418
v  2.0685 2.0125 0.1982
v  1.7127 1.8930 0.1929
v  2.0679 1.6542 0.3830
v  1.7353 1.6075 0.4155
v  2.4783 1.6116 0.4503
v  2.0903 1.0953 0.7981
v  1.7877 0.8849 0.9872
v  1.6375 1.0631 0.8901
v  1.9445 1.2615 0.7048
v  2.5405 1.4301 0.5356
v  2.3216 0.9980 0.7828
v  2.2108 1.4359 0.5290
v  2.3062 1.2463 0.6446
v  1.9375 0.6919 1.0476
v  1.8123 1.4320 0.5670
v  1.5006 1.2572 0.7596
v  -1.2015 0.3826 0.8363
v  -1.0397 0.1809 0.9047
v  -1.1657 0.1779 1.0781
v  -1.6113 0.7818 0.7608
v  -1.9365 1.0805 0.5090
v  -2.1753 1.3919 0.1696
v  -2.3335 1.6723 -0.1224
v  -2.0728 2.0099 -0.4852
v  -1.5700 1.2164 0.4351
v  -1.3349 0.9072 0.6322
v  -1.7687 1.5087 0.1553
v  -1.9290 1.7844 -0.1418
v  -1.5561 2.2316 -0.5745
v  -1.4409 1.9350 -0.1906
v  -1.3282 1.6173 0.0960
v  -1.2097 1.3093 0.3300
v  -1.1108 0.9493 0.4663
v  -1.0785 0.5716 0.6011
v  -0.9919 0.3184 0.6012
v  -0.9310 0.1768 0.6376
v  1.6387 2.9011 -0.3230
v  2.0797 2.7950 -0.6831
v  1.7246 2.7485 -0.7277
v  1.3981 2.7329 -0.3837
v  1.3769 2.6314 -0.7463
v  0.9209 2.6091 -0.9285
v  0.5040 2.5745 -0.9941
v  0.0469 2.5524 -0.9479
v  -0.4891 2.4591 -0.8497
v  -0.9992 2.3540 -0.6308
v  -0.9893 2.0289 -0.2243
v  -0.9360 1.6884 0.0134
v  -0.8871 1.3470 0.1623
v  -0.8372 0.9765 0.2662
v  -0.8156 0.5905 0.3196
v  -0.8406 0.3482 0.2993
v  1.5169 0.4214 1.0999
v  1.4803 0.6357 1.0102
v  1.2173 0.1837 1.1124
v  1.2918 0.3833 0.8356
v  1.1940 0.1915 0.8426
v  1.3456 0.8386 0.9801
v  1.2858 0.6369 0.7841
v  -0.7400 0.5925 0.0010
v  -0.7453 0.3545 -0.0104
v  -0.7408 0.9506 -0.0337
v  -0.6779 0.5801 -0.3266
v  -0.6872 0.3446 -0.3331
v  -0.5222 0.5754 -0.6195
v  -0.5213 0.3456 -0.6320
v  -0.2607 0.5811 -0.8242
v  -0.2590 0.3527 -0.8489
v  0.0829 0.5768 -0.8987
v  0.0791 0.3503 -0.9460
v  0.4362 0.3509 -0.9498
v  0.4326 0.5861 -0.9053
v  0.7843 0.3454 -0.8682
v  0.7794 0.5851 -0.8334
v  1.0759 0.3432 -0.6309
v  1.0891 0.5685 -0.6232
v  1.2746 0.3373 -0.2551
v  1.2836 0.5398 -0.2462
v  1.3210 0.3356 0.1660
v  1.3168 0.5317 0.1625
v  1.2471 0.3490 0.5243
v  1.2609 0.5650 0.5112
v  1.2447 1.0101 0.8034
v  1.3654 1.4489 0.5800
v  1.2818 0.9159 0.4764
v  1.3221 0.8900 0.1240
v  1.2847 0.8959 -0.2620
v  1.0852 0.9250 -0.6195
v  0.7658 0.9454 -0.8146
v  0.4199 0.9518 -0.8794
v  0.0764 0.9464 -0.8553
v  -0.2548 0.9393 -0.7833
v  -0.5293 0.9312 -0.6174
v  -0.7475 1.3118 -0.0943
v  -0.6821 0.9312 -0.3448
v  1.3277 1.7748 0.2801
v  1.2966 1.3785 0.3614
v  1.3235 1.3655 0.0406
v  1.3193 1.7613 -0.0217
v  1.2649 1.3678 -0.3121
v  1.0620 1.3636 -0.6365
v  0.7440 1.3626 -0.8139
v  0.3967 1.3574 -0.8442
v  0.0634 1.3455 -0.8118
v  -0.2542 1.3208 -0.7471
v  -0.5297 1.3008 -0.6156
v  -0.7388 1.6339 -0.1842
v  -0.6819 1.2919 -0.3710
v  -0.6731 1.9011 -0.3628
v  -0.6684 1.6080 -0.3943
v  -0.5216 1.6241 -0.6150
v  -0.2625 1.6557 -0.7457
v  0.0454 1.6932 -0.7973
v  0.3612 1.7219 -0.8304
v  0.7075 1.7398 -0.8244
v  1.0349 1.7575 -0.6741
v  1.3344 2.1092 -0.0332
v  1.2404 1.7729 -0.3607
v  1.3078 2.5039 -0.2470
v  1.1803 2.5129 -0.5697
v  0.8964 2.4795 -0.8010
v  0.5256 2.4276 -0.9006
v  0.1012 2.3916 -0.8427
v  -0.3278 2.3048 -0.7739
v  -0.5880 2.2117 -0.5451
v  -0.5033 1.8859 -0.6311
v  -0.4634 2.0731 -0.6714
v  -0.2550 1.9153 -0.7618
v  -0.2458 2.1180 -0.7862
v  1.2121 2.0857 -0.4185
v  1.1649 2.3470 -0.4978
v  0.9832 2.0555 -0.7106
v  0.9252 2.2889 -0.7568
v  0.6459 2.0235 -0.8391
v  0.5714 2.2352 -0.8710
v  0.3058 1.9864 -0.8310
v  0.1512 2.1596 -0.8247
v  0.0451 1.9551 -0.8003
v  -1.1524 0.1695 1.2812
v  -0.8491 0.2231 1.4911
v  -0.7128 0.1523 1.3270
v  -0.1164 0.1925 1.5526
v  -0.0804 0.1523 1.3539
v  0.4191 0.1957 1.5904
v  1.0513 0.1549 1.3732
v  0.4727 0.1526 1.3836
v  -0.8471 0.1802 0.2931
v  -0.7703 0.1781 -0.0255
v  -0.6915 0.1753 -0.3381
v  -0.5218 0.1775 -0.6340
v  -0.2584 0.1827 -0.8551
v  0.0788 0.1823 -0.9673
v  0.4359 0.1796 -0.9764
v  0.7804 0.1763 -0.8712
v  1.0649 0.1789 -0.6319
v  1.2630 0.1783 -0.2526
v  1.3230 0.1761 0.1681
v  1.2558 0.1855 0.5309
v  -1.1043 0.0826 1.0903
v  -1.0132 0.0786 0.9167
v  -0.9152 0.0731 0.6556
v  1.1839 0.0755 0.8509
v  1.1500 0.0793 1.1137
v  -1.0938 0.0804 1.2448
v  -0.7114 0.0810 1.2945
v  -0.0700 0.0793 1.3189
v  0.9612 0.0768 1.3254
v  0.4863 0.0783 1.3451
v  -0.8246 0.0714 0.2957
v  -0.7477 0.0700 -0.0147
v  -0.6831 0.0707 -0.3298
v  -0.5226 0.0709 -0.6362
v  -0.2657 0.0716 -0.8634
v  0.0793 0.0712 -0.9760
v  0.4355 0.0713 -0.9845
v  0.7834 0.0710 -0.8759
v  1.0697 0.0711 -0.6472
v  1.2705 0.0714 -0.2534
v  1.3181 0.0701 0.1785
v  1.2439 0.0745 0.5444
v  -1.0156 0.0270 0.9184
v  -1.1056 0.0284 1.0880
v  -0.9071 0.0264 0.6628
v  1.1528 0.0272 1.1136
v  1.1768 0.0266 0.8512
v  -1.0910 0.0277 1.2444
v  -0.7120 0.0278 1.2995
v  -0.0697 0.0272 1.3231
v  0.9607 0.0271 1.3252
v  0.4865 0.0270 1.3475
v  -0.8118 0.0265 0.2970
v  -0.7303 0.0263 -0.0079
v  -0.6717 0.0264 -0.3236
v  -0.5155 0.0263 -0.6312
v  -0.2634 0.0263 -0.8584
v  0.0808 0.0263 -0.9688
v  0.4343 0.0263 -0.9777
v  0.7801 0.0263 -0.8692
v  1.0640 0.0263 -0.6435
v  1.2645 0.0263 -0.2512
v  1.3065 0.0263 0.1801
v  1.2282 0.0268 0.5479
v  -0.5979 0.0192 0.9144
v  -0.5425 0.0192 0.6683
v  -0.1911 0.0192 0.5056
v  0.0727 0.0192 0.7518
v  1.0299 0.0192 1.1001
v  0.9116 0.0192 1.2807
v  0.5707 0.0192 1.0836
v  0.5003 0.0192 1.2780
v  -0.4537 0.0192 -0.6010
v  -0.2388 0.0192 -0.7913
v  -0.2429 0.0192 -0.5652
v  0.0629 0.0192 -0.5278
v  -0.0167 0.0192 -0.1620
v  0.3809 0.0192 -0.4751
v  0.3159 0.0192 -0.0908
v  -0.0822 0.0192 0.1872
v  0.2393 0.0192 0.3067
v  0.6577 0.0192 0.7663
v  1.0685 0.0192 0.8409
v  -0.0007 0.0192 1.0750
v  -0.9353 0.0192 0.9350
v  -0.6574 0.0192 1.0862
v  -1.0115 0.0193 1.0920
v  0.9721 0.0192 0.0998
v  0.9923 0.0192 -0.3038
v  1.1980 0.0192 -0.2462
v  1.2261 0.0192 0.1657
v  0.6485 0.0192 0.0052
v  0.6974 0.0192 -0.3972
v  -0.3424 0.0192 -0.2450
v  -0.5941 0.0192 -0.3033
v  1.1425 0.0192 0.5349
v  0.8756 0.0192 0.4807
v  0.5783 0.0192 0.3978
v  -0.6534 0.0192 0.0058
v  -0.4089 0.0192 0.0583
v  -0.4758 0.0192 0.3542
v  -0.7323 0.0192 0.3101
v  -0.8264 0.0192 0.6771
v  0.7533 0.0192 -0.7664
v  1.0274 0.0192 -0.5776
v  0.4224 0.0192 -0.8650
v  0.0848 0.0192 -0.8686
v  -0.6949 0.0193 1.2357
v  -1.0316 0.0193 1.2139
v  -0.0571 0.0192 1.2565
v  2.4761 7.8618 4.2183
v  2.5598 7.8851 4.2828
v  2.4537 7.8861 4.3344
v  2.4340 7.8794 4.2427
v  2.4014 7.8356 4.2498
v  2.3922 7.7578 4.1941
v  -0.8602 7.1911 2.8250
v  -0.9983 7.2806 2.9561
v  -1.0323 7.3546 2.8546
v  -0.8718 7.2966 2.7011
v  -1.0169 7.3860 2.6327
v  -1.0049 7.2342 2.5974
v  -0.8778 7.1924 2.6066
v  -0.7590 7.1083 2.6177
v  -0.6503 7.2360 2.6321
v  -0.7205 7.1716 2.7456
v  -1.0899 7.3817 2.7847
v  0.0931 5.3229 -1.4089
v  -0.1767 5.3041 -1.4120
v  0.1046 5.6181 -1.3550
v  0.1359 5.4657 -1.4064
v  0.3880 5.5333 -1.4543
v  0.3137 5.4410 -1.4832
v  0.2661 5.3311 -1.5028
v  -1.2344 9.1560 2.0302
v  -1.4366 8.9601 1.8491
v  -1.5414 8.8848 1.9966
v  -1.3143 9.0815 2.2425
v  -1.6448 8.7376 2.1347
v  -1.5182 8.8930 2.3461
v  -1.2641 8.8346 2.4368
v  -1.0900 8.9993 2.3840
v  2.6945 7.7114 3.3203
v  2.8094 7.7764 3.1224
v  2.8837 7.8272 3.3106
v  2.8118 7.7315 3.4813
v  2.9923 7.7558 3.1215
v  2.9865 7.9441 3.2982
v  -0.8787 4.6784 -1.2078
v  -0.8269 4.5888 -1.3471
v  -0.8770 4.3900 -1.2530
v  -1.0288 4.6253 -1.1097
v  -1.0274 4.9175 -1.1318
v  -0.9010 4.8753 -1.2347
v  -0.7818 4.8345 -1.3565
v  -1.2721 5.8828 -0.7277
v  -1.2890 5.7477 -0.7783
v  -1.3734 5.7075 -0.6788
v  -1.3000 5.8697 -0.5856
v  -1.1823 6.0198 -0.5611
v  -1.1588 5.9975 -0.7643
v  -1.2081 5.8174 -0.9013
v  2.0354 7.6667 -1.1503
v  1.8775 7.3910 -1.1048
v  1.7621 7.5736 -1.2393
v  1.9232 7.8087 -1.2041
v  0.7006 4.4235 -1.0201
v  0.6058 4.5522 -1.0413
v  0.3965 4.1612 -1.2177
v  0.2903 4.2438 -1.3145
v  -0.1498 4.0585 -1.3138
v  -0.2846 4.2020 -1.3807
v  0.0586 4.3558 -1.4106
v  0.3787 4.5430 -1.3859
v  0.4710 4.4559 -1.2996
v  0.6417 4.6971 -1.1298
v  -0.8708 7.1207 3.2196
v  -0.6627 7.0483 3.1231
v  -0.7069 7.1135 3.3463
v  -0.8330 7.1191 3.3451
v  -0.9459 7.1619 3.4840
v  -1.0614 7.1788 3.3582
v  -0.8087 7.1839 3.5610
v  0.2359 4.6572 -1.4558
v  -0.0879 4.5730 -1.4775
v  -0.0286 4.8634 -1.5569
v  0.2915 4.8980 -1.4861
v  -0.0919 5.0946 -1.5357
v  0.1848 5.1366 -1.4398
v  0.0002 7.4271 3.9995
v  0.0400 7.3126 3.9689
v  0.1652 7.4367 3.9428
v  0.1441 7.5395 4.0840
v  0.0819 7.5445 4.1945
v  -0.0142 7.5074 4.0843
v  -1.0991 6.1321 -0.5296
v  -1.2933 6.1422 -0.4378
v  -1.1812 6.2749 -0.4182
v  -1.1049 6.3235 -0.5874
v  -1.0596 6.1591 -0.6621
v  1.5322 8.3145 -1.1857
v  1.3988 8.1676 -1.2046
v  1.3304 8.4119 -1.1268
v  1.4382 8.4501 -1.1556
v  1.3604 8.5766 -0.9545
v  1.4924 8.5970 -1.0569
v  -1.4145 4.9808 -0.7833
v  -1.2298 5.1542 -0.8790
v  -1.1541 5.0153 -1.0137
v  -1.2763 4.8048 -1.0043
v  -1.5844 4.9385 -0.5698
v  -1.5013 5.0765 -0.5285
v  -1.4571 5.2448 -0.6907
v  -1.3342 4.6299 -0.8955
v  -1.4809 4.7757 -0.7285
v  -1.2651 5.3478 -0.8096
v  -1.8430 8.1792 1.0872
v  -1.8965 8.1248 1.0691
v  -1.9093 8.0905 1.1721
v  -1.7793 8.2387 1.2744
v  -1.8531 8.1482 0.9443
v  -1.9617 8.0601 0.9767
v  -1.6965 8.3311 1.1312
v  -0.7498 6.9154 2.3467
v  -0.7741 6.7981 2.3522
v  -0.6728 6.7904 2.3962
v  -0.6332 6.8796 2.3546
v  -0.6428 6.9374 2.3872
v  -0.7093 7.0215 2.3752
v  -0.7113 6.8722 2.4681
v  -1.3462 8.0394 3.4023
v  -1.1509 8.1970 3.4550
v  -1.2086 8.2566 3.2638
v  -1.4022 8.0870 3.2474
v  -1.3231 8.0771 3.6150
v  -1.1034 8.1327 3.6122
v  -1.3600 7.8434 3.1467
v  -1.4986 7.8282 3.1259
v  -1.2901 7.8997 3.3941
v  -1.3852 7.9466 3.5926
v  -1.2408 7.8384 3.1325
v  3.4047 7.9668 1.3837
v  3.5863 7.9220 1.4270
v  3.5312 7.8115 1.4110
v  3.3689 7.8204 1.4078
v  3.3110 7.7119 1.3434
v  3.3743 7.8347 1.3437
v  3.3018 7.9174 1.3016
v  -1.7742 5.4978 0.0073
v  -1.8014 5.5249 -0.1156
v  -1.8148 5.4033 -0.0984
v  -1.7766 5.3461 0.0191
v  -1.8044 5.3723 -0.1884
v  -1.8044 5.2381 -0.1076
v  -1.7553 5.1332 0.0074
v  -1.8351 5.2298 0.1308
v  -1.8851 5.4511 0.1032
v  -1.9488 5.3751 0.2062
v  -1.9978 7.8802 0.7628
v  -2.0374 7.7321 0.9336
v  -1.8736 7.5593 0.6875
v  -1.9376 7.5864 0.9462
v  -1.9857 7.3977 0.7725
v  -2.0280 7.4807 0.9459
v  -1.8101 7.2892 0.4850
v  -1.9854 7.2152 0.6534
v  0.5469 9.6411 3.0494
v  0.4730 9.7779 2.6902
v  0.2415 9.6357 2.6826
v  0.3288 9.4340 3.0463
v  0.0265 9.3491 3.1942
v  0.1656 9.2431 3.4735
v  0.4364 9.3465 3.3603
v  0.6779 9.4138 3.2808
v  1.3872 7.2455 -1.3670
v  1.6618 7.1611 -1.2280
v  1.4822 7.0162 -1.1988
v  1.2356 7.0742 -1.2310
v  1.2643 8.0841 -1.2048
v  1.2025 7.7369 -1.2782
v  1.0682 8.0567 -1.2213
v  1.3720 7.7857 -1.2048
v  3.1734 7.6917 2.1401
v  3.2288 7.5842 2.0326
v  3.3324 7.6097 2.0979
v  3.2356 7.7668 2.2129
v  3.0891 7.8009 2.0753
v  3.1153 7.9746 2.2273
v  3.1361 7.6247 1.9638
v  1.8920 6.7399 -0.0459
v  1.7619 6.6991 0.0461
v  1.7090 6.7255 -0.0710
v  1.8460 6.8061 -0.1436
v  1.8349 6.5685 0.0450
v  2.0155 6.6870 0.0276
v  1.9677 6.9025 -0.0455
v  -1.7283 4.9552 0.3520
v  -1.7553 5.0202 0.5644
v  -1.7835 5.2052 0.4896
v  -1.8699 5.1029 0.2798
v  -1.8806 5.3413 0.5027
v  -1.9677 5.3076 0.3493
v  2.1230 7.5112 -0.9499
v  2.0066 7.3834 -0.9465
v  1.9776 7.3822 -1.0006
v  2.0976 7.5714 -1.0494
v  2.9097 9.1904 2.4297
v  2.8480 9.3143 2.5369
v  2.9308 9.2081 2.7171
v  2.9756 9.0300 2.6571
v  3.1235 8.9058 2.8289
v  3.1608 8.8311 2.6490
v  3.0509 8.9388 2.4937
v  2.9565 9.0804 2.3359
v  3.2727 8.0400 1.2772
v  3.1547 7.9487 1.1959
v  3.1837 8.0783 1.1940
v  3.2494 8.0825 1.3656
v  3.1078 8.1721 1.2854
v  1.6601 7.7198 -1.2662
v  1.4737 7.5871 -1.1714
v  1.5252 7.9064 -1.2575
v  -0.1153 9.6823 2.5928
v  -0.0664 9.7294 2.4327
v  -0.2443 9.7329 2.4045
v  -0.2352 9.6318 2.6086
v  0.0810 9.6739 2.5097
v  -0.0495 9.6166 2.6994
v  -0.1795 9.5344 2.7692
v  -0.3075 6.9859 3.3303
v  -0.1130 6.9683 3.4155
v  -0.1511 6.9606 3.6423
v  -0.4599 6.9598 3.5356
v  0.0738 6.9457 3.4738
v  0.0344 7.0260 3.5663
v  0.1466 6.9530 3.6593
v  0.0356 6.9580 3.7588
v  -1.1024 6.6260 2.4172
v  -1.1606 6.6857 2.2633
v  -1.0446 6.7443 2.3062
v  -1.0117 6.7400 2.4984
v  -1.1550 6.7747 2.4669
v  -1.1949 6.6288 2.4612
v  -0.9318 6.7722 2.2722
v  -0.8897 6.7688 2.4342
v  -1.0084 6.9155 2.4617
v  -1.1170 6.9142 2.4503
v  -0.8901 6.9367 2.3697
v  0.5111 7.3299 3.9792
v  0.6671 7.1978 3.8761
v  0.7726 7.3140 3.9814
v  0.5975 7.3339 4.1086
v  0.4265 7.5079 4.0717
v  0.3037 7.4647 3.9574
v  0.4358 7.3031 3.8637
v  0.4647 7.3898 4.2280
v  -1.7004 6.6131 0.6151
v  -1.6577 6.7454 0.4052
v  -1.5584 6.7017 0.3402
v  -1.6336 6.4757 0.6858
v  -1.7176 6.8004 0.5275
v  -1.8183 6.6583 0.8014
v  -1.8486 6.4562 0.9204
v  -1.0890 9.3578 1.1957
v  -1.2455 9.3860 1.3363
v  -1.0565 9.5227 1.4334
v  -0.9629 9.4579 1.2041
v  -1.3424 9.3095 1.1553
v  -1.1560 9.3211 1.0453
v  -1.0193 9.4328 0.9662
v  1.0752 9.8809 2.3518
v  1.1925 9.7607 2.6483
v  1.4045 9.8221 2.5236
v  1.3308 9.9291 2.2411
v  0.9008 9.8850 2.3115
v  0.8080 9.6826 2.6175
v  0.9365 9.6988 2.6050
v  1.0186 9.6708 2.7655
v  -0.6455 4.5277 -1.4177
v  -0.5722 4.8154 -1.4498
v  -0.4254 5.1546 -1.5369
v  -0.5910 5.1088 -1.4873
v  -0.3632 4.9804 -1.5082
v  -0.2657 4.8334 -1.4682
v  -0.3736 4.6698 -1.5199
v  -0.7715 5.0870 -1.3870
v  -0.4963 4.5033 -1.5246
v  0.8756 9.6657 2.8029
v  3.1480 7.9206 3.2811
v  3.2948 8.0131 3.2406
v  3.3032 7.8864 3.4725
v  3.1929 7.7988 3.4123
v  3.2055 7.8147 3.6401
v  3.0330 7.7794 3.4600
v  1.2752 8.7963 4.0554
v  1.4106 8.9906 3.9735
v  1.2005 9.0183 3.9235
v  1.1520 8.7694 4.0153
v  1.2393 8.5458 4.1099
v  1.3753 8.6371 4.1377
v  -1.9883 7.3175 2.5447
v  -1.8029 7.2044 2.7085
v  -1.7294 7.3764 2.7203
v  -1.9438 7.4974 2.5660
v  -1.6874 7.4814 2.7087
v  -1.8301 7.5601 2.6908
v  -1.7740 7.6269 2.5167
v  -1.9324 7.6670 2.4455
v  1.5616 9.6957 0.2206
v  1.7341 9.6111 0.3138
v  1.6833 9.4472 0.1277
v  1.4817 9.5965 0.0987
v  1.3038 9.7865 0.1987
v  1.4529 9.8173 0.3828
v  1.6905 9.7583 0.5623
v  -0.6910 9.3357 2.2545
v  -0.7931 9.3495 2.1555
v  -0.8339 9.2767 2.2523
v  -0.7584 9.2464 2.2951
v  -1.0051 9.2344 2.2705
v  -0.8829 9.2150 2.3971
v  -0.7053 9.3545 2.4068
v  -1.6824 8.2313 2.5805
v  -1.7560 8.0901 2.5869
v  -1.5635 8.0704 2.5718
v  -1.4940 8.2862 2.6082
v  -1.5906 8.4787 2.5606
v  -1.7802 8.3317 2.4736
v  -1.4090 8.4302 2.7105
v  -1.4266 8.5702 2.6890
v  -1.4448 8.0740 2.6831
v  -1.3764 8.2588 2.7830
v  -1.3172 8.4327 2.8377
v  -0.8378 7.0208 2.5916
v  -0.8090 7.0297 2.5077
v  -0.7758 6.9564 2.4953
v  -0.7939 6.9175 2.6012
v  -0.7635 6.8006 2.5567
v  -0.8948 7.1031 2.5499
v  -0.8520 7.0546 2.4391
v  2.3963 7.9674 4.4747
v  2.3912 7.8679 4.4322
v  2.2560 7.9529 4.4828
v  2.2896 7.8396 4.4309
v  2.3443 7.8408 4.3105
v  2.5245 7.9773 4.4204
v  2.4818 7.7617 3.9180
v  2.5088 7.7650 3.7425
v  2.5935 7.9296 3.8335
v  2.5599 7.8242 3.9559
v  2.4762 7.8583 4.0197
v  2.4647 7.7974 4.0678
v  2.3927 7.7289 3.9068
v  2.5532 7.8874 4.0243
v  0.4597 5.1768 -1.5150
v  1.6508 6.9192 -0.4333
v  1.7051 6.9753 -0.3373
v  1.6832 6.8831 -0.2802
v  1.6107 6.8237 -0.4068
v  1.7749 6.9593 -0.3808
v  1.7366 6.9060 -0.4636
v  1.7089 6.7714 -0.4768
v  2.9984 7.9305 0.1129
v  3.1809 7.9848 0.1690
v  3.2039 7.8898 0.2147
v  3.0186 7.8003 0.1409
v  2.8249 7.8836 0.0814
v  2.9497 7.9102 -0.0665
v  2.9925 8.0019 -0.0356
v  3.0077 8.0308 0.1005
v  3.3233 8.1713 0.8623
v  3.3281 8.1321 0.7780
v  3.3514 8.1707 0.6975
v  3.3521 8.3031 0.7611
v  3.3898 8.1839 0.5810
v  3.4169 8.3142 0.5920
v  3.3945 8.4869 0.6056
v  3.2563 8.5063 0.7873
v  0.9731 7.5585 3.9768
v  0.9212 7.4742 4.0818
v  0.8526 7.4458 3.9157
v  0.8859 7.5656 3.8666
v  1.0089 7.5029 3.7955
v  1.0874 7.4814 3.9190
v  0.9392 7.3879 3.7523
v  3.5137 7.9087 1.5327
v  3.5392 8.0564 1.5362
v  3.5201 7.9532 1.6523
v  3.5539 7.8149 1.5273
v  3.6330 7.8693 1.6408
v  -1.0778 7.0364 2.4292
v  -1.1722 6.9464 2.3378
v  -1.1387 7.0432 2.3532
v  -1.1900 7.0856 2.4458
v  -1.2838 6.9938 2.4411
v  -1.0934 7.1050 2.5038
v  1.5144 8.7477 4.0470
v  1.6877 8.5871 4.1365
v  1.7520 8.8043 4.1499
v  1.6121 8.8827 4.0894
v  1.6523 9.0800 3.9708
v  1.8378 9.0490 4.0545
v  3.5121 8.1017 2.3131
v  3.5196 8.1109 2.1333
v  3.5039 8.2123 2.1973
v  3.4726 8.2159 2.3103
v  3.3920 8.0714 2.3005
v  3.3316 8.2094 2.3675
v  3.4832 7.9483 2.1858
v  1.9172 6.3073 -0.2316
v  1.9051 6.1651 -0.2788
v  1.8473 6.3410 -0.4312
v  1.9105 6.4319 -0.3455
v  1.9222 6.5361 -0.2563
v  1.9046 6.3598 -0.0982
v  1.8868 6.0391 -0.1396
v  -1.4424 8.1044 2.8331
v  -1.4545 7.9222 2.7505
v  -1.5040 7.9404 2.8757
v  -1.2273 8.1743 2.9613
v  -1.4573 8.1162 3.0920
v  3.3786 7.7163 1.3235
v  3.3989 7.8455 1.3356
v  3.3092 7.8693 1.2485
v  3.1551 7.8474 1.1605
v  0.0824 7.6409 4.2170
v  0.0949 7.6927 4.0777
v  -0.0275 7.7369 4.1776
v  -0.0185 7.6460 4.2516
v  0.0023 7.5688 4.2308
v  2.1916 7.4948 0.0262
v  2.0774 7.4397 0.0020
v  2.1065 7.4846 -0.2279
v  2.1559 7.5819 -0.2192
v  2.2726 7.5532 -0.3621
v  2.3579 7.5918 -0.2535
v  2.2620 7.6710 -0.1037
v  2.3268 7.5707 0.0427
v  -0.4509 8.8773 3.5028
v  -0.6008 8.7912 3.4491
v  -0.4653 8.6190 3.5527
v  -0.3673 8.6851 3.6157
v  -1.2200 8.3759 -0.4370
v  -1.3063 8.0040 -0.5213
v  -1.4590 8.0393 -0.2329
v  -1.2302 8.5668 -0.2006
v  -0.9804 8.7303 -0.3871
v  -1.0758 8.4136 -0.5718
v  2.7400 9.4071 1.1887
v  2.4227 9.4947 0.8160
v  2.3739 9.5131 1.1166
v  2.6787 9.4974 1.4243
v  2.8811 9.3759 1.4665
v  2.8195 9.4350 1.6139
v  2.8690 9.2453 1.1840
v  2.7497 9.2423 0.8805
v  2.6508 9.3453 0.8824
v  2.8968 9.1942 1.5099
v  2.4498 7.6767 -0.1912
v  2.4834 7.6528 -0.3141
v  2.4297 7.6108 -0.3866
v  2.5451 7.7208 -0.3411
v  2.5514 7.7735 -0.1871
v  2.4939 7.6824 -0.4658
v  -0.8425 6.7323 2.3318
v  -0.8082 6.6839 2.3466
v  -0.8166 6.7437 2.1988
v  -0.8689 6.5928 2.2168
v  1.4519 6.3045 -0.4239
v  1.6120 6.3038 -0.4598
v  1.6384 6.1489 -0.3336
v  1.5083 6.1146 -0.1908
v  1.4321 5.9103 -0.3270
v  1.4528 6.0528 -0.4972
v  1.6740 6.0314 -0.1197
v  0.5673 6.5236 -1.1859
v  0.8035 6.4970 -1.0931
v  0.6195 6.3524 -1.1307
v  0.2807 6.4087 -1.2241
v  0.2685 6.5931 -1.2144
v  0.6177 6.6327 -1.1875
v  0.9361 6.5566 -1.2032
v  -0.4833 6.6570 2.7092
v  -0.5724 6.6086 2.6005
v  -0.5290 6.4258 2.6116
v  -0.4625 6.4687 2.8163
v  -0.5999 6.7946 2.5528
v  -0.5059 6.8355 2.7658
v  -0.3791 6.6789 2.9497
v  3.4235 7.7577 1.3068
v  3.4166 7.6973 1.2362
v  3.4427 7.7547 1.1948
v  3.4551 7.8229 1.2853
v  3.5425 7.7126 1.6370
v  3.4634 7.6578 1.5522
v  3.4790 7.7428 1.4294
v  2.6641 8.8545 3.9990
v  2.5835 8.8639 4.1460
v  2.7058 8.7575 4.1485
v  2.7251 8.7803 4.0408
v  2.8013 8.6654 4.0861
v  2.8117 8.7355 3.9738
v  2.7892 8.8321 3.8862
v  -1.8708 5.8980 0.2753
v  -1.8484 5.9479 0.4575
v  -1.8102 6.0855 0.3462
v  -1.8126 6.0277 0.1900
v  -1.8006 5.8661 0.1664
v  -1.8464 5.7417 0.2457
v  -1.7258 5.7593 0.1634
v  -1.8112 5.9378 0.0822
v  -1.9860 5.8403 0.3695
v  -2.0229 5.8615 0.5176
v  -1.9755 5.7098 0.3503
v  -1.3816 9.2698 1.0041
v  -1.2550 9.2406 0.8937
v  -1.3926 9.1685 0.8070
v  -1.4955 9.1705 1.0235
v  -1.5516 9.2300 1.2762
v  3.0650 7.6601 1.9204
v  3.0418 7.5841 1.8152
v  3.0707 7.6447 1.7236
v  3.0421 7.6062 1.9458
v  2.9836 7.5668 1.9380
v  2.9932 7.5664 1.8036
v  2.9633 7.5085 1.6625
v  -1.4949 4.8533 -0.5473
v  -1.4455 4.6449 -0.6294
v  -1.5333 4.7781 -0.4228
v  -1.6268 4.9412 -0.4058
v  1.5571 9.7116 2.7483
v  1.7273 9.7219 2.6706
v  1.5987 9.7401 2.3752
v  1.7870 9.5789 2.3913
v  1.8937 9.6818 2.5973
v  1.8487 9.7252 2.2352
v  1.6867 9.7526 2.1671
v  -1.5421 8.9330 1.0755
v  -1.5019 8.7613 1.1946
v  -1.6191 8.7551 0.9647
v  -1.6070 8.6382 1.1227
v  -1.6494 6.0582 1.5612
v  -1.7202 6.1212 1.7020
v  -1.6989 6.2035 1.6478
v  -1.6660 6.1754 1.5256
v  -1.8152 6.0055 1.3948
v  -1.7781 5.8984 1.4808
v  -1.7898 6.0979 1.2924
v  -1.7011 6.2621 1.4345
v  -1.5734 6.3053 1.5995
v  -1.6076 6.3801 1.5660
v  -1.5434 7.8534 2.5951
v  -1.6790 7.7453 2.5630
v  -1.6700 7.8959 2.5209
v  -1.7545 7.7546 2.5063
v  -1.6737 7.6453 2.6003
v  -1.5618 7.7054 2.6550
v  -0.6789 9.3139 2.6070
v  -0.5054 9.3999 2.5951
v  -0.6209 9.2289 2.8020
v  -0.4234 9.2901 2.8460
v  -0.5854 9.1451 2.9254
v  -0.4716 9.1384 2.9981
v  -0.2937 9.4234 2.7917
v  -0.3811 9.5262 2.6123
v  -0.2843 9.2912 3.0170
v  -0.2283 9.3737 2.9144
v  -0.3805 9.1814 3.1444
v  -0.1330 9.4246 2.9233
v  -0.1882 9.3532 3.1289
v  -1.1760 4.1958 -0.2047
v  -1.1642 4.2727 -0.3362
v  -1.0943 4.2104 -0.5929
v  -0.9753 4.0320 -0.6205
v  2.3812 7.8630 3.8119
v  2.4021 7.8299 3.7411
v  2.2915 7.8428 3.7715
v  2.3319 7.8298 3.6579
v  2.4128 7.7475 3.5518
v  2.5324 7.7307 3.4761
v  2.3823 7.8415 3.4223
v  2.5364 7.8257 3.3390
v  2.6152 7.6858 3.5650
v  -1.9780 5.9234 0.9529
v  -1.8278 5.9762 1.1245
v  -1.8514 6.0787 1.0582
v  -1.9145 6.0957 0.8162
v  -1.8672 5.9844 0.6481
v  -2.0356 5.8840 0.7435
v  -1.9197 6.1549 1.2299
v  -1.9870 6.2279 1.0747
v  -2.0865 7.6678 1.4883
v  -2.0689 7.8568 1.8319
v  -2.0336 7.9706 1.7018
v  -2.1202 7.8010 1.4142
v  -2.1329 7.6263 1.6921
v  -2.0101 7.7543 1.9604
v  -2.1800 7.4957 1.4862
v  -2.1351 7.5182 1.3310
v  -1.9744 8.0198 1.0688
v  1.6651 9.5467 2.9311
v  1.4880 9.5643 2.9589
v  1.3626 9.6421 2.8227
v  1.5991 9.5010 3.1670
v  1.3192 9.5404 3.1540
v  2.6670 7.9662 3.6859
v  2.6247 8.0208 3.7433
v  2.7132 7.7951 3.6852
v  2.8041 7.8684 3.7568
v  2.7178 7.9934 3.7138
v  3.5421 7.9506 2.0058
v  3.5311 8.0631 1.9298
v  3.2584 8.0433 2.2773
v  3.3592 7.8528 2.2489
v  -0.7699 7.1262 2.9509
v  -0.6542 7.0705 2.8247
v  -0.5965 7.0504 2.6860
v  2.6615 7.9118 3.9746
v  2.7305 7.9769 3.8268
v  2.7899 7.8901 3.9228
v  2.6871 8.0391 3.7603
v  1.0850 7.5711 4.0700
v  1.0948 7.4293 4.1469
v  0.9854 7.3303 4.2211
v  0.8029 7.4240 4.1436
v  0.8676 7.2694 4.2749
v  -1.2616 4.3195 -0.5554
v  -1.3673 4.4136 -0.5007
v  -1.3852 4.5106 -0.5700
v  -1.2490 4.3945 -0.7497
v  -1.2996 4.5841 -0.7482
v  -1.1104 4.1526 -0.8331
v  -1.1706 4.4332 -0.9972
v  3.3306 8.6023 1.0650
v  3.4539 8.5377 1.2456
v  3.3088 8.4703 1.0740
v  3.2699 8.5510 0.9660
v  3.2499 8.6232 0.8515
v  3.1635 8.4883 0.8535
v  -1.1617 6.6210 2.1060
v  -1.2172 6.5815 2.1752
v  -1.1702 6.5072 2.1071
v  -1.0990 6.5705 2.0727
v  -1.1401 6.7095 2.1262
v  -1.0398 6.6708 2.0748
v  -2.1016 7.9433 1.3446
v  -2.1249 7.7063 1.1376
v  -2.1649 7.8507 1.1041
v  -1.9908 7.5965 1.1802
v  1.4001 6.8027 -1.0982
v  1.5573 6.8367 -1.1637
v  1.2915 6.7500 -1.1016
v  1.1584 6.7937 -1.2945
v  -1.5119 7.4737 2.6671
v  -1.4351 7.3719 2.6496
v  -1.4925 7.5083 2.7828
v  -1.4796 7.5774 2.8771
v  -1.5752 7.5574 2.7386
v  -1.5705 7.5261 2.8354
v  -1.5111 7.6922 2.8263
v  1.6899 6.9148 -1.1915
v  1.9134 7.0447 -1.0676
v  1.7789 6.7996 -1.0772
v  -1.7710 5.0771 0.7235
v  -1.6942 5.0026 0.8995
v  -1.8160 5.2046 0.9374
v  -1.8500 5.1987 0.7055
v  -1.6527 4.8273 0.6405
v  -2.0914 7.0882 2.1927
v  -2.0981 7.1558 2.2496
v  -2.1370 7.1696 2.0893
v  -2.1266 7.1163 2.1079
v  -2.1753 7.0574 2.0428
v  -2.1320 7.0126 2.1301
v  -2.1916 7.1081 1.9522
v  3.4988 7.9105 1.8813
v  3.5441 7.8332 1.8296
v  3.5200 7.8487 1.9277
v  3.5326 7.8070 1.8944
v  3.5774 7.8356 2.0072
v  3.6129 7.7711 1.9350
v  3.6449 7.7694 1.8365
v  2.8429 8.6028 -0.0707
v  2.7572 8.7215 0.0186
v  2.8410 8.7427 0.1134
v  2.9097 8.6071 0.1952
v  2.9256 8.3741 0.0367
v  2.7147 8.4319 -0.2041
v  2.8201 8.2606 -0.0916
v  2.8661 8.3889 0.2596
v  2.6614 8.7096 -0.2319
v  2.6703 8.7775 -0.0187
v  2.5439 8.5484 -0.3054
v  2.1858 8.4599 -0.5952
v  2.0631 8.3856 -0.6115
v  2.0938 8.5988 -0.4701
v  2.1891 8.6089 -0.4355
v  2.2984 8.4485 -0.4902
v  2.3325 8.3348 -0.6137
v  2.2445 8.2861 -0.6952
v  -1.7780 7.4913 0.3637
v  -1.8019 7.7130 0.4596
v  -1.6855 7.4895 0.2129
v  -1.6800 7.2303 0.2859
v  -1.6234 7.8518 0.2526
v  -0.3079 8.5476 -0.9382
v  -0.4765 8.5053 -0.9134
v  -0.3869 8.8355 -0.7643
v  -0.2010 8.7657 -0.8361
v  -0.0252 8.6355 -1.0097
v  -0.2145 8.3292 -1.0529
v  -0.4730 8.1139 -1.0855
v  -1.3319 4.3233 -0.3558
v  -1.4654 4.4314 -0.3607
v  -1.5253 4.5868 -0.3918
v  2.0588 7.2044 -0.0484
v  2.0906 7.0427 0.0032
v  1.8823 7.1488 -0.0474
v  1.9231 7.2351 -0.0631
v  1.9223 7.1769 -0.1734
v  1.9816 7.2512 -0.1578
v  2.0095 7.3491 -0.1006
v  2.2741 7.4832 -0.7556
v  2.1335 7.4963 -0.7355
v  2.1468 7.4468 -0.8574
v  2.3123 7.5234 -0.8514
v  2.3096 7.5210 -0.6797
v  2.4004 7.6221 -0.7729
v  2.1831 7.4641 -0.6287
v  -1.5596 6.8254 2.4494
v  -1.4245 6.8569 2.3402
v  -1.3895 7.0490 2.3719
v  -1.4381 7.0757 2.5742
v  -1.5798 7.1089 2.7003
v  -1.6937 6.9518 2.5972
v  -1.3669 7.2903 2.7818
v  -1.3612 7.1981 2.4213
v  -1.3850 7.1846 2.5377
v  -1.2863 7.2051 2.6712
v  -0.8600 9.1965 2.5982
v  -1.0147 9.0149 2.5829
v  -1.8901 5.7479 1.3211
v  -1.7901 5.6339 1.3632
v  -1.6331 5.7980 1.5250
v  -1.6599 5.6055 1.4105
v  -1.5499 5.7041 1.4279
v  -1.5665 6.0006 1.6203
v  -1.4511 5.7899 1.6256
v  -1.4414 5.9628 1.6985
v  -1.4008 5.7588 1.4665
v  -0.6367 6.2716 2.4477
v  -0.6097 6.2962 2.4009
v  -0.6843 6.2505 2.3648
v  -0.7141 6.1647 2.4082
v  -0.6265 6.3651 2.4457
v  -0.6523 6.3603 2.5250
v  -0.6089 6.1855 2.4538
v  3.1099 8.0807 0.2166
v  2.0750 6.9637 0.1601
v  2.1023 7.1432 0.0930
v  2.1219 7.2419 0.0339
v  2.0997 7.1464 0.1965
v  -2.0878 7.0299 1.8056
v  -2.2179 7.1691 1.8665
v  -2.2600 7.0305 1.7155
v  -2.1261 6.9773 1.9598
v  -2.0132 6.9060 1.9646
v  -1.9141 6.9635 1.8632
v  3.0003 7.5562 1.4454
v  2.8294 7.3886 1.3665
v  2.9094 7.4534 1.2826
v  3.0964 7.4336 1.6350
v  3.1140 7.6478 1.5291
v  3.1741 7.5132 1.6114
v  3.0178 7.5357 1.2082
v  3.1569 7.6550 1.3493
v  0.6816 9.7352 2.6478
v  0.8493 9.6881 2.9668
v  1.1501 9.6272 2.9342
v  0.9621 9.4766 3.2177
v  2.7766 8.1431 3.8493
v  2.8250 8.1936 3.8722
v  2.7641 8.2125 3.9204
v  2.7210 8.1344 3.8939
v  2.8278 8.1017 3.8808
v  2.8697 8.1506 3.8976
v  2.7456 8.0579 3.9123
v  -1.9067 6.2994 0.9603
v  -1.8032 6.2651 0.8617
v  -2.0381 5.6847 0.8258
v  -2.0071 5.7517 1.0453
v  -1.9670 5.5380 0.8444
v  -2.1057 5.6129 0.9255
v  -2.0966 5.5145 0.9303
v  -2.0449 5.6501 0.5437
v  -1.9387 5.5125 0.6486
v  -2.0799 5.6189 1.0264
v  -1.5140 5.2975 -0.4850
v  -1.5768 5.1080 -0.4299
v  -1.4729 5.2330 -0.3314
v  -1.5776 5.1343 -0.3023
v  -1.6515 5.2162 -0.2045
v  -1.5250 5.2808 -0.2870
v  -1.5760 5.3723 -0.3748
v  2.3449 7.7486 3.3796
v  -0.6892 8.3411 3.8045
v  -0.7249 8.4209 3.7409
v  -0.8225 8.3486 3.7307
v  -0.7488 8.2512 3.7984
v  -0.6783 8.1969 3.8716
v  -0.6149 8.3395 3.8417
v  -0.6274 8.4633 3.7585
v  -1.8268 8.2308 2.2973
v  -1.8183 8.1168 2.3481
v  -1.8389 8.1268 2.4695
v  -1.7185 8.5352 2.3020
v  -1.8634 8.4028 2.1759
v  -1.6216 8.7058 2.4704
v  -1.0853 6.7862 2.1610
v  -0.9834 6.7743 2.1144
v  2.9419 8.0592 3.9577
v  2.9497 8.1580 3.9633
v  2.9062 8.2328 3.9434
v  -1.6369 5.1956 1.1388
v  -1.4940 5.1423 1.0451
v  -1.4841 4.9083 0.9421
v  -1.4315 5.0051 1.0875
v  1.6101 6.4018 -0.6243
v  1.7410 6.6456 -0.8193
v  1.7727 6.4362 -0.6707
v  1.4017 6.4879 -0.6259
v  1.7994 6.5322 -0.5599
v  1.8227 6.7356 -0.6404
v  1.5518 6.4896 -0.9420
v  1.6133 6.6462 -1.0718
v  1.8657 6.9700 -0.8105
v  1.8709 6.9356 -0.6049
v  3.3162 8.3563 3.4356
v  3.3695 8.1961 3.3459
v  3.3917 8.3667 3.1453
v  3.3443 8.5697 3.1880
v  3.2316 8.6367 3.3621
v  3.2697 8.4718 3.5366
v  3.1355 8.7884 3.1763
v  3.2652 8.7957 3.0078
v  -1.3920 8.7238 2.5573
v  -1.2185 8.7224 2.6451
v  -1.2168 8.5776 2.7840
v  -1.2521 8.8035 2.7421
v  -1.2766 8.7524 2.8780
v  -1.1621 8.4193 3.0235
v  -1.2195 8.5542 3.0537
v  -1.4036 7.5861 2.9272
v  -1.5004 5.2984 1.2460
v  -1.3597 5.3127 1.1447
v  -1.3109 5.1771 1.1556
v  -1.2259 5.2886 1.2881
v  -1.1949 5.4396 1.2210
v  -1.3323 5.1730 0.9781
v  2.9729 8.0468 0.9807
v  3.0444 7.9843 0.9510
v  3.1036 8.0872 0.8911
v  3.0062 8.1463 0.9504
v  3.0426 8.1768 1.1119
v  3.0298 8.0521 1.1026
v  3.0856 7.9669 1.0565
v  0.2512 7.6279 4.0686
v  0.3595 7.6743 4.2119
v  2.9470 8.4418 4.0139
v  2.9842 8.4498 4.1565
v  2.9542 8.3923 4.1610
v  2.9125 8.3460 4.0528
v  2.9082 8.5252 4.1664
v  2.9708 8.4749 4.2124
v  2.9978 8.5040 3.8580
v  2.9245 8.6017 4.0036
v  3.3315 8.8384 1.4660
v  3.4273 8.7636 1.5923
v  3.4335 8.7469 1.3931
v  3.2773 8.8484 1.1879
v  3.2634 8.9175 1.5998
v  3.3443 8.7613 1.7677
v  3.1588 8.9688 1.2796
v  2.2487 7.7690 4.3011
v  2.2405 7.7337 4.1275
v  2.0968 7.7409 4.2200
v  2.3046 7.7731 4.0182
v  2.2113 7.6045 3.9916
v  2.0993 7.7440 4.0134
v  0.0199 7.8600 4.0803
v  0.0664 7.8798 4.3152
v  -0.0211 8.0071 4.3108
v  -0.1652 7.8154 4.1211
v  -0.0540 8.1733 4.2581
v  -0.2247 7.9342 4.0034
v  -0.2071 7.6772 4.2049
v  3.1942 7.5644 1.7977
v  3.2426 7.5845 1.6396
v  0.5836 7.4593 4.2674
v  0.6829 7.4277 4.2108
v  0.5855 7.4621 4.3740
v  0.4238 7.4927 4.3798
v  0.7207 7.3479 4.3484
v  -0.6976 5.8345 2.1018
v  -0.8290 5.8168 2.1624
v  -0.7300 5.7949 2.3007
v  -0.8393 5.8468 2.2948
v  -0.8767 5.9207 2.0862
v  -0.7920 5.8656 1.9276
v  -0.9569 5.9131 2.2351
v  -1.2201 8.0009 3.6729
v  -1.0551 8.0292 3.7076
v  -1.2522 7.8943 3.6620
v  -1.0365 7.8679 3.7633
v  0.1776 7.8006 4.0047
v  0.0544 7.2569 3.8953
v  0.0991 7.1714 3.9147
v  0.1996 7.1618 3.8823
v  0.1649 7.3518 3.7998
v  0.2997 7.2606 3.6941
v  0.3129 7.1187 3.7762
v  0.2870 7.4448 3.7749
v  0.3785 7.3116 3.7257
v  0.5554 5.9832 -1.4389
v  0.2415 5.9518 -1.4060
v  0.4689 6.1994 -1.3155
v  0.6126 6.1153 -1.3527
v  2.7780 7.2650 0.8330
v  2.7067 7.2254 0.6495
v  2.8822 7.2904 0.9587
v  2.8243 7.2132 1.0794
v  -1.1043 7.6880 3.3796
v  -1.0790 7.8234 3.4070
v  -1.0903 7.8728 3.2680
v  -1.2228 7.6104 3.2481
v  -1.1803 7.7950 3.1586
v  -1.2249 7.6196 3.1031
v  -1.2052 7.4460 3.3424
v  -1.1308 7.5672 3.3972
v  -1.9222 7.8367 2.3010
v  -2.0132 7.6627 2.1533
v  -1.8775 7.8909 2.1566
v  -2.0615 7.4992 2.2275
v  -2.1747 7.5538 1.8336
v  -2.1804 7.4406 1.9267
v  0.4832 8.5142 4.3107
v  0.7870 8.4134 4.2653
v  0.7185 8.6726 4.0603
v  0.4644 8.6883 4.0326
v  0.2012 8.5827 4.0762
v  0.2271 8.4408 4.2430
v  0.3295 8.9076 3.8778
v  0.1047 8.8026 3.9615
v  0.7043 8.9122 3.9104
v  0.5606 8.8571 3.8863
v  -0.2760 6.4668 -1.1056
v  -0.4244 6.4562 -1.0266
v  -0.3251 6.6411 -1.1110
v  -0.2353 6.6002 -1.1001
v  -0.0509 6.6666 -1.2338
v  -0.0842 6.7949 -1.3033
v  3.3030 8.0455 0.7702
v  3.3493 8.0743 0.6731
v  3.2359 8.0189 0.8738
v  0.2879 7.8820 4.4108
v  0.3850 7.9810 4.5361
v  0.2769 8.0436 4.5651
v  0.1627 7.9707 4.4847
v  0.3312 8.1729 4.5698
v  0.1364 8.1369 4.4858
v  0.5165 8.1027 4.5706
v  3.2676 8.3664 1.2073
v  3.1783 8.3663 1.0235
v  3.1814 8.4472 0.9752
v  3.1005 8.4761 0.8999
v  -1.7040 5.3627 -0.2973
v  -1.6254 4.9942 -0.2538
v  -1.7167 5.0566 -0.1323
v  0.9654 9.3339 3.4791
v  1.2332 9.3839 3.4463
v  1.4838 9.3707 3.4049
v  0.8691 8.1028 4.4736
v  1.0329 8.2577 4.3755
v  0.6672 8.2503 4.4865
v  0.9987 8.4539 4.1515
v  0.8930 8.6684 3.9836
v  1.1530 8.2667 4.2107
v  3.1324 8.1268 2.4118
v  3.1747 8.2813 2.3648
v  3.2630 8.0961 2.4140
v  3.2995 8.3615 2.2849
v  3.2438 8.3592 2.4115
v  3.4529 8.3388 2.2968
v  -0.0850 7.5466 4.1462
v  -0.1594 7.5826 4.2245
v  0.2432 9.7684 0.6335
v  0.1780 9.7662 0.8847
v  0.3151 9.7355 0.8731
v  0.4890 9.7902 0.5739
v  0.0611 9.8117 0.8460
v  0.1492 9.7923 0.3968
v  0.4654 9.7155 0.1661
v  2.4676 7.8254 4.1458
v  2.5276 7.8694 4.1762
v  3.6995 8.2057 1.4862
v  3.6591 8.2591 1.3995
v  3.7173 8.3367 1.4984
v  3.7351 8.2434 1.5781
v  3.6503 8.1388 1.5033
v  3.5721 8.1801 1.3940
v  3.7065 8.1514 1.6326
v  -1.0905 6.0029 2.1661
v  -0.9763 6.0615 2.0200
v  -1.1177 6.1263 2.0053
v  -1.2433 6.0785 2.1316
v  -1.3422 6.2268 2.0931
v  -1.1266 6.1852 1.8591
v  -0.9193 6.0283 1.8480
v  3.0973 8.3718 0.8878
v  -1.7526 6.4970 1.7497
v  -1.8251 6.5823 1.7199
v  -1.8278 6.5018 1.5784
v  -1.7262 6.4476 1.5590
v  -1.6600 6.4021 1.7452
v  -1.8218 6.3781 1.3822
v  2.8641 7.6789 0.2107
v  2.7168 7.7620 0.1618
v  3.1791 8.2149 0.8693
v  3.2352 7.8717 0.8392
v  3.3822 7.9166 0.7809
v  3.1411 7.8817 0.9666
v  2.1427 6.6419 0.2173
v  2.0778 6.3042 0.1866
v  1.9342 6.2544 0.0583
v  -0.5124 9.0992 3.2207
v  -0.6066 9.0419 3.2495
v  -0.5880 9.0818 3.0884
v  -0.6803 9.0032 3.1531
v  -0.5842 9.0004 3.3584
v  -0.4593 9.0992 3.3565
v  -0.7320 8.9287 3.2853
v  3.0507 9.0470 1.8922
v  3.1593 8.9856 2.0315
v  3.2119 8.9139 1.8397
v  3.1200 8.9785 1.7764
v  3.0990 9.0125 1.6219
v  2.9613 9.0857 1.7306
v  -0.0523 5.9421 -1.4340
v  0.1070 6.1737 -1.2826
v  -2.0423 6.8741 1.6510
v  -1.9021 6.8114 1.7608
v  -1.8109 6.7178 1.9362
v  -1.7930 6.8895 1.9928
v  -1.8848 6.8782 2.0624
v  -0.8962 6.7164 2.1062
v  -0.9397 6.6199 2.0860
v  -1.1847 8.8862 2.6054
v  -1.1808 8.9123 2.7557
v  -0.9978 9.0458 2.8240
v  -0.8014 9.1592 2.8017
v  -1.1868 8.8697 2.9224
v  -1.0357 8.9581 2.9996
v  -0.5125 6.9497 2.9740
v  -0.3541 6.7977 3.1115
v  -1.1128 5.2200 -1.0635
v  -1.1661 5.2682 -0.9627
v  -1.2012 5.4244 -0.9729
v  -1.0817 5.4506 -1.1109
v  -0.9221 5.3586 -1.1289
v  -0.9763 5.1568 -1.1127
v  -1.2414 5.6282 -0.9695
v  -1.0947 5.6656 -1.0813
v  -0.9703 5.5497 -1.1803
v  -0.9437 5.6811 -1.1775
v  -0.8502 5.4939 -1.1867
v  -2.0990 5.5326 1.0138
v  2.1928 8.1872 -0.7630
v  2.4418 7.3918 0.2894
v  2.5584 7.4409 0.3181
v  2.5628 7.2621 0.3498
v  2.4041 7.2760 0.3413
v  2.2353 7.3662 0.2391
v  2.3907 7.4752 0.1935
v  -1.4192 5.8145 -0.5568
v  -1.4859 5.7000 -0.6047
v  -1.5828 5.7139 -0.5055
v  -1.4829 5.8658 -0.4717
v  -1.3559 5.9722 -0.4253
v  -0.8057 8.8138 3.2922
v  -0.7045 8.7326 3.4540
v  -0.8500 8.9182 3.0874
v  -0.8786 8.8578 3.1668
v  -0.8037 9.0121 3.0029
v  2.5412 7.8981 4.1129
v  3.5240 8.2799 2.1381
v  -1.1002 7.7293 3.6487
v  -0.9836 7.7206 3.6734
v  -1.0020 7.7532 3.5058
v  -0.9377 7.7219 3.5858
v  -0.9361 7.6765 3.4186
v  -0.8626 7.6176 3.5901
v  -1.0573 7.5364 3.4717
v  -1.0151 7.4844 3.5873
v  -1.0442 7.3014 3.6208
v  -0.8743 7.3883 3.7476
v  2.9249 7.7370 3.6469
v  3.0595 7.7979 3.7968
v  2.9124 7.8786 3.8607
v  -1.9517 5.6484 1.1570
v  -1.8617 5.6055 1.1972
v  -1.8559 5.5213 1.1467
v  -1.7528 5.5228 1.2635
v  -1.6273 5.5616 1.3136
v  -1.9536 6.6055 1.6636
v  -1.8742 6.5391 1.4955
v  2.7839 8.5964 4.2269
v  1.2512 9.0884 -0.6000
v  1.3089 9.2857 -0.3508
v  1.5425 9.1855 -0.3982
v  1.4629 8.9937 -0.6984
v  1.1898 8.9359 -0.7515
v  1.2920 8.8370 -0.8185
v  1.7131 8.9173 -0.6741
v  1.7813 9.0906 -0.4071
v  1.5165 8.7916 -0.9133
v  1.7069 8.7472 -0.9207
v  1.3827 8.7503 -0.9051
v  -1.4716 6.3005 0.1547
v  -1.5124 6.4788 0.0121
v  -1.3658 6.4274 -0.0442
v  -1.4674 6.2186 -0.0212
v  -1.3763 6.2044 -0.2464
v  -1.4750 6.0493 -0.2939
v  -1.5877 6.0618 -0.1426
v  -1.2677 6.3549 -0.2128
v  -1.6678 6.1223 0.0993
v  -1.6685 6.1883 0.2588
v  -1.7001 6.0067 -0.0111
v  -1.9785 6.6189 1.4059
v  -1.9933 6.6554 1.1161
v  -2.0922 6.7155 1.3185
v  -1.9391 6.4629 1.1961
v  2.5583 7.1572 0.4793
v  2.4145 7.0881 0.4306
v  2.2041 6.9241 0.2603
v  2.2298 7.1321 0.2889
v  2.4017 6.8725 0.3819
v  -1.0041 6.0312 -0.9123
v  -1.0143 6.2202 -0.8361
v  -0.8254 6.2970 -0.9005
v  -0.7981 6.0705 -1.0364
v  -0.6219 6.2115 -0.9979
v  -0.6385 6.4091 -0.9360
v  -0.4980 6.1278 -1.0771
v  -0.5876 5.9640 -1.1301
v  -0.8880 5.8577 -1.1423
v  -1.0811 5.8669 -1.0462
v  -0.6800 5.7819 -1.1867
v  1.8891 7.6062 3.8658
v  1.8895 7.6220 3.9852
v  1.7497 7.7059 4.0058
v  1.7146 7.6237 3.8393
v  1.7766 7.6384 3.7204
v  1.8926 7.8186 3.7090
v  1.5470 7.7633 3.9873
v  1.4490 7.6464 3.8694
v  3.0736 7.8706 1.0419
v  3.2313 7.8212 1.1017
v  0.5091 5.7684 -1.4720
v  0.5482 5.6087 -1.4334
v  3.3526 8.4153 2.4124
v  0.0115 9.5352 2.8984
v  3.1618 8.3554 0.8107
v  2.0385 9.6848 2.8408
v  1.8483 9.6207 2.9727
v  2.0940 9.6228 3.0999
v  1.9203 9.5660 3.2957
v  2.1479 9.4321 3.1815
v  1.8475 9.3219 3.6006
v  2.2088 9.6017 2.7576
v  -0.6597 7.5455 -1.0923
v  -0.8222 7.1683 -1.0400
v  -0.9303 7.3020 -0.9703
v  -0.7559 7.8836 -1.0155
v  -0.7206 7.0358 -1.1189
v  -0.4394 7.6062 -1.2292
v  -2.1808 7.1963 1.0023
v  -2.1115 7.3598 0.9707
v  -2.0802 7.3236 0.8426
v  -2.1167 7.1827 0.8242
v  2.7037 7.3032 0.3807
v  2.6640 7.5077 0.4212
v  2.5682 7.6050 0.2250
v  2.7250 7.6164 0.3294
v  0.3781 7.7629 4.4575
v  0.2234 7.8134 4.2161
v  0.5002 7.6306 4.5074
v  2.3389 8.4114 4.2272
v  2.2420 8.4499 4.1626
v  2.2133 8.3537 4.2423
v  2.2891 8.2760 4.2586
v  2.4120 8.2617 4.1864
v  2.4348 8.1661 4.2611
v  2.3409 8.1810 4.3506
v  2.1871 8.1978 4.3362
v  2.1113 8.3519 4.3636
v  2.2592 8.1613 4.3903
v  -0.3371 6.9680 3.7993
v  -0.4697 6.9673 3.7071
v  -0.5507 7.1167 3.7936
v  -0.6256 7.1464 3.6925
v  -0.6845 7.2173 3.5918
v  -0.5652 7.1059 3.3999
v  -0.4476 7.1109 3.1897
v  2.1793 8.5707 4.2526
v  2.3607 8.5248 4.3305
v  1.1198 9.1409 -0.5993
v  1.0813 8.9181 -0.8394
v  1.0501 9.4040 -0.3397
v  0.8979 9.2014 -0.6799
v  2.8425 9.0411 3.0055
v  2.8391 9.1685 2.9304
v  2.7249 9.1686 3.0233
v  2.7612 9.0664 3.0845
v  2.9089 8.9388 3.1475
v  2.7847 9.0207 3.2566
v  2.6338 9.1414 3.1209
v  3.0206 8.3920 0.2359
v  3.1158 8.3099 0.2669
v  2.9689 8.1767 0.3358
v  3.0796 8.4996 0.2617
v  3.1679 8.4158 0.2778
v  1.7412 9.5412 3.1784
v  1.6996 9.4208 3.3674
v  1.5773 8.4051 4.2100
v  1.9072 8.4496 4.2102
v  1.8131 8.3059 4.3539
v  1.3911 8.3321 4.1276
v  1.5108 8.1508 4.0991
v  1.6424 8.1683 4.1999
v  1.7934 8.1173 4.3299
v  -1.3218 6.1507 1.7969
v  -1.2923 5.9321 1.7445
v  -1.1267 5.9133 1.7334
v  -1.4494 6.1749 1.9889
v  -1.5514 7.8711 3.0176
v  -1.3486 5.0805 1.0739
v  -1.2579 5.0376 1.0597
v  -1.2252 5.1334 0.9524
v  -0.3969 4.3752 -1.4438
v  -0.6688 4.2913 -1.4013
v  -0.0377 7.1373 3.9182
v  0.0435 7.0671 3.9196
v  0.1477 7.0181 3.8559
v  -1.5035 8.2211 0.1490
v  -1.4011 8.5956 0.1287
v  -1.6075 7.7195 -0.0645
v  -1.5018 7.1589 -0.2713
v  -1.5255 7.2652 -0.2399
v  -1.4491 7.2979 -0.3266
v  -1.4782 7.1258 -0.3329
v  1.1351 7.5113 4.0094
v  1.2552 7.4962 3.8877
v  1.2492 7.5256 4.0226
v  1.2194 7.5518 4.1252
v  -1.5798 7.0718 -0.2005
v  -1.5495 6.9544 0.0532
v  -1.5627 6.9819 -0.2338
v  -1.5204 6.8276 -0.0182
v  -1.6027 6.9684 0.2359
v  -1.6074 7.2055 0.1263
v  -1.5975 7.1892 -0.0531
v  -1.6244 7.1806 -0.2052
v  -0.7687 5.6262 -1.1984
v  3.1959 8.2250 2.5577
v  3.1581 7.9560 2.5866
v  3.0027 7.9841 2.4373
v  2.9487 7.9313 2.2352
v  -0.6970 6.6279 2.4263
v  -0.7773 6.5942 2.3640
v  -0.7770 6.7117 2.4609
v  -0.6172 6.5211 2.4498
v  -0.6366 6.5704 2.2452
v  -0.5558 6.5426 2.2963
v  -0.7738 6.5425 2.2610
v  2.8977 8.8692 0.1872
v  2.4228 8.6849 4.3734
v  2.2286 8.8272 4.3230
v  2.7064 7.8758 4.0875
v  2.6445 7.8570 4.2152
v  -1.2196 7.8037 3.5429
v  2.8972 7.2316 0.6375
v  3.0103 7.3363 0.6192
v  2.8463 7.2797 0.5086
v  2.9184 7.4309 0.5620
v  2.9101 7.4797 0.4319
v  3.0807 7.4943 0.4997
v  3.0518 7.5293 0.3799
v  2.7410 7.3975 0.5238
v  2.7919 7.4679 0.5808
v  2.8185 7.4843 0.4971
v  3.1044 7.4606 0.6014
v  2.8065 9.2626 2.8119
v  2.6920 9.2753 2.9313
v  2.6202 9.2580 3.0312
v  -1.3263 4.9199 1.1037
v  -0.0191 6.9897 3.8500
v  -0.1124 7.0212 3.8415
v  1.4894 9.8459 2.1891
v  1.6439 9.9000 1.9772
v  1.9144 9.8925 2.0913
v  2.0038 9.8703 1.8523
v  1.8007 9.8896 1.6375
v  -1.8112 8.0130 2.2720
v  -1.8836 7.9816 2.4056
v  -1.8164 8.1081 2.1692
v  -1.1338 6.5394 2.3209
v  -1.0874 6.4652 2.2070
v  -1.0084 6.5060 2.0737
v  -0.7011 7.4224 3.7244
v  0.6404 4.8624 -1.3252
v  -1.2148 4.8730 1.0751
v  -1.3047 4.8518 0.9338
v  3.3697 8.1495 1.2946
v  3.4850 8.0855 1.3985
v  -0.8734 7.7567 3.7612
v  -0.8191 8.0347 3.8472
v  -0.7049 7.9569 3.8791
v  -1.5872 7.4489 0.0456
v  -1.6986 8.1425 0.5004
v  -1.6383 8.3777 0.4161
v  -1.7891 7.9769 0.6386
v  2.7778 9.3435 2.2424
v  2.7191 9.4427 2.3528
v  2.5247 9.5846 2.1547
v  2.5714 9.5090 2.0041
v  2.3056 9.7787 1.7346
v  2.2597 9.6960 1.9155
v  2.8169 9.1992 2.1678
v  2.7041 9.2931 1.9915
v  2.7402 9.4381 1.8394
v  2.6207 9.6333 1.7848
v  2.5563 9.2922 3.0253
v  2.5975 9.2076 3.2238
v  2.6239 9.3527 2.8568
v  1.1929 8.4133 -1.0587
v  1.0280 8.5700 -1.0340
v  0.6910 8.4848 -1.1605
v  0.7821 8.8536 -0.9057
v  -1.2499 7.2166 2.5496
v  2.2513 7.8296 3.5772
v  2.2499 7.7255 3.6966
v  2.1294 7.7724 3.6412
v  2.1851 7.6946 3.6910
v  2.2674 7.8413 3.6281
v  -0.4353 5.3274 -1.4140
v  -0.2734 5.6033 -1.3998
v  -1.8040 5.8061 0.0292
v  -1.0715 8.9189 -0.0275
v  -0.8692 9.0168 -0.2071
v  -0.3588 7.0459 3.0544
v  -1.2843 7.1302 2.4329
v  -1.3199 6.8141 2.3870
v  -1.2195 7.1517 2.5184
v  1.5689 9.2058 3.6483
v  2.0024 9.2560 3.8337
v  -1.0053 9.3255 2.1294
v  0.2373 6.9154 3.5557
v  -1.5931 6.6542 2.1639
v  -1.4725 6.6448 2.2784
v  1.9951 7.1761 -0.2985
v  1.9560 7.0466 -0.1933
v  2.0143 7.0298 -0.3505
v  1.8187 7.0010 -0.2425
v  1.8979 6.9416 -0.3336
v  1.9503 7.2214 -0.4273
v  1.9090 7.1050 -0.5158
v  1.0575 7.9025 4.3670
v  1.0618 7.8069 4.3095
v  1.1423 7.7435 4.4354
v  1.1576 7.8755 4.5166
v  1.1132 8.0859 4.5961
v  1.3084 7.9771 4.6187
v  1.0306 7.9595 4.5327
v  1.2694 7.7867 4.5554
v  1.2565 7.6784 4.4953
v  1.0053 7.9370 4.4247
v  2.9284 7.7872 2.3076
v  2.9220 7.8207 2.5253
v  3.0620 7.8031 2.6555
v  2.9367 7.8374 2.7519
v  2.8024 7.8568 2.7176
v  1.7736 6.2670 -0.5029
v  -1.4251 7.7566 2.6982
v  3.4610 8.1839 2.8600
v  3.4530 8.2097 2.6995
v  3.4586 8.3657 2.7300
v  3.5192 8.2957 2.9207
v  3.3012 8.1149 2.7424
v  3.3043 8.1224 2.9278
v  3.3314 8.2211 3.0646
v  3.1160 7.9496 3.8673
v  2.9635 7.9414 3.9455
v  3.1254 8.0774 3.9433
v  3.0781 8.1922 3.9599
v  2.8251 8.0101 4.0129
v  2.8307 7.9256 3.9961
v  -1.4332 5.5172 -0.7175
v  -1.2899 5.5617 -0.7988
v  -1.5336 5.5125 -0.5943
v  -0.5798 6.4205 2.2751
v  -0.5570 6.4007 2.3771
v  -1.7634 6.5417 1.9774
v  -1.7228 6.3661 1.9355
v  -1.6032 6.3195 2.0946
v  -1.4388 6.4313 2.1784
v  -1.6320 6.8150 2.1278
v  -1.6605 6.8938 2.3047
v  3.3576 8.3319 2.5604
v  -1.3239 6.2920 2.2486
v  -1.3743 6.4658 2.2830
v  -1.2221 6.1579 2.2559
v  -1.3504 5.4969 1.2123
v  -1.2290 5.5950 1.2214
v  -1.3931 5.6163 1.2204
v  -1.3123 5.6877 1.2380
v  -1.3742 5.6643 1.3630
v  -1.4937 5.6479 1.2836
v  -1.2840 5.5925 1.3949
v  -0.6268 4.0974 -1.3003
v  -0.9702 4.1591 -1.1212
v  -0.8915 3.9207 -1.0726
v  -0.5454 3.9500 -1.2245
v  -1.0014 4.0126 -0.8480
v  1.3316 6.4414 -0.8124
v  0.9389 5.7505 -1.3741
v  0.9337 5.4838 -1.2455
v  1.1402 5.7170 -1.1063
v  1.1694 5.5093 -0.9582
v  1.0935 5.2083 -0.9871
v  0.8908 5.1978 -1.0298
v  0.7433 5.3942 -1.3201
v  1.2409 5.2581 -0.7824
v  -0.6823 9.0726 2.9489
v  -1.4505 8.9868 0.8047
v  -1.5741 8.8369 0.7492
v  -1.6359 8.9679 1.4196
v  1.1273 5.9244 -0.9524
v  0.9590 5.9951 -1.0415
v  1.0892 6.1190 -1.0395
v  1.1971 6.0700 -0.8866
v  1.1044 5.8341 -0.9972
v  1.0097 5.8700 -1.1061
v  2.9899 8.1792 0.1002
v  -1.6384 7.6543 2.8019
v  -1.5736 6.3790 0.5261
v  -1.1164 6.4739 -0.5102
v  -1.2365 6.4564 -0.4079
v  -1.1719 6.5630 -0.5237
v  -1.2611 6.5846 -0.4759
v  -1.2132 6.6888 -0.6450
v  -1.1183 6.6376 -0.6693
v  1.8803 6.8772 -0.4479
v  -1.1476 7.3436 3.4730
v  0.9262 7.9202 4.4109
v  0.9731 7.8865 4.3498
v  0.8941 7.9609 4.5161
v  2.4460 8.2410 -0.5765
v  2.5382 8.1585 -0.5361
v  2.4942 8.0863 -0.6395
v  2.4031 8.2158 -0.6606
v  2.4240 8.3070 -0.5018
v  2.5532 8.2185 -0.4141
v  -2.1403 7.8280 0.9463
v  -2.1125 7.9516 0.9048
v  1.9961 8.1915 4.4130
v  2.1309 8.1127 4.4458
v  1.3797 7.6216 4.0490
v  1.5015 7.7140 4.1376
v  1.4259 7.5152 3.7603
v  1.5993 7.5605 3.7127
v  1.2124 7.4802 3.7659
v  1.8926 7.6996 4.1040
v  1.7857 7.8134 4.1723
v  1.6651 7.8487 4.0824
v  1.9979 7.6326 4.0190
v  2.3640 9.4170 3.0900
v  2.3856 9.4845 2.8119
v  2.2027 9.2789 3.5476
v  2.3535 9.2250 3.3632
v  -1.7436 7.6122 2.7560
v  -1.6725 7.5554 2.7238
v  1.2132 5.7261 -0.9270
v  1.2768 5.8019 -0.8396
v  2.9832 7.7462 2.9034
v  2.8403 7.7443 2.9006
v  3.6341 8.1298 1.8523
v  3.6102 8.1917 2.0180
v  1.2110 8.6451 -0.8808
v  3.1712 7.5047 1.2324
v  -1.7853 7.0169 0.5227
v  -1.6869 6.9925 0.3763
v  -1.7800 6.8625 0.5989
v  -1.9339 6.7978 0.7447
v  -1.9830 6.9827 0.6583
v  -1.6699 6.9027 2.1151
v  -1.7551 6.9061 2.1941
v  -2.2278 7.3301 1.4287
v  -2.2435 7.4379 1.5920
v  -2.2030 7.4109 1.3805
v  -2.1906 7.2600 1.2886
v  -2.1561 7.3905 1.2766
v  1.0097 9.8629 1.8115
v  1.2129 9.9781 1.7668
v  1.1155 9.9106 1.3628
v  1.4800 9.9708 1.0690
v  0.8345 9.9692 1.8130
v  0.9009 9.8286 1.2363
v  1.2218 9.9318 0.7384
v  2.9172 8.3936 4.2214
v  2.8486 8.4278 4.2763
v  2.2861 7.6261 -0.5810
v  2.3992 7.7389 -0.6634
v  2.3738 7.7318 -0.5314
v  2.3243 7.6392 -0.4619
v  1.2388 8.1593 4.4477
v  0.6547 8.0036 4.5539
v  0.7558 7.8962 4.5274
v  2.7119 9.3684 2.6606
v  2.6256 9.4704 2.4556
v  2.5616 9.3477 2.6365
v  2.5244 9.4601 2.5139
v  2.5112 9.3821 2.7969
v  0.3773 7.0770 3.6743
v  0.2709 6.9823 3.7628
v  0.3651 6.9659 3.6397
v  0.3817 7.1614 3.5689
v  0.4034 7.0276 3.4930
v  2.6803 9.3602 0.5308
v  2.8681 9.2004 0.7081
v  2.6055 9.1653 0.2214
v  2.4444 9.4274 0.4734
v  2.1933 9.1224 -0.0180
v  1.4280 5.7663 -0.5178
v  3.3158 7.6030 0.9531
v  3.3000 7.5914 0.8183
v  3.2543 7.7026 0.8728
v  3.2874 7.6804 0.9568
v  3.2953 7.7497 1.0501
v  3.3571 7.6712 1.0835
v  3.2226 7.7980 0.9325
v  -0.4870 5.9475 2.5765
v  -0.3843 5.9341 2.7026
v  -0.5603 5.9625 2.4453
v  -0.6766 5.9687 2.4223
v  -2.0369 5.3849 0.9876
v  -2.0448 5.4566 1.0792
v  -1.9567 5.5568 1.0548
v  0.3155 6.8659 3.4333
v  0.1080 6.8720 3.3417
v  0.0762 6.7109 3.2512
v  -0.2444 6.9408 3.1849
v  3.5008 8.0053 1.7629
v  3.6191 8.0823 1.6958
v  3.6379 7.8907 1.7590
v  0.5560 7.2542 3.5388
v  0.6079 7.1980 3.7432
v  -2.0502 6.8758 2.0433
v  -1.9850 6.8377 2.1368
v  -2.0752 6.8866 2.1896
v  -2.1179 6.9249 2.0708
v  -1.0500 8.4207 3.2762
v  -0.9997 8.3264 3.5107
v  -0.9077 8.4418 3.5905
v  -1.0020 8.5360 3.4274
v  -1.0967 8.6153 3.2709
v  -1.1366 8.5350 3.2141
v  -1.7780 5.5360 -0.2364
v  1.4416 6.6099 -1.1010
v  1.2694 6.6244 -1.1383
v  1.0508 6.6551 -1.2638
v  1.9692 7.2965 -0.3635
v  2.0132 7.2740 -0.2714
v  2.0097 7.3831 -0.2473
v  1.9427 7.3885 -0.3879
v  1.9402 7.2893 -0.5295
v  2.9069 9.1319 2.8368
v  2.9351 9.0266 2.8725
v  -0.9970 8.8656 3.1579
v  -0.9153 8.7875 3.3247
v  -1.5246 6.1261 1.9069
v  -1.6309 6.1604 1.9130
v  -1.6072 6.0780 1.7557
v  -1.4645 6.1091 1.7678
v  0.2525 9.8176 1.1809
v  0.4266 9.7608 1.0905
v  2.4978 9.3734 2.6263
v  2.4316 9.4249 2.5494
v  2.3963 9.4599 2.6421
v  2.4709 9.3888 2.6814
v  -1.7114 6.2298 1.8270
v  -1.7066 6.2966 1.7018
v  -0.6303 5.5815 -1.2489
v  -0.5268 5.7468 -1.2731
v  -0.5585 5.5867 -1.3738
v  -0.4101 5.7263 -1.3949
v  -0.5718 5.4595 -1.3739
v  -0.7238 5.4472 -1.2572
v  1.8979 7.3170 -0.6832
v  1.9946 7.3454 -0.5794
v  1.9708 7.4363 -0.6018
v  1.9122 7.3723 -0.7445
v  1.9956 7.4312 -0.7406
v  2.0541 7.4717 -0.6137
v  -0.5312 6.3052 2.3406
v  -0.6008 6.2858 2.2682
v  3.0754 8.7328 0.2830
v  3.2131 8.5944 0.3121
v  1.3813 6.1907 -0.6919
v  1.2629 6.2549 -0.8222
v  2.8413 7.5588 0.3782
v  2.7584 7.5148 0.4819
v  -2.1070 7.9808 1.0748
v  -2.0361 8.0519 1.2755
v  3.3690 7.8519 1.2044
v  3.3825 7.7947 1.1568
v  3.5196 8.4085 2.2315
v  3.4860 8.4355 2.3929
v  2.0652 7.3248 0.1679
v  -0.8445 6.5289 -0.8697
v  -0.5905 6.7733 -1.0571
v  -0.9095 6.7105 -0.8887
v  -0.4281 6.7050 -1.1272
v  -0.5483 6.4559 -1.0412
v  0.9368 7.5955 4.2754
v  1.0093 7.4878 4.2905
v  1.0074 7.6248 4.2283
v  1.0830 7.5670 4.2578
v  1.0266 7.7004 4.2760
v  0.9019 7.7152 4.2876
v  1.1231 7.6382 4.3601
v  0.6358 5.3043 -1.4490
v  0.8036 5.1107 -1.1827
v  0.8662 4.9067 -1.0806
v  -1.4681 5.4571 1.2986
v  -1.5994 5.4284 1.3184
v  -1.5931 5.3246 1.2818
v  -1.7233 5.2720 1.2238
v  -1.7607 5.3820 1.2813
v  -1.6536 4.7571 0.2044
v  -1.6961 4.8672 0.1700
v  -1.6245 4.7764 0.0034
v  -1.5934 4.6031 0.0616
v  -1.6287 4.8073 0.3626
v  -1.5471 4.6277 0.2615
v  -1.2832 7.6090 3.0392
v  2.7291 7.9765 4.0830
v  2.7061 7.9632 4.2188
v  1.3675 5.9585 -0.7693
v  0.8484 7.8319 4.4346
v  0.9357 7.8264 4.3130
v  0.9064 7.3289 4.3512
v  0.9507 7.4058 4.3063
v  0.7888 7.4276 4.4002
v  0.8392 7.5378 4.3249
v  2.2864 7.6884 3.8570
v  2.1829 7.6578 3.8096
v  -1.5093 4.7933 0.7967
v  -1.3500 4.7419 0.7400
v  2.2542 8.0835 4.4569
v  2.3759 8.0854 4.4301
v  2.9251 8.1097 -0.0429
v  2.8241 8.0052 -0.0828
v  1.9759 7.7593 4.0910
v  1.9190 7.8050 4.2010
v  1.9962 8.5959 -0.6432
v  2.0570 8.7621 -0.3741
v  2.2778 8.8062 -0.3885
v  3.0046 8.2845 3.9949
v  3.0988 8.3637 3.9401
v  2.8400 8.2681 3.9859
v  2.8499 8.3203 4.1479
v  2.7742 8.2730 4.0519
v  0.9674 4.9316 -1.0042
v  0.8988 4.7599 -1.0452
v  2.0458 7.5683 3.9142
v  3.2828 8.4441 0.3146
v  3.2611 8.3032 0.3404
v  2.6891 8.1060 -0.1696
v  2.6580 7.9116 -0.1458
v  2.6293 7.8891 -0.2501
v  2.6385 8.0584 -0.3203
v  2.7447 7.8860 -0.0453
v  -0.4490 7.0922 3.9053
v  -0.4148 7.9072 3.8736
v  -0.5942 7.6707 3.8206
v  -0.4850 7.6435 3.9139
v  -0.4298 7.5834 4.0306
v  -0.1421 8.1707 3.9789
v  -0.2749 8.1088 3.8302
v  -2.0032 8.1179 1.5808
v  -1.7873 5.5086 0.0924
v  -1.7535 5.6160 0.1343
v  -1.7755 5.6495 0.0095
v  -1.9096 5.6069 0.1594
v  -1.8205 6.0987 0.4964
v  -1.7274 6.1945 0.4691
v  2.5004 9.3800 3.0499
v  1.3945 7.8203 4.5411
v  1.3913 7.6625 4.4437
v  2.0058 9.5370 2.4390
v  2.0320 9.6185 2.5665
v  1.4268 9.9430 1.8303
v  2.9611 7.8255 2.0340
v  -1.2013 8.6758 3.0892
v  -1.8762 5.8630 1.2171
v  2.0504 8.2674 -0.9055
v  1.8485 8.3698 -0.8144
v  3.2875 7.9571 0.2954
v  3.3269 7.9280 0.3813
v  3.2536 7.8209 0.3103
v  3.3069 8.0332 0.2837
v  3.3713 8.0258 0.4126
v  3.1479 7.8210 3.0723
v  3.2977 7.9183 3.0038
v  -0.9058 6.4609 2.1221
v  -0.8008 6.4391 2.1859
v  -1.9579 5.4460 0.5255
v  -2.0191 5.4845 0.4202
v  -1.9012 5.3630 0.6803
v  1.9043 7.2043 -0.7089
v  -0.6658 6.4290 2.1923
v  1.6576 9.9070 1.4110
v  1.9957 9.7861 1.0319
v  2.0117 9.8792 1.2809
v  2.0251 9.6320 0.7661
v  2.7541 7.3097 1.3205
v  2.7727 7.3884 1.1623
v  -1.6163 5.5287 -0.4691
v  -1.2464 7.3938 2.8892
v  -1.2936 7.6461 2.9368
v  -1.1789 7.2937 2.7580
v  2.7669 9.0136 0.1978
v  3.0054 9.1080 0.5833
v  3.1190 8.9606 0.5059
v  2.5415 8.8599 -0.0766
v  -1.1994 6.5040 2.4252
v  -1.1461 6.4136 2.3389
v  -0.9780 6.4004 2.2212
v  -1.0530 6.3415 2.3181
v  -0.5578 6.3070 -1.0314
v  -0.4624 6.2906 -1.0745
v  -1.9062 5.2780 1.0993
v  -1.9668 5.3580 0.8455
v  -1.6846 8.3487 0.7178
v  -1.7077 8.4699 0.6090
v  -1.6973 8.5612 0.8633
v  -1.6760 8.6497 0.6732
v  -1.5793 8.6571 0.4157
v  2.8368 9.3061 1.7394
v  -0.6603 6.9866 2.6013
v  -2.0791 6.9771 2.1964
v  -2.0327 7.0273 2.2772
v  -1.9909 6.9242 2.3306
v  -0.5819 9.5331 2.3417
v  -0.6824 9.4944 2.2233
v  -0.7212 9.5467 2.0476
v  -0.5030 9.6069 2.0624
v  3.0344 9.0730 1.3803
v  2.9498 9.1224 1.0781
v  2.8212 9.1588 1.8860
v  2.2076 8.9769 -0.2517
v  2.3830 8.9487 -0.1642
v  1.9697 8.9495 -0.3814
v  1.7105 6.5968 0.0363
v  1.7472 6.5298 0.0423
v  -1.6264 7.3709 -0.1440
v  1.7122 6.4767 -0.0607
v  1.6494 6.6004 -0.0480
v  -1.4427 4.4389 0.2598
v  -1.4398 4.6407 0.4729
v  -1.4816 4.4937 0.1774
v  -1.4373 4.4600 0.0308
v  -1.3709 4.3551 0.0624
v  -0.6297 5.2746 -1.3083
v  -0.2283 5.9322 -1.3054
v  0.6518 7.5450 4.4669
v  0.7802 7.6777 4.4544
v  0.6259 7.7690 4.5572
v  1.6170 6.6424 -0.1946
v  1.5980 6.7097 -0.3266
v  1.7186 6.7708 -0.2463
v  1.6852 6.7131 -0.1774
v  1.3362 9.2288 3.6947
v  3.6794 7.8023 1.7624
v  3.6665 7.7489 1.6948
v  3.6623 7.6627 1.8145
v  2.7526 9.5012 1.7125
v  2.6360 9.5882 1.5986
v  -0.2142 7.0344 3.9417
v  1.0885 4.9096 -0.8766
v  1.2516 5.5387 -0.7774
v  1.2330 5.6201 -0.6139
v  0.9334 4.6794 -0.9147
v  -0.8544 3.8356 -0.9902
v  -0.4961 3.8263 -1.1915
v  -1.2839 4.3383 0.1333
v  -1.3211 4.2454 -0.1455
v  -1.4278 4.3546 -0.1473
v  -1.5246 4.5090 -0.1576
v  -1.5857 4.6781 -0.1882
v  -1.6956 4.9125 -0.0571
v  -1.6131 4.8428 -0.2196
v  -1.7379 5.0046 0.1044
v  -1.3017 4.4630 0.2857
v  -1.1402 5.4224 1.3967
v  -1.1574 5.7296 1.5685
v  -1.2139 5.5075 1.4165
v  -1.2729 5.7072 1.5070
v  -1.2870 5.7566 1.6550
v  2.3539 6.5929 0.3358
v  0.8156 7.1742 3.6574
v  0.8609 7.1372 3.7890
v  0.9435 7.2319 3.8548
v  1.1786 7.3860 3.6978
v  1.4150 7.4378 3.6998
v  -0.2346 6.1155 2.9566
v  -0.3814 6.1469 2.8580
v  -0.4653 6.1921 2.7060
v  -0.2864 6.3479 3.0145
v  -0.5431 6.1996 2.5638
v  -0.2319 6.5667 3.1297
v  -0.1738 6.7089 3.2531
v  -0.0854 6.8976 3.2874
v  -0.1085 7.2056 3.9601
v  -0.1393 7.2488 4.1010
v  -0.3097 7.1273 4.0542
v  -0.1798 7.3654 4.0550
v  -0.3278 7.3042 4.0595
v  -0.4889 7.2945 4.0150
v  -0.2724 7.4599 4.1333
v  -0.3802 7.5082 4.1189
v  -0.5847 7.3353 3.9313
v  -0.6513 7.3843 3.8315
v  -0.1575 7.4561 4.0955
v  -0.0764 7.4581 4.0684
v  -0.0876 7.4300 4.0143
v  2.3389 9.6326 1.3383
v  2.3452 9.7730 1.5281
v  2.0271 9.8439 1.4993
v  3.6340 7.6626 1.9773
v  3.5293 7.5748 1.9614
v  3.5574 7.6021 1.7732
v  3.4042 7.5411 1.9111
v  3.4409 7.5796 1.7204
v  3.2959 7.5243 1.8546
v  3.3453 7.5562 1.6660
v  3.3844 7.6455 1.5027
v  3.2515 7.6983 1.4886
v  3.4661 7.6685 2.1458
v  3.5913 7.7613 2.1218
v  1.1175 9.2248 3.7074
v  1.0285 9.0047 3.9005
v  0.9144 9.1661 3.7074
v  0.8752 8.9357 3.8568
v  1.0265 8.7132 3.9687
v  1.1176 8.4673 4.0800
v  1.2557 8.2604 4.0700
v  1.3014 8.1185 4.2323
v  1.3852 8.1070 4.0764
v  1.4482 8.0012 4.2625
v  1.4834 7.9835 4.1023
v  1.5923 7.9937 4.1057
v  1.7072 7.9822 4.1897
v  1.5346 7.8751 4.0681
v  1.5266 7.8540 4.2324
v  1.4241 8.0308 4.4642
v  1.4990 7.8477 4.4006
v  1.4699 7.6808 4.2998
v  1.3159 7.5568 4.3184
v  1.3647 7.5741 4.1966
v  1.2184 7.4724 4.2233
v  1.2290 7.5801 4.3833
v  1.1632 7.4697 4.3169
v  1.0679 7.4103 4.2477
v  1.8418 7.9437 4.2732
v  1.9875 7.8714 4.3561
v  1.9565 8.0360 4.4070
v  2.1072 7.9717 4.4601
v  2.1463 7.8361 4.4112
v  0.7049 9.1426 3.7779
v  0.7150 9.2835 3.5410
v  0.4854 9.2039 3.6026
v  0.5142 9.0202 3.7824
v  0.2483 9.1053 3.7014
v  -0.0797 9.1306 3.5986
v  0.0154 8.9945 3.7902
v  -0.2391 8.9740 3.6212
v  -0.1734 8.8665 3.8034
v  -0.1059 8.6823 3.9776
v  -0.2922 8.7628 3.7352
v  -0.2460 8.5918 3.8880
v  -0.1980 8.3813 3.9928
v  -0.0287 8.4781 4.0920
v  0.0332 8.2913 4.1298
v  0.1608 8.3227 4.4239
v  0.4211 8.3493 4.4986
v  -0.3246 8.5192 3.7696
v  -0.3044 8.3224 3.8693
v  -0.3978 8.4743 3.7119
v  -0.3852 8.3101 3.8042
v  -0.4348 8.1208 3.8526
v  -0.4981 8.3217 3.8359
v  -0.5666 8.1514 3.9015
v  -0.5615 7.9199 3.8296
v  -0.7122 7.6948 3.7362
v  -0.5092 8.4766 3.7480
v  -0.5834 8.6149 3.6054
v  -0.6949 8.5868 3.6430
v  -0.8053 8.6968 3.4932
v  -0.8874 8.6111 3.4629
v  -0.7883 8.5139 3.6147
v  -0.9977 8.6979 3.2970
v  -1.1068 8.7777 3.1168
v  -0.3053 8.8545 3.5985
v  -0.1899 9.1934 3.4094
v  -0.3476 9.0415 3.4848
v  -0.3143 9.2279 3.2845
v  1.7613 6.9467 -0.1561
v  1.8760 7.0199 -0.0894
v  1.6869 6.5460 -0.2324
v  1.6883 6.6368 -0.3926
v  1.8611 6.6289 -0.4047
v  1.8664 6.7511 -0.4722
v  1.8957 6.5757 -0.4797
v  1.9427 6.7280 -0.5516
v  1.9895 6.8849 -0.5007
v  0.4948 7.8837 4.5535
v  -0.4221 5.9492 -1.2465
v  -0.3279 6.1254 -1.1645
v  -0.1551 6.1792 -1.3061
v  -0.2960 6.3045 -1.1362
v  -0.0701 6.3526 -1.2060
v  -0.0539 6.5146 -1.2188
v  0.3037 6.7543 -1.2513
v  0.7106 6.7264 -1.3092
v  0.3376 6.9172 -1.3360
v  0.8060 6.8803 -1.3992
v  -0.1420 6.9806 -1.3160
v  0.3297 7.1726 -1.3888
v  0.8303 7.1638 -1.4046
v  -0.2479 7.2522 -1.2710
v  0.2621 7.6382 -1.3565
v  -0.0492 8.0143 -1.2230
v  0.2217 8.3947 -1.1266
v  0.5320 8.1003 -1.2758
v  0.3925 8.7915 -1.0266
v  0.1569 8.9384 -0.8295
v  0.5513 9.1253 -0.7741
v  0.3196 9.2410 -0.5725
v  -0.0613 9.0586 -0.6984
v  0.1019 9.2993 -0.4104
v  0.1655 9.6100 -0.1071
v  0.4289 9.5003 -0.2243
v  -0.2563 9.1423 -0.6054
v  -0.1229 9.3825 -0.3244
v  -0.0726 9.6002 0.0003
v  -0.0679 9.7470 0.4226
v  -0.2945 9.3205 -0.1927
v  -0.2791 9.5667 0.0699
v  -0.2415 9.7134 0.4506
v  -0.0905 9.8473 0.8423
v  -0.2441 9.7958 0.8637
v  -0.4493 9.4546 0.1593
v  -0.3070 9.5279 0.5195
v  -0.3554 9.6825 0.8897
v  -0.3010 9.7787 1.2490
v  -0.1688 9.8693 1.2508
v  -0.4730 9.4530 0.5687
v  -0.4299 9.5266 0.9307
v  -0.3937 9.6423 1.2561
v  -0.3870 9.7339 1.5362
v  -0.2191 9.7776 1.5627
v  -0.6220 9.5186 0.9309
v  -0.5600 9.5780 1.2501
v  -0.5778 9.6918 1.5144
v  -0.6353 9.6608 1.7742
v  -0.4118 9.6656 1.7983
v  -0.7699 9.5354 1.2261
v  -0.8216 9.6561 1.4806
v  -0.9120 9.6510 1.7412
v  -0.9705 9.4870 1.9650
v  -1.2005 9.5075 1.6781
v  -1.2746 9.3716 1.8985
v  -1.4692 9.3494 1.5392
v  -1.5243 9.1698 1.7235
v  -1.5632 8.7988 1.6327
v  -0.8369 9.5150 0.9304
v  -0.7115 9.4506 0.6032
v  -0.9165 9.3689 0.6711
v  -1.1241 9.3335 0.7573
v  -1.0197 9.1899 0.4709
v  -1.2251 9.1727 0.6283
v  -1.1478 9.0752 0.3203
v  -1.3082 9.0203 0.5714
v  -1.2320 8.8653 0.2223
v  -1.4379 8.8738 0.4937
v  -0.9607 9.1510 0.1284
v  -0.8283 9.3022 0.3378
v  -0.6244 9.3863 0.2411
v  -0.7390 9.2001 0.0081
v  -0.5128 9.2434 -0.0872
v  -0.6204 9.0695 -0.3239
v  -0.4043 9.1074 -0.4652
v  -0.5669 8.8335 -0.6694
v  -0.7627 8.8164 -0.5409
v  -0.6894 8.4554 -0.8524
v  -0.8763 8.4368 -0.7119
v  -0.9575 7.9183 -0.8434
v  -1.1509 7.9471 -0.7151
v  -1.0750 7.3893 -0.8930
v  -1.2094 7.4551 -0.7797
v  -1.3203 7.5304 -0.6080
v  -1.2936 7.0849 -0.7209
v  -1.3512 7.1857 -0.6006
v  -1.3732 7.2586 -0.4490
v  -1.4582 7.5714 -0.4298
v  -1.5725 7.5092 -0.2655
v  -1.4470 6.9516 -0.5185
v  -1.4896 7.0530 -0.4382
v  -1.5519 6.8927 -0.2977
v  -1.5032 6.7960 -0.3428
v  -1.5509 6.7384 -0.0885
v  -1.5090 6.6586 -0.1409
v  -1.4898 6.5523 0.1213
v  -1.4946 6.6265 0.2382
v  -1.4955 6.3477 0.3317
v  -1.3733 6.6056 -0.1726
v  -1.3884 6.7350 -0.3527
v  -1.3042 6.5210 -0.2840
v  -1.3301 6.6506 -0.4115
v  -1.3830 6.8546 -0.5626
v  -1.3023 6.7668 -0.5960
v  -1.1976 6.9711 -0.8005
v  -1.0879 6.8761 -0.8496
v  -0.9899 6.8180 -0.8730
v  -1.0676 6.5420 -0.7003
v  -1.0535 6.3959 -0.7697
v  -0.3728 9.7540 2.1091
v  -0.2520 9.7823 1.8448
v  -0.1962 9.8327 2.1584
v  -0.0916 9.8840 1.8836
v  -0.0658 9.8607 1.5858
v  0.0790 9.8819 1.8982
v  0.0664 9.8929 1.5773
v  -0.0312 9.8985 1.2356
v  0.2344 9.8920 1.5474
v  0.1171 9.8773 1.2076
v  0.4214 9.9272 1.4969
v  0.4353 9.9120 1.8796
v  0.6181 10.0000 1.8499
v  0.6006 9.8853 1.4174
v  0.2660 9.8222 1.8913
v  0.1941 9.7144 2.2201
v  0.3641 9.7868 2.2683
v  0.0088 9.8251 2.1981
v  0.5364 9.9360 2.2986
v  0.7440 9.9451 2.3040
v  0.6757 9.8386 0.8585
v  1.0424 9.8585 0.5003
v  0.8903 9.8128 0.2344
v  1.1747 9.6533 -0.0058
v  0.7707 9.7099 -0.1303
v  0.6779 9.4163 -0.4678
v  1.3976 9.4700 -0.1005
v  1.6202 9.3254 -0.1170
v  1.8759 9.2107 -0.0750
v  1.9957 9.3928 0.2349
v  2.0869 9.6136 0.4497
v  -0.4226 9.6532 2.3757
v  -0.9083 5.1131 -1.2708
v  -0.8030 5.2997 -1.2323
v  1.8897 8.7918 -0.6657
v  1.8104 8.5920 -0.8777
v  1.8456 8.2155 -1.0665
v  1.6938 8.3581 -0.9964
v  1.6516 8.5256 -1.0922
v  1.6388 8.1327 -1.1810
v  1.7874 7.9692 -1.2265
v  2.0236 8.0896 -1.1378
v  2.1683 7.9286 -1.1308
v  2.2229 8.1183 -0.9818
v  2.3629 7.9506 -0.9828
v  2.2733 7.7697 -1.0719
v  2.3506 8.0578 -0.8231
v  2.4512 7.9020 -0.7810
v  2.4210 7.7774 -0.8906
v  2.3375 8.1362 -0.7177
v  2.4157 7.9992 -0.6852
v  2.4133 7.8792 -0.6094
v  2.5364 7.9447 -0.5601
v  2.5367 7.8021 -0.5073
v  2.3845 7.8212 -0.5346
v  2.6129 8.0028 -0.4571
v  2.6135 7.8377 -0.3887
v  2.3272 7.6268 -0.9737
v  2.4749 8.7795 -0.3263
v  2.3575 8.6024 -0.3856
v  2.4508 8.4062 -0.3944
v  2.5967 8.2941 -0.2956
v  2.9365 9.1243 2.0525
v  3.0592 9.0385 2.2175
v  3.1584 8.9310 2.3649
v  3.2616 8.9052 2.1684
v  3.3127 8.8270 1.9599
v  3.2453 8.8215 2.4821
v  3.3476 8.8134 2.2854
v  3.4153 8.7616 2.0803
v  3.4100 8.6571 1.8990
v  3.4337 8.7338 2.3893
v  3.4905 8.6913 2.1846
v  3.4998 8.6087 2.0031
v  3.5530 8.5628 1.8409
v  3.4844 8.6424 1.7296
v  3.5284 8.6057 2.2700
v  3.5460 8.5463 2.0922
v  3.6065 8.4945 1.9366
v  3.6885 8.4506 1.7810
v  3.6199 8.5340 1.6787
v  3.5544 8.4770 2.1679
v  3.6132 8.4183 2.0117
v  3.7044 8.3553 1.8626
v  3.7546 8.2979 1.7091
v  3.7506 8.4053 1.6276
v  3.5807 8.3464 2.0771
v  3.6716 8.2680 1.9376
v  3.7176 8.2001 1.7814
v  3.6309 8.4418 1.3747
v  3.6779 8.5112 1.5167
v  3.5462 8.6072 1.3882
v  3.5641 8.6618 1.5587
v  3.3847 8.6748 1.2189
v  3.2583 8.7272 0.9890
v  3.3117 8.6443 0.6425
v  3.2231 8.7709 0.7285
v  3.1206 8.8791 0.8389
v  3.2066 8.7985 0.4760
v  3.0467 9.0112 0.9575
v  3.3191 8.6472 0.4472
v  3.3831 8.4679 0.4387
v  3.3929 8.3061 0.4433
v  3.3443 8.1964 0.4614
v  3.2220 8.1917 0.3552
v  3.2713 8.1196 0.3173
v  3.3493 8.1149 0.4458
v  3.3424 8.0912 0.5649
v  3.4068 7.9938 0.5339
v  3.4001 7.8770 0.4708
v  3.4352 7.9577 0.6607
v  3.3886 7.8338 0.5912
v  3.3596 7.6810 0.5082
v  3.3405 7.7354 0.3897
v  3.3538 7.7821 0.7074
v  3.2456 7.6997 0.6126
v  3.1932 7.5693 0.5883
v  3.2355 7.5632 0.4756
v  3.2280 7.7577 0.7764
v  3.2722 7.6347 0.7057
v  3.2453 7.5057 0.6713
v  3.1523 7.4073 0.6873
v  3.2974 7.4677 0.7947
v  3.2013 7.3799 0.8191
v  3.0300 7.3441 0.7268
v  3.0827 7.3352 0.8606
v  3.3483 7.4958 0.9545
v  3.2557 7.4196 0.9907
v  3.1593 7.3689 1.0365
v  3.0397 7.3936 1.0564
v  2.9493 7.3930 0.8890
v  3.3474 7.5174 1.1592
v  3.2759 7.5040 1.2098
v  3.3856 7.6512 1.2532
v  3.3771 7.5917 1.1118
v  2.8771 7.3726 0.7682
v  2.8671 7.4661 1.0488
v  3.2160 7.6060 0.3462
v  2.9638 7.6364 0.3237
v  3.1113 7.7220 0.2849
v  3.5170 8.3617 1.2944
v  3.4426 8.2609 1.2932
v  3.2093 8.2552 1.2451
v  3.1546 8.2575 1.0730
v  3.1145 8.2412 0.9295
v  3.5305 8.5166 2.3390
v  3.4676 8.6234 2.4670
v  3.4708 8.5204 2.5183
v  3.4354 8.4256 2.5487
v  3.4621 8.4947 2.7233
v  3.3971 8.6018 2.6731
v  3.4595 8.6449 2.9141
v  3.5243 8.4684 2.9479
v  3.3188 8.7017 2.5789
v  3.3179 8.7606 2.7902
v  2.0549 7.8493 3.5701
v  2.2129 7.8610 3.4936
v  2.0627 7.6803 3.7659
v  1.7749 6.0946 -0.3254
v  -1.8868 6.8627 2.2870
v  -1.7982 6.8843 2.4456
v  -1.9213 6.9794 2.4903
v  -2.0453 7.0781 2.4092
v  -1.8672 7.0651 2.6337
v  -2.0166 7.1843 2.5035
v  -2.1068 7.2499 2.2801
v  -2.1560 7.2443 2.0535
v  -2.0948 7.3652 2.2700
v  -2.1692 7.3350 1.9976
v  -2.2862 7.2451 1.7874
v  -2.2894 7.3399 1.6863
v  -2.2654 7.2213 1.5065
v  -2.2960 7.1179 1.6033
v  -2.2072 7.0169 1.4534
v  -2.1638 6.9241 1.5577
v  -2.2107 7.1301 1.3567
v  -2.2302 7.0619 1.2206
v  -2.2269 6.9133 1.3317
v  -2.1924 7.2241 1.1569
v  -2.2013 7.0067 1.0725
v  -2.1413 7.3813 1.1343
v  -2.0631 7.4946 1.1460
v  -2.1270 6.9767 0.8738
v  -2.0875 6.7906 0.9969
v  -2.1627 6.8431 1.1972
v  -2.1780 6.7869 1.4564
v  -2.0919 6.6781 1.5746
v  -1.6842 8.4449 1.0024
v  -1.7478 8.2266 0.8327
v  -1.6007 8.5274 1.2692
v  -1.6687 8.4463 1.4272
v  -1.6168 8.6297 1.5096
v  -1.4952 8.7054 1.3556
v  -1.7982 8.3945 1.5751
v  -1.7783 8.5666 1.6474
v  -1.9205 8.2286 1.4573
v  -1.8420 8.2595 1.7461
v  -1.9110 8.1256 1.9215
v  -1.8521 8.2488 2.0456
v  -1.8176 8.4191 1.8469
v  -1.7841 8.5885 1.9622
v  -1.6771 8.7155 1.7785
v  -1.8891 7.9909 2.0409
v  -1.9230 5.3831 1.1787
v  -0.9451 6.3002 2.3399
v  -0.8657 6.3463 2.2233
v  -1.2414 6.3525 2.3293
v  -1.1429 6.2505 2.3295
v  -1.0079 6.1946 2.3291
v  -0.8847 6.1535 2.4037
v  -0.8263 6.2847 2.3890
v  -1.0656 6.0828 2.2706
v  -0.9280 6.0109 2.3385
v  -0.7999 5.9784 2.4004
v  -0.7269 6.2912 2.2144
v  -1.2760 6.5009 2.3090
v  -1.2607 6.6582 2.3068
v  -1.3696 6.6411 2.3446
v  -1.2147 6.8057 2.3256
v  -1.9804 5.5572 0.2783
v  -1.1656 7.4854 2.8934
v  -1.1380 7.2906 2.6159
v  -1.1212 7.2034 2.5669
v  -0.9950 7.1202 2.5448
v  -0.9845 7.0555 2.4703
v  -1.1628 7.4510 2.9832
v  -1.1663 7.3847 3.0903
v  -1.1309 7.2766 3.2146
v  -0.9410 7.1880 3.0780
v  -1.7001 5.5356 -0.3546
v  -1.6623 5.7280 -0.3824
v  -1.7327 5.7209 -0.2532
v  -1.6481 5.8961 -0.2046
v  -1.5718 5.9056 -0.3468
v  -1.7837 5.6910 -0.1233
v  -1.7458 5.8583 -0.0863
v  2.7723 7.1691 1.2360
v  3.2571 7.9149 2.7813
v  3.1222 7.8062 2.8497
v  2.3753 7.7737 -0.0410
v  2.4922 7.6520 0.0368
v  2.5036 7.8746 -0.0486
v  2.6516 7.7476 -0.0007
v  2.9488 7.7216 2.1037
v  2.9384 7.6238 2.1385
v  2.2188 9.4865 2.5534
v  2.2886 9.5605 2.4765
v  2.0644 9.6793 2.3628
v  2.3953 9.6236 2.4067
v  2.1536 9.7693 2.2539
v  2.4781 9.6299 2.2960
v  2.2347 9.7775 2.0927
v  2.0582 9.7409 1.7066
v  2.4984 9.2470 3.2904
v  2.4219 9.0546 3.6496
v  2.5674 9.0492 3.5330
v  2.6862 9.0359 3.4234
v  2.7082 8.9263 3.7586
v  2.8416 8.9150 3.6261
v  2.9640 8.8973 3.4762
v  3.0083 8.7990 3.3199
v  2.8887 8.7520 3.7350
v  3.0811 8.7854 3.6317
v  3.1224 8.6786 3.4817
v  3.0745 8.6423 3.7644
v  3.1900 8.5621 3.6458
v  3.1646 8.4437 3.7955
v  3.2685 8.3455 3.7174
v  3.2910 8.2059 3.6176
v  3.1853 8.2546 3.8624
v  3.2351 8.1253 3.8009
v  3.2929 7.9583 3.7556
v  3.3793 8.0457 3.5575
v  2.9378 8.6846 3.8750
v  3.0258 8.9166 3.0024
v  2.5717 8.9676 3.8969
v  2.3106 9.1519 3.8390
v  2.4513 9.0172 4.0625
v  2.1687 9.1692 4.0671
v  2.3431 8.9910 4.2287
v  2.5155 8.8089 4.2871
v  2.5909 8.5668 4.3647
v  2.6595 8.6795 4.2741
v  2.7414 8.4911 4.3329
v  2.5192 8.4381 4.3495
v  2.6664 8.3955 4.2768
v  2.7695 8.3492 4.2100
v  2.5892 8.3323 4.1619
v  2.6903 8.3016 4.0993
v  2.6197 8.2297 4.0369
v  2.5223 8.2422 4.1093
v  2.7011 8.2156 3.9827
v  2.5864 8.1233 4.0518
v  2.6694 8.1242 3.9808
v  2.6292 8.0427 4.1282
v  2.6865 8.0452 4.0181
v  2.5076 8.1367 4.1437
v  2.5928 8.0763 4.2667
v  2.6340 7.9739 4.3348
v  2.4969 8.0868 4.3709
v  2.4616 8.3647 4.2220
v  2.0297 8.9583 4.1899
v  1.9590 8.6932 4.2095
v  2.1482 7.3345 -0.0866
v  2.1361 7.3901 -0.2572
v  2.0698 7.3941 -0.4312
v  2.0407 7.4952 -0.4386
v  2.0753 7.5820 -0.4540
v  2.1926 7.5741 -0.5095
v  1.2116 6.2621 -1.0104
v  1.2382 6.4193 -0.9684
v  0.9571 6.3025 -1.0546
v  1.0948 6.4158 -1.1153
v  1.1880 6.5226 -1.1079
v  1.3765 6.4601 -1.0525
v  0.8448 6.1749 -1.1291
v  0.8482 6.0983 -1.2494
v  0.9030 5.9723 -1.3518
v  -0.9358 8.2366 3.6803
v  -0.8852 8.1384 3.7947
v  -1.8483 7.9372 2.5365
v  -1.8729 7.7981 2.4396
v  2.7112 7.1906 0.4804
v  1.9652 7.3805 -0.8768
v  1.5843 7.3942 -1.3007
v  1.8527 7.3093 -0.8773
v  0.9000 7.8114 -1.3096
v  1.0661 7.6918 -1.3470
v  0.7816 7.5536 -1.3695
v  1.0911 7.5023 -1.3689
v  2.9416 7.5452 2.1796
v  1.2792 7.5325 -1.3388
# 4562 vertices

vn 0.6297 -0.5576 0.5408
vn 0.6345 -0.6604 0.4016
vn 0.5854 -0.7201 0.3725
vn 0.2123 -0.5872 0.7811
vn 0.1624 0.4782 0.8631
vn 0.4384 0.5888 0.6791
vn 0.5107 0.5524 0.6589
vn 0.2477 0.2807 0.9273
vn 0.6835 0.0106 0.7299
vn 0.2687 -0.0746 0.9603
vn 0.0106 -0.1487 0.9888
vn 0.7205 -0.0438 0.6921
vn 0.4170 -0.7139 0.5625
vn 0.5722 -0.8201 0.0017
vn 0.9985 -0.0228 -0.0505
vn 0.9469 0.2239 0.2308
vn 0.7015 -0.6299 0.3333
vn 0.8437 0.2979 0.4465
vn 0.6213 0.3840 0.6830
vn 0.7272 -0.5843 0.3603
vn 0.2323 0.2788 0.9318
vn 0.1244 -0.5991 0.7909
vn 0.6815 0.2847 0.6742
vn 0.8366 0.2639 0.4801
vn 0.9401 0.1100 0.3227
vn 0.9838 -0.1710 0.0543
vn 0.6227 -0.6759 0.3942
vn 0.4559 -0.8566 0.2417
vn 0.5307 -0.5824 0.6158
vn 0.5355 -0.5672 0.6257
vn 0.7298 -0.6411 0.2375
vn 0.3813 0.0254 0.9241
vn 0.0205 0.2276 0.9735
vn 0.1202 0.2719 0.9548
vn 0.2393 0.0585 0.9692
vn 0.1771 0.0216 0.9840
vn 0.3872 -0.0618 0.9199
vn 0.3533 -0.1246 0.9272
vn 0.5367 -0.1493 0.8305
vn 0.5455 -0.0540 0.8364
vn 0.6830 -0.1209 0.7203
vn 0.6168 0.0840 0.7826
vn 0.8311 -0.3069 0.4639
vn 0.7489 -0.3521 0.5614
vn 0.7422 0.0651 0.6670
vn 0.5924 0.2196 0.7751
vn 0.6365 -0.5253 0.5647
vn 0.8043 -0.4812 0.3485
vn 0.5427 0.4226 0.7259
vn 0.7926 0.3895 0.4692
vn 0.8925 -0.2763 0.3565
vn 0.9402 -0.1870 0.2848
vn 0.9544 -0.1168 0.2748
vn 0.9102 -0.3846 0.1538
vn 0.9513 -0.0194 0.3078
vn 0.9808 -0.1883 -0.0511
vn 0.9583 -0.2804 -0.0553
vn 0.0847 0.5280 0.8450
vn -0.0198 0.4179 0.9083
vn 0.2576 0.0463 0.9651
vn 0.2742 -0.0471 0.9605
vn 0.2317 -0.6473 0.7262
vn 0.0815 -0.5840 0.8076
vn -0.3519 -0.1246 0.9277
vn -0.1394 -0.6349 0.7599
vn -0.0104 -0.7782 0.6279
vn -0.3134 -0.1723 0.9339
vn -0.0166 -0.7707 0.6370
vn -0.0979 -0.6127 0.7842
vn 0.1452 -0.7723 0.6185
vn 0.0470 -0.5935 0.8034
vn 0.3021 -0.7604 0.5750
vn 0.2798 -0.6201 0.7330
vn 0.4480 -0.7813 0.4346
vn 0.4316 -0.6878 0.5836
vn 0.7358 -0.6034 0.3076
vn 0.7692 -0.5580 0.3113
vn 0.5627 -0.7699 0.3011
vn 0.5136 -0.8175 0.2608
vn 0.9912 -0.1168 -0.0623
vn 0.6266 -0.6248 0.4658
vn 0.5891 -0.7249 0.3570
vn 0.8721 -0.1854 0.4528
vn 0.6357 -0.2206 0.7397
vn 0.7772 -0.1424 0.6129
vn -0.1844 -0.1771 0.9668
vn -0.2113 -0.1548 0.9651
vn 0.0077 -0.3140 0.9494
vn 0.6394 -0.3520 0.6836
vn 0.4659 -0.4751 0.7465
vn 0.6447 -0.2645 0.7172
vn 0.3242 -0.1481 0.9343
vn 0.4113 -0.3202 0.8534
vn 0.2554 -0.4490 0.8562
vn 0.0243 -0.1751 0.9842
vn 0.2354 -0.2673 0.9344
vn 0.0177 -0.2066 0.9783
vn 0.1071 -0.1208 0.9869
vn 0.2117 -0.0918 0.9730
vn -0.0056 0.0592 0.9982
vn -0.1718 0.1992 0.9648
vn -0.1372 0.1286 0.9822
vn -0.0574 -0.0901 0.9943
vn -0.0751 -0.1599 0.9843
vn 0.1158 -0.3289 0.9372
vn 0.0815 -0.4342 0.8971
vn 0.2887 -0.4643 0.8373
vn 0.2553 -0.6109 0.7494
vn 0.4718 -0.4997 0.7264
vn 0.3900 -0.7247 0.5681
vn 0.6115 -0.4598 0.6439
vn 0.5310 -0.7742 0.3445
vn 0.7405 -0.4503 0.4988
vn 0.6306 -0.7695 0.1008
vn 0.8125 -0.3980 0.4259
vn 0.6523 -0.7570 0.0388
vn 0.7743 -0.4420 0.4530
vn 0.5058 -0.7795 0.3695
vn -0.4853 0.1463 0.8620
vn -0.3589 0.1688 0.9180
vn -0.1155 0.0706 0.9908
vn 0.1559 0.1782 0.9716
vn 0.4856 0.0539 0.8725
vn 0.7862 0.1306 0.6040
vn 0.9233 0.3256 0.2037
vn 0.9565 0.2914 0.0145
vn 0.9662 0.2568 -0.0247
vn 0.9348 0.2160 0.2819
vn -0.1369 -0.1710 0.9757
vn 0.2036 0.1040 0.9735
vn -0.2308 -0.5505 0.8023
vn 0.2877 0.1663 0.9432
vn 0.3003 -0.2001 0.9326
vn 0.7065 -0.6947 0.1352
vn 0.8656 -0.5003 0.0205
vn 0.4504 -0.6089 0.6530
vn 0.1752 -0.5995 0.7809
vn 0.0391 -0.7144 0.6986
vn 0.1280 -0.9865 0.1025
vn 0.1843 -0.9791 0.0858
vn 0.1475 -0.9869 -0.0647
vn 0.0207 -0.9588 -0.2833
vn -0.0281 -0.9829 -0.1818
vn 0.4049 0.1444 0.9029
vn 0.7848 -0.0713 0.6157
vn -0.1568 -0.0617 0.9857
vn 0.0384 -0.3292 0.9435
vn 0.3800 -0.4358 0.8159
vn -0.2987 -0.4956 0.8156
vn -0.1008 -0.5907 0.8005
vn 0.7793 -0.5404 0.3173
vn -0.1396 -0.9891 0.0470
vn -0.2594 -0.9313 0.2558
vn -0.1282 -0.9909 -0.0403
vn -0.1564 -0.9720 0.1753
vn -0.2445 -0.7722 0.5864
vn -0.2701 -0.7991 0.5371
vn 0.0384 -0.7964 0.6036
vn 0.8520 -0.1144 0.5108
vn 0.1874 -0.5901 0.7853
vn 0.1548 -0.2663 0.9514
vn 0.4606 -0.5798 0.6721
vn 0.1955 0.0192 0.9805
vn 0.7817 -0.4558 0.4256
vn 0.7656 -0.4074 0.4979
vn 0.6638 -0.4484 0.5986
vn 0.5163 -0.4475 0.7302
vn 0.3672 -0.3925 0.8433
vn 0.2127 -0.2801 0.9361
vn 0.0821 -0.0504 0.9953
vn 0.1574 0.1908 0.9689
vn 0.3469 0.0704 0.9353
vn 0.2816 -0.3571 0.8906
vn 0.0162 -0.7811 0.6242
vn -0.0420 -0.9176 0.3953
vn 0.0318 -0.9198 0.3910
vn 0.1485 -0.9155 0.3740
vn 0.1997 -0.9535 0.2257
vn 0.2665 -0.9536 0.1403
vn 0.2960 -0.9402 0.1684
vn 0.2472 -0.9432 0.2222
vn 0.1282 -0.9380 0.3219
vn -0.2296 -0.4059 0.8846
vn -0.0644 -0.7231 0.6877
vn -0.1662 -0.0646 0.9840
vn -0.0567 0.0921 0.9941
vn -0.0650 0.0960 0.9932
vn -0.0510 0.1345 0.9896
vn 0.0674 0.1776 0.9818
vn 0.4830 0.2449 0.8407
vn 0.5733 0.1546 0.8046
vn 0.5911 -0.0179 0.8064
vn 0.5415 -0.0487 0.8393
vn 0.4237 -0.0819 0.9021
vn 0.3114 -0.0555 0.9487
vn 0.2117 0.0380 0.9766
vn 0.2603 0.1209 0.9579
vn 0.2829 0.1045 0.9534
vn 0.2790 -0.0049 0.9603
vn 0.1801 -0.3717 0.9107
vn -0.1493 -0.6380 0.7554
vn -0.2336 -0.6763 0.6986
vn -0.0597 -0.6056 0.7936
vn 0.1374 -0.5605 0.8167
vn 0.2687 -0.7576 0.5948
vn 0.2826 -0.9533 0.1061
vn 0.2766 -0.9567 0.0906
vn 0.1300 -0.9738 0.1863
vn -0.0528 -0.9665 0.2513
vn -0.3856 0.0419 0.9217
vn -0.3427 0.1049 0.9336
vn -0.3023 0.0736 0.9504
vn -0.2063 0.0285 0.9781
vn 0.9483 -0.1215 -0.2933
vn 0.9380 0.3454 -0.0304
vn 0.8685 0.4949 0.0273
vn 0.9343 -0.1103 -0.3389
vn 0.8667 -0.4978 0.0316
vn 0.9623 -0.1078 0.2496
vn 0.9737 -0.2277 0.0118
vn 0.8894 -0.4052 -0.2116
vn 0.9821 -0.1050 0.1566
vn 0.9749 -0.0634 0.2133
vn 0.5845 -0.6001 0.5461
vn 0.7327 0.2354 0.6386
vn 0.8477 0.3116 0.4293
vn 0.8896 -0.3999 0.2206
vn 0.6896 0.0254 0.7238
vn 0.3697 -0.6447 0.6691
vn 0.4245 -0.6044 0.6742
vn 0.7023 -0.0618 0.7092
vn 0.5799 -0.5889 0.5629
vn 0.8028 -0.0339 0.5953
vn 0.7382 -0.5744 0.3537
vn 0.8883 0.0211 0.4588
vn 0.9637 0.0767 0.2556
vn 0.8763 -0.4578 0.1497
vn 0.9633 0.2231 0.1489
vn 0.9809 -0.1946 0.0005
vn 0.9400 0.3326 0.0754
vn 0.9949 0.0982 -0.0220
vn 0.9008 0.4300 0.0607
vn 0.9497 0.3132 -0.0066
vn 0.8787 -0.4634 0.1150
vn 0.3848 0.2085 0.8991
vn 0.6835 0.2595 0.6823
vn 0.5993 -0.7148 0.3603
vn 0.2125 0.2018 0.9561
vn 0.4011 -0.7641 0.5053
vn 0.3774 0.1633 0.9116
vn 0.5093 -0.6846 0.5214
vn 0.7280 0.0337 0.6847
vn 0.6439 -0.6731 0.3637
vn 0.9116 -0.0656 0.4059
vn 0.6898 -0.6912 0.2154
vn 0.7491 -0.6588 0.0701
vn 0.9847 -0.1268 0.1198
vn 0.8047 -0.5902 -0.0638
vn 0.9008 -0.3697 -0.2278
vn 0.9035 -0.3928 -0.1716
vn 0.9091 -0.1802 -0.3757
vn 0.9584 -0.0211 -0.2846
vn 0.9842 0.1706 -0.0476
vn 0.9612 0.2128 0.1756
vn 0.9453 0.3243 0.0340
vn 0.9055 0.3599 0.2249
vn 0.8052 -0.5895 0.0646
vn 0.6281 -0.6472 0.4320
vn 0.9155 0.2405 -0.3225
vn 0.7153 -0.6577 -0.2364
vn 0.8256 0.3120 0.4702
vn 0.7737 -0.6333 -0.0149
vn 0.5110 -0.0503 0.8581
vn 0.3669 -0.7688 0.5237
vn 0.8033 -0.1254 0.5823
vn 0.8486 -0.4721 0.2387
vn 0.8571 0.2093 0.4708
vn 0.9028 0.3322 0.2732
vn 0.9596 0.2806 -0.0194
vn 0.9218 0.0330 -0.3863
vn 0.8695 -0.4938 -0.0088
vn 0.5980 -0.8011 0.0255
vn 0.7917 -0.4592 0.4028
vn 0.8573 -0.5043 -0.1030
vn 0.9350 -0.3518 -0.0448
vn 0.8022 0.4590 0.3819
vn 0.6010 -0.7399 0.3021
vn 0.6444 0.4653 0.6068
vn 0.6004 0.1536 0.7848
vn 0.6766 0.0119 0.7363
vn 0.8024 -0.0658 0.5932
vn 0.9003 -0.0112 0.4351
vn 0.9583 0.2855 -0.0103
vn 0.9649 0.2492 -0.0829
vn 0.9970 0.0224 0.0738
vn 0.9924 0.0081 -0.1226
vn 0.7523 -0.6420 0.1479
vn 0.7394 -0.6726 0.0295
vn 0.9572 0.0255 0.2883
vn 0.8392 -0.5346 -0.0996
vn 0.9131 -0.0923 -0.3970
vn 0.9875 -0.0988 -0.1229
vn 0.6608 -0.7148 0.2290
vn 0.9115 -0.0537 0.4078
vn 0.6031 -0.7234 0.3362
vn 0.4293 -0.7754 0.4630
vn 0.3749 -0.8289 0.4152
vn 0.5435 -0.0673 0.8367
vn 0.9139 -0.1971 0.3550
vn 0.7350 -0.0939 0.6715
vn 0.9132 -0.2617 0.3125
vn 0.7169 -0.2059 0.6661
vn 0.6683 -0.4938 0.5563
vn 0.4974 -0.4669 0.7312
vn 0.5254 -0.0885 0.8462
vn 0.2870 -0.3591 0.8881
vn 0.2411 -0.1578 0.9576
vn 0.3398 -0.2691 0.9012
vn 0.7159 -0.3579 0.5995
vn 0.5902 -0.2664 0.7620
vn 0.9533 0.1538 0.2600
vn 0.9714 0.2272 0.0694
vn 0.9737 -0.2274 -0.0107
vn 0.9237 -0.2395 -0.2990
vn 0.9235 -0.3462 -0.1654
vn 0.8916 -0.4298 0.1428
vn 0.9549 -0.2111 0.2089
vn 0.7829 -0.5218 0.3388
vn 0.5845 -0.8057 0.0961
vn 0.5342 -0.8145 0.2264
vn 0.5794 0.0238 0.8147
vn 0.8088 -0.1100 0.5777
vn 0.0243 -0.8103 0.5855
vn 0.9751 0.1624 0.1512
vn 0.4852 -0.7496 -0.4503
vn 0.3196 -0.8381 -0.4421
vn 0.5733 -0.7488 -0.3326
vn 0.7663 -0.6205 -0.1667
vn 0.9218 0.0726 0.3808
vn 0.8572 -0.5146 -0.0201
vn 0.7565 -0.6041 -0.2507
vn 0.9938 -0.0191 -0.1095
vn 0.0199 -0.8812 -0.4723
vn 0.2927 -0.8473 -0.4431
vn -0.0435 -0.9015 -0.4307
vn -0.3754 -0.8766 -0.3010
vn 0.0783 -0.9674 0.2407
vn 0.8234 -0.5668 0.0277
vn 0.2985 -0.1448 0.9434
vn 0.5300 -0.8294 0.1764
vn 0.0588 -0.9964 -0.0612
vn -0.0840 -0.9940 -0.0707
vn -0.1201 -0.9892 -0.0842
vn 0.2690 -0.9270 -0.2612
vn 0.5140 -0.8152 -0.2669
vn 0.6626 -0.6791 -0.3160
vn 0.5769 -0.8162 -0.0324
vn 0.4219 -0.9014 0.0977
vn 0.9978 -0.0570 -0.0339
vn 0.9374 -0.2463 -0.2463
vn 0.9518 -0.2673 0.1505
vn 0.9902 0.1386 -0.0166
vn 0.9614 0.1414 -0.2362
vn 0.9403 0.3254 0.0995
vn 0.9346 0.3430 -0.0945
vn 0.9677 0.2060 -0.1455
vn 0.8161 -0.2527 0.5198
vn 0.8929 0.2389 0.3817
vn 0.9666 0.2377 0.0963
vn 0.6882 -0.2094 0.6947
vn 0.8141 0.2728 0.5127
vn 0.6940 -0.1921 0.6939
vn 0.7936 0.1956 0.5762
vn 0.7609 -0.2466 0.6002
vn 0.8317 0.1380 0.5378
vn 0.8475 0.0977 0.5217
vn 0.8706 -0.1979 0.4504
vn 0.8842 0.1277 0.4493
vn 0.9331 -0.1269 0.3364
vn 0.9730 0.0067 0.2308
vn 0.9592 0.1685 0.2272
vn 0.9195 0.3087 0.2435
vn 0.9286 0.0846 0.3614
vn 0.9466 -0.0187 0.3218
vn 0.9381 0.1476 0.3132
vn 0.0200 -0.9617 -0.2735
vn 0.3074 -0.9472 0.0914
vn 0.1128 -0.9931 -0.0315
vn 0.5686 -0.8123 -0.1297
vn 0.6129 -0.7819 -0.1141
vn 0.7908 -0.6086 0.0653
vn 0.9495 -0.1244 0.2881
vn 0.9327 -0.3251 0.1564
vn 0.8459 -0.5246 0.0964
vn 0.9674 -0.0706 0.2430
vn 0.8793 -0.0186 0.4760
vn 0.9237 0.0965 0.3709
vn 0.9469 0.1073 0.3030
vn 0.9632 0.1332 0.2333
vn 0.9613 0.1806 0.2082
vn 0.9547 0.1612 0.2502
vn 0.9715 0.1473 0.1856
vn 0.9948 0.0553 0.0850
vn 0.9482 -0.3141 -0.0473
vn 0.7151 -0.6986 -0.0237
vn 0.6350 -0.7584 -0.1468
vn 0.6688 -0.7196 -0.1867
vn 0.5504 -0.8303 -0.0883
vn 0.3687 -0.9296 -0.0006
vn 0.2329 -0.9711 0.0516
vn 0.1153 -0.9908 0.0702
vn 0.1169 -0.9854 0.1237
vn 0.3801 -0.9156 -0.1313
vn 0.0532 -0.9837 -0.1717
vn 0.5168 -0.8212 -0.2420
vn 0.9817 -0.1336 -0.1357
vn 0.8803 -0.3804 -0.2836
vn 0.8285 -0.4595 -0.3202
vn 0.8714 -0.4404 -0.2164
vn 0.9100 -0.4033 -0.0959
vn 0.8401 -0.5376 0.0730
vn 0.6628 -0.7406 0.1107
vn 0.4103 -0.8990 0.1533
vn 0.1623 -0.9853 0.0540
vn 0.0915 -0.9558 -0.2794
vn 0.2397 -0.8663 -0.4382
vn 0.3682 -0.8365 -0.4057
vn 0.8985 -0.2638 -0.3509
vn 0.8686 -0.3041 -0.3912
vn 0.9319 -0.2996 -0.2043
vn 0.9640 -0.2631 -0.0386
vn 0.9459 -0.3204 0.0522
vn 0.8452 -0.5313 0.0583
vn 0.6369 -0.7676 0.0726
vn 0.3283 -0.9408 -0.0845
vn 0.2362 -0.9406 -0.2441
vn 0.2991 -0.9256 -0.2320
vn 0.4960 -0.8403 -0.2189
vn 0.4138 -0.8819 0.2260
vn 0.6450 -0.7264 0.2372
vn -0.2763 -0.7563 0.5930
vn -0.4000 -0.4517 0.7975
vn -0.4173 -0.2096 0.8843
vn -0.1839 -0.8189 0.5437
vn -0.1426 -0.9716 0.1890
vn 0.4109 0.0504 0.9103
vn 0.5340 -0.0428 0.8444
vn 0.5434 -0.0976 0.8338
vn 0.3995 -0.1150 0.9095
vn 0.2622 -0.0974 0.9601
vn 0.1346 -0.0600 0.9891
vn 0.0685 -0.0252 0.9973
vn 0.0582 0.0054 0.9983
vn 0.0757 -0.0348 0.9965
vn 0.0267 -0.2476 0.9685
vn 0.0249 0.0528 0.9983
vn 0.2112 0.1696 0.9626
vn 0.9348 -0.0477 0.3520
vn 0.9759 -0.0345 0.2152
vn 0.9982 -0.0010 0.0599
vn 0.9977 0.0606 -0.0312
vn 0.9932 0.1033 -0.0529
vn 0.9844 0.1637 -0.0642
vn 0.9894 0.1123 -0.0922
vn 0.9697 -0.0428 -0.2406
vn 0.9003 -0.1957 -0.3888
vn 0.9073 -0.0736 -0.4140
vn 0.9665 -0.0993 -0.2368
vn 0.8950 -0.4364 -0.0924
vn 0.8521 -0.5118 -0.1093
vn 0.7497 -0.6499 -0.1246
vn 0.6088 -0.7790 -0.1502
vn 0.5180 -0.8535 -0.0575
vn 0.4935 -0.8677 0.0602
vn 0.4462 -0.6159 0.6493
vn 0.6756 -0.5119 0.5306
vn 0.6509 -0.3937 0.6491
vn 0.5181 -0.3137 0.7957
vn 0.7228 -0.5309 0.4424
vn 0.8634 -0.4140 0.2885
vn 0.9267 -0.3697 0.0676
vn 0.9577 -0.2874 -0.0175
vn 0.9465 -0.3166 -0.0626
vn 0.9644 -0.2341 -0.1230
vn 0.9775 0.1652 0.1314
vn 0.9745 0.2182 -0.0518
vn 0.9319 0.2656 0.2472
vn 0.9242 0.2760 0.2641
vn 0.9264 0.0611 0.3717
vn 0.7957 -0.1918 0.5745
vn 0.3113 -0.8769 0.3662
vn 0.1066 -0.9901 0.0916
vn -0.1119 -0.9905 0.0799
vn 0.4019 -0.7476 0.5287
vn 0.3408 -0.8799 0.3312
vn -0.1716 -0.5259 0.8331
vn -0.2749 -0.5222 0.8073
vn -0.3387 -0.2561 0.9054
vn -0.2712 -0.3377 0.9013
vn -0.0647 -0.4031 0.9129
vn -0.1596 -0.1807 0.9705
vn 0.0613 -0.4530 0.8894
vn 0.1714 -0.5941 0.7859
vn 0.1442 -0.7395 0.6575
vn 0.0667 -0.9164 0.3946
vn 0.1139 -0.9266 0.3584
vn 0.7654 -0.3951 0.5081
vn 0.7748 -0.4456 0.4485
vn -0.0029 -0.2474 0.9689
vn 0.1726 -0.2869 0.9423
vn 0.2394 -0.3285 0.9137
vn 0.3417 -0.4185 0.8415
vn 0.5263 -0.5067 0.6829
vn 0.7495 -0.3173 0.5810
vn 0.8460 -0.1680 0.5060
vn 0.2309 -0.5259 0.8186
vn -0.0252 -0.4487 0.8933
vn 0.0265 0.1971 0.9800
vn 0.2523 0.1786 0.9510
vn 0.5156 0.2062 0.8317
vn 0.4143 -0.5491 0.7258
vn 0.4841 -0.5465 0.6833
vn 0.6603 0.1800 0.7291
vn 0.6921 -0.5204 0.5002
vn 0.7054 0.1757 0.6867
vn 0.7923 0.2854 0.5392
vn 0.7988 -0.4465 0.4031
vn 0.8694 -0.3898 0.3037
vn 0.8863 0.3205 0.3342
vn 0.9478 0.3009 0.1054
vn 0.9554 -0.2897 0.0580
vn 0.9220 0.3810 -0.0687
vn 0.9506 -0.2830 -0.1272
vn 0.9459 -0.0104 0.3242
vn 0.9932 0.0625 0.0978
vn 0.8284 -0.0668 0.5562
vn 0.7181 -0.1266 0.6844
vn 0.6640 -0.1332 0.7357
vn -0.2783 -0.3425 0.8974
vn -0.2207 0.2714 0.9368
vn 0.0418 -0.0155 0.9990
vn 0.2380 -0.1092 0.9651
vn 0.5016 -0.1580 0.8506
vn 0.9780 0.1995 -0.0611
vn -0.1519 -0.8359 0.5275
vn -0.0289 -0.8223 0.5683
vn 0.1162 -0.8437 0.5241
vn 0.1364 -0.8742 0.4660
vn 0.1441 -0.9298 0.3388
vn 0.3838 -0.9192 0.0884
vn 0.4948 -0.8664 0.0676
vn 0.5541 -0.8217 0.1330
vn 0.6346 -0.7723 -0.0291
vn 0.6290 -0.7674 -0.1240
vn -0.1653 -0.6589 0.7338
vn 0.0035 -0.5874 0.8093
vn -0.1104 -0.4107 0.9051
vn 0.0160 -0.2930 0.9560
vn 0.1962 -0.5138 0.8352
vn 0.2057 -0.2655 0.9419
vn 0.2825 -0.5303 0.7994
vn 0.2827 -0.3233 0.9031
vn 0.3898 -0.6858 0.6146
vn 0.6608 -0.6777 0.3227
vn 0.5569 -0.4035 0.7260
vn 0.7925 -0.4019 0.4586
vn 0.7825 -0.5879 0.2053
vn 0.9019 -0.3296 0.2792
vn 0.8252 -0.5647 -0.0113
vn 0.8433 -0.4935 0.2129
vn 0.9308 -0.2282 0.2854
vn 0.9511 -0.2762 0.1380
vn 0.3986 -0.3032 0.8656
vn 0.7628 -0.6351 -0.1217
vn 0.8983 -0.4387 -0.0224
vn -0.3389 -0.7686 0.5426
vn -0.3484 -0.3317 0.8767
vn -0.2972 -0.4827 0.8238
vn -0.1967 -0.1610 0.9672
vn -0.0371 0.0268 0.9990
vn 0.1443 0.0385 0.9888
vn 0.3191 0.0081 0.9477
vn 0.6046 0.1673 0.7787
vn 0.6685 0.0863 0.7386
vn 0.7625 0.0650 0.6437
vn 0.8869 0.0674 0.4570
vn 0.9642 0.0710 0.2556
vn 0.9963 0.0425 0.0747
vn 0.9712 -0.2020 -0.1262
vn 0.8591 -0.4582 -0.2281
vn 0.6478 -0.6913 -0.3202
vn 0.8621 -0.2913 -0.4146
vn 0.9226 0.2150 -0.3203
vn 0.9637 -0.0113 -0.2668
vn 0.9500 -0.2634 -0.1677
vn 0.8990 -0.4356 -0.0449
vn 0.7924 -0.5915 0.1494
vn 0.6299 -0.6864 0.3635
vn 0.5117 -0.7372 0.4412
vn 0.4502 -0.7431 0.4950
vn 0.2801 -0.7394 0.6122
vn 0.0054 -0.6201 0.7845
vn -0.2109 -0.2127 0.9541
vn -0.3525 0.1551 0.9229
vn 0.7102 0.4555 0.5368
vn 0.6367 0.4636 0.6162
vn 0.6209 0.3612 0.6957
vn 0.5704 0.4369 0.6956
vn 0.6050 0.2972 0.7387
vn 0.7638 0.3067 0.5680
vn 0.6824 0.3173 0.6585
vn 0.5838 0.2957 0.7562
vn 0.6370 0.2684 0.7226
vn 0.8552 0.2816 0.4352
vn 0.7357 0.0624 0.6744
vn 0.7799 0.0754 0.6214
vn 0.7172 -0.1986 0.6679
vn 0.7125 -0.2646 0.6499
vn 0.6303 0.0493 0.7748
vn 0.7192 0.0761 0.6906
vn 0.6296 -0.3075 0.7135
vn 0.8075 -0.2624 0.5284
vn 0.5932 0.1666 0.7876
vn 0.2932 0.2566 0.9210
vn 0.0940 0.2489 0.9640
vn -0.0398 0.1403 0.9893
vn -0.1781 -0.0510 0.9827
vn -0.2374 -0.4103 0.8805
vn -0.0397 -0.7735 0.6326
vn 0.3357 -0.4483 0.8284
vn 0.0098 0.0325 0.9994
vn -0.2533 -0.3918 0.8845
vn -0.0505 -0.7682 0.6382
vn 0.1240 -0.9283 0.3505
vn 0.2015 -0.9629 0.1797
vn 0.2047 -0.9630 0.1750
vn 0.3161 -0.9335 0.1694
vn 0.4999 -0.8651 0.0407
vn 0.6983 -0.7097 -0.0927
vn 0.8468 -0.4870 -0.2141
vn 0.9201 -0.1829 -0.3465
vn 0.9858 0.1212 -0.1164
vn 0.9374 -0.3416 0.0672
vn 0.6816 -0.7248 -0.1001
vn 0.8945 -0.3830 -0.2304
vn 0.9872 0.0514 -0.1511
vn 0.9656 0.2577 0.0364
vn 0.9335 0.2913 0.2091
vn 0.9043 0.1982 0.3782
vn 0.5060 -0.0523 0.8610
vn 0.2839 0.2017 0.9374
vn 0.1239 0.1748 0.9768
vn 0.0383 0.0431 0.9983
vn -0.0234 -0.1494 0.9885
vn 0.0615 -0.5065 0.8600
vn 0.3597 -0.6762 0.6430
vn 0.6150 -0.4615 0.6394
vn 0.2982 -0.1647 0.9402
vn -0.0891 -0.3401 0.9362
vn 0.0960 -0.6704 0.7358
vn 0.2739 -0.8450 0.4592
vn 0.3345 -0.9001 0.2790
vn 0.2955 -0.9041 0.3088
vn 0.3714 -0.8810 0.2930
vn 0.5614 -0.8073 0.1818
vn 0.7540 -0.6559 0.0357
vn 0.8985 -0.4292 -0.0923
vn 0.9871 -0.1481 -0.0616
vn 0.9633 -0.1188 0.2408
vn 0.7665 -0.4368 0.4708
vn 0.7160 -0.5939 0.3669
vn 0.8839 -0.4478 0.1348
vn 0.9988 -0.0443 0.0196
vn 0.9781 0.1871 0.0916
vn 0.9491 0.2431 0.2002
vn 0.2815 0.0757 0.9566
vn 0.1618 0.0894 0.9828
vn 0.1207 -0.0124 0.9926
vn 0.1491 -0.2089 0.9665
vn 0.2862 -0.4612 0.8399
vn 0.4524 -0.5778 0.6793
vn 0.5834 -0.4618 0.6681
vn 0.4092 -0.2376 0.8809
vn 0.0457 -0.3541 0.9341
vn 0.1981 -0.5333 0.8224
vn 0.4555 -0.5152 0.7260
vn 0.6207 -0.4183 0.6631
vn 0.6477 -0.3875 0.6560
vn 0.7143 -0.4274 0.5542
vn 0.8248 -0.4313 0.3656
vn 0.8917 -0.4100 0.1918
vn 0.9531 -0.2764 0.1237
vn 0.9526 -0.1746 0.2492
vn 0.8547 -0.2743 0.4409
vn 0.7602 -0.4509 0.4678
vn 0.8005 -0.4384 0.4088
vn 0.8818 -0.3041 0.3604
vn 0.9736 -0.0694 0.2173
vn 0.9830 0.0927 0.1586
vn 0.9834 0.0571 0.1722
vn 0.3994 -0.4887 -0.7757
vn -0.0237 -0.7812 -0.6238
vn -0.4041 -0.7158 -0.5695
vn 0.2273 -0.3851 -0.8944
vn -0.1730 -0.7351 0.6554
vn -0.6087 -0.7798 0.1464
vn -0.2513 -0.9168 0.3102
vn 0.4528 -0.3275 0.8293
vn 0.3736 -0.7631 0.5273
vn 0.9276 0.0425 0.3712
vn 0.8889 -0.3370 0.3103
vn 0.9722 0.1294 -0.1953
vn 0.9248 -0.3370 -0.1764
vn 0.3496 -0.9224 -0.1641
vn -0.3042 -0.9200 -0.2470
vn -0.5776 -0.7810 -0.2374
vn 0.5467 -0.6068 -0.5770
vn 0.8177 -0.0831 -0.5696
vn 0.7755 -0.0931 -0.6244
vn 0.3969 -0.4136 -0.8194
vn 0.2295 -0.6224 -0.7483
vn 0.1163 -0.7814 -0.6132
vn 0.1408 -0.9046 -0.4023
vn -0.0465 -0.9916 -0.1209
vn 0.0465 -0.9064 0.4198
vn 0.9738 -0.0715 0.2161
vn 0.7383 -0.3362 0.5847
vn 0.4674 -0.6587 0.5897
vn 0.9648 -0.0967 -0.2446
vn 0.9647 -0.1077 0.2403
vn 0.9605 -0.2393 0.1423
vn 0.8960 -0.4307 -0.1078
vn 0.9880 0.0157 0.1536
vn 0.7572 -0.6527 0.0259
vn 0.4087 -0.7963 -0.4460
vn 0.8339 -0.2532 -0.4904
vn 0.6967 -0.6089 -0.3794
vn 0.9321 -0.2222 -0.2862
vn 0.6805 -0.5592 -0.4735
vn 0.8950 0.3819 -0.2307
vn 0.7966 0.5974 -0.0926
vn 0.9308 0.3556 -0.0851
vn 0.9554 0.2425 -0.1687
vn 0.8527 -0.4114 -0.3219
vn 0.3313 0.2542 -0.9087
vn 0.3990 0.4321 -0.8088
vn 0.6741 0.3333 -0.6592
vn 0.6903 0.1438 -0.7091
vn 0.3272 -0.1925 -0.9251
vn 0.5504 0.6028 -0.5776
vn 0.8115 0.3868 -0.4380
vn 0.8942 0.2048 -0.3981
vn 0.6636 0.7001 -0.2635
vn 0.9493 0.1541 -0.2741
vn 0.8827 -0.2035 -0.4236
vn 0.9140 -0.0452 -0.4032
vn 0.9287 0.0035 -0.3708
vn 0.9016 0.1513 -0.4052
vn 0.8896 0.3338 -0.3118
vn 0.8494 0.4326 -0.3024
vn 0.9020 0.3400 -0.2659
vn 0.9040 0.2563 -0.3423
vn 0.9214 -0.1525 -0.3573
vn 0.9458 -0.0562 0.3197
vn 0.9445 -0.0405 0.3260
vn 0.9187 -0.1750 0.3540
vn 0.9125 -0.3268 0.2462
vn 0.8837 -0.4129 0.2203
vn 0.8894 -0.3640 0.2766
vn 0.9404 -0.1895 0.2825
vn 0.9660 -0.0573 0.2520
vn 0.9643 0.0238 0.2637
vn 0.9354 0.1089 0.3365
vn 0.8423 0.2041 0.4988
vn 0.6780 0.2822 0.6787
vn 0.5431 0.2041 0.8144
vn 0.4064 -0.0035 0.9137
vn 0.2495 -0.1922 0.9491
vn 0.1781 -0.2771 0.9442
vn 0.4114 -0.3253 0.8514
vn 0.4647 -0.4757 0.7468
vn 0.3994 -0.4647 0.7903
vn 0.3667 -0.3452 0.8639
vn 0.3086 -0.1934 0.9313
vn 0.2288 -0.0205 0.9733
vn 0.1289 -0.7166 -0.6854
vn 0.4259 -0.7039 -0.5685
vn 0.7632 -0.6059 -0.2244
vn 0.3835 -0.8992 -0.2106
vn -0.9394 -0.1876 0.2870
vn -0.6616 -0.5307 -0.5298
vn -0.7158 -0.6448 0.2680
vn -0.3124 -0.9499 -0.0055
vn -0.2909 -0.6650 -0.6878
vn -0.4713 0.0006 0.8820
vn -0.4917 0.1499 0.8577
vn 0.8741 -0.2481 0.4177
vn 0.5043 -0.6486 0.5700
vn -0.2965 -0.6069 0.7375
vn -0.3140 0.2790 0.9075
vn -0.2210 -0.0158 0.9752
vn 0.3194 0.0642 0.9454
vn 0.5139 0.2655 0.8158
vn 0.0804 0.4110 0.9081
vn 0.4055 0.0822 0.9104
vn 0.0640 0.0751 0.9951
vn -0.2148 -0.0429 0.9757
vn -0.4340 0.0489 0.8996
vn -0.6719 -0.2817 0.6849
vn -0.8623 -0.4493 0.2335
vn -0.6661 -0.7320 -0.1433
vn -0.4021 -0.8343 -0.3771
vn -0.0669 -0.8910 -0.4490
vn 0.3121 -0.9009 -0.3015
vn 0.7383 -0.6698 -0.0790
vn 0.8304 -0.2385 0.5035
vn -0.5215 -0.7805 0.3447
vn -0.5786 -0.7697 0.2698
vn 0.5568 -0.8237 0.1072
vn 0.4835 -0.6895 -0.5392
vn 0.2207 -0.8632 -0.4540
vn 0.4465 -0.8330 -0.3266
vn -0.2707 -0.9611 0.0556
vn -0.1962 -0.9348 0.2960
vn -0.5464 -0.7779 0.3103
vn 0.4022 -0.7096 0.5786
vn 0.1780 -0.4569 0.8715
vn 0.0987 -0.2753 0.9563
vn -0.2148 -0.4995 0.8393
vn -0.2430 -0.8485 0.4702
vn 0.4798 -0.7664 0.4270
vn 0.3668 -0.8485 0.3815
vn -0.0697 -0.9856 0.1542
vn 0.0619 -0.9759 -0.2093
vn -0.0851 -0.9856 -0.1461
vn -0.0774 -0.9957 -0.0514
vn -0.4188 -0.8202 0.3896
vn -0.2470 -0.8363 0.4894
vn -0.1714 -0.8077 0.5641
vn -0.0148 -0.9083 0.4181
vn 0.2946 -0.7393 0.6055
vn 0.2330 -0.3130 0.9207
vn 0.1997 -0.1168 0.9729
vn 0.1672 -0.0521 0.9845
vn 0.2020 -0.3070 0.9300
vn -0.4586 -0.5195 0.7209
vn -0.2151 -0.4792 0.8509
vn -0.4308 -0.1716 0.8860
vn -0.4391 0.0396 0.8976
vn -0.4251 0.0876 0.9009
vn -0.4240 0.0132 0.9056
vn -0.4030 -0.0518 0.9137
vn -0.7200 -0.3652 0.5900
vn -0.4785 -0.1094 0.8712
vn -0.2822 -0.1455 0.9483
vn -0.3419 -0.3568 0.8694
vn -0.2785 0.2221 0.9344
vn -0.2569 0.2734 0.9270
vn -0.8593 0.0435 0.5097
vn -0.4863 0.2396 0.8403
vn -0.1951 0.4204 0.8861
vn -0.2657 0.4885 0.8312
vn -0.6612 0.2304 0.7139
vn -0.8969 0.0978 0.4312
vn -0.8806 0.2059 0.4269
vn -0.7685 0.3729 0.5199
vn -0.4723 0.5260 0.7073
vn 0.0092 -0.0635 0.9979
vn -0.5599 -0.0784 0.8249
vn -0.3412 0.0021 0.9400
vn -0.2952 -0.1105 0.9490
vn -0.4884 -0.0577 0.8707
vn -0.4048 0.3169 0.8577
vn -0.3050 0.4442 0.8424
vn -0.3142 0.3790 0.8705
vn -0.3394 0.3179 0.8853
vn -0.3665 -0.0368 0.9297
vn -0.3372 -0.6868 0.6439
vn 0.1713 -0.9849 0.0244
vn 0.7794 -0.6240 -0.0554
vn 0.0861 -0.8212 0.5641
vn -0.1638 -0.3384 0.9266
vn -0.1344 0.0050 0.9909
vn -0.2246 -0.0905 0.9702
vn -0.0879 0.0858 0.9924
vn -0.0456 0.0677 0.9967
vn 0.1006 -0.1120 0.9886
vn 0.2841 -0.3773 0.8814
vn 0.3712 -0.5358 0.7584
vn 0.5669 -0.3438 0.7486
vn 0.5468 -0.2919 0.7847
vn 0.4906 -0.8197 0.2958
vn 0.3661 -0.4168 0.8320
vn 0.4654 0.0229 0.8848
vn -0.0353 0.0986 0.9945
vn 0.3168 0.0204 0.9483
vn 0.3927 0.0824 0.9160
vn 0.4471 0.1215 0.8862
vn 0.4974 0.1068 0.8609
vn 0.5748 -0.0390 0.8174
vn 0.5911 -0.3542 0.7247
vn 0.5745 -0.4575 0.6788
vn 0.7343 -0.3716 0.5680
vn 0.7754 0.0517 0.6293
vn 0.8366 0.0594 0.5445
vn 0.8141 0.1164 0.5690
vn 0.8098 0.1528 0.5664
vn 0.8229 0.1233 0.5546
vn 0.9989 0.0424 -0.0220
vn 0.9901 0.1386 0.0219
vn 0.9843 0.1744 0.0261
vn 0.9221 0.0593 -0.3824
vn 0.9149 0.1595 -0.3707
vn 0.9098 0.1698 -0.3788
vn 0.8964 0.1313 -0.4233
vn 0.8721 0.2038 -0.4448
vn 0.8613 0.1751 -0.4770
vn 0.9353 0.1857 -0.3013
vn 0.9007 0.2186 -0.3754
vn 0.9604 0.1838 -0.2092
vn 0.9028 0.1517 -0.4024
vn 0.8168 -0.0534 0.5744
vn 0.7499 -0.3493 0.5618
vn 0.9962 0.0826 0.0281
vn 0.8568 -0.3810 0.3473
vn 0.8978 -0.4025 0.1791
vn 0.9817 -0.1642 0.0966
vn 0.9133 -0.0029 -0.4073
vn 0.7999 -0.4782 -0.3626
vn 0.8851 -0.2658 -0.3821
vn 0.8475 -0.0420 -0.5292
vn 0.6360 -0.5453 -0.5461
vn 0.7735 -0.2667 -0.5750
vn 0.7266 -0.5711 -0.3819
vn 0.8925 -0.0515 -0.4481
vn 0.8468 -0.2483 -0.4704
vn 0.9492 0.0245 -0.3136
vn 0.7881 -0.5614 -0.2525
vn 0.9114 -0.2025 -0.3582
vn 0.8890 -0.3126 -0.3346
vn 0.9877 0.1525 -0.0354
vn 0.9620 -0.0948 -0.2562
vn 0.6056 -0.3437 0.7177
vn 0.8037 -0.3372 0.4903
vn 0.7163 -0.4531 0.5307
vn -0.2700 -0.0459 0.9618
vn 0.2503 0.0271 0.9678
vn 0.4145 0.1695 0.8941
vn 0.8310 0.1947 0.5211
vn 0.8597 0.0481 0.5086
vn 0.2890 0.1237 0.9493
vn 0.8655 0.1219 0.4859
vn 0.9969 0.0081 -0.0782
vn 0.9531 -0.2300 0.1969
vn 0.9832 0.1011 -0.1523
vn 0.3696 -0.0382 0.9284
vn 0.2549 -0.0678 0.9646
vn 0.4946 -0.1388 0.8580
vn 0.5899 -0.3821 0.7113
vn 0.3404 -0.5608 0.7548
vn -0.1056 -0.4690 0.8769
vn -0.4062 -0.2384 0.8821
vn -0.4519 0.0875 0.8878
vn -0.1589 0.2324 0.9596
vn -0.4401 0.2703 0.8563
vn -0.3930 0.2112 0.8949
vn -0.4200 0.2221 0.8799
vn -0.2824 -0.0198 0.9591
vn -0.3754 0.0074 0.9268
vn -0.2725 0.1132 0.9555
vn 0.8890 -0.1639 0.4275
vn 0.8491 -0.2908 0.4410
vn 0.8099 -0.3882 0.4398
vn 0.9088 -0.3824 0.1667
vn 0.9537 -0.2292 -0.1946
vn 0.9127 -0.0084 -0.4085
vn 0.8931 0.1947 -0.4056
vn 0.9275 0.0055 -0.3738
vn 0.9247 0.0728 -0.3737
vn 0.9553 0.1289 -0.2660
vn 0.9884 0.1380 -0.0638
vn 0.9433 0.1091 0.3135
vn 0.9413 0.0574 -0.3327
vn 0.9484 0.0709 -0.3091
vn 0.9919 -0.1266 -0.0143
vn 0.9526 -0.0129 -0.3040
vn 0.9945 0.1004 0.0301
vn 0.9642 0.1083 -0.2422
vn 0.9115 -0.1966 0.3614
vn 0.9281 -0.1859 0.3225
vn 0.9591 -0.2636 0.1034
vn 0.9187 -0.3950 0.0009
vn 0.9149 -0.4009 0.0468
vn 0.9589 -0.2672 0.0956
vn 0.9890 -0.0736 0.1280
vn 0.9761 0.1051 0.1904
vn 0.9395 0.1883 0.2862
vn 0.8587 0.2045 0.4700
vn 0.6886 0.2078 0.6947
vn 0.4901 0.1963 0.8493
vn 0.3037 0.1555 0.9400
vn 0.1633 -0.0066 0.9866
vn 0.1654 -0.2500 0.9540
vn 0.2405 -0.4309 0.8698
vn 0.2165 -0.4815 0.8493
vn 0.2616 -0.3928 0.8816
vn 0.3808 -0.2934 0.8768
vn 0.4216 -0.1892 0.8868
vn 0.5254 -0.1595 0.8358
vn 0.6328 -0.3397 0.6958
vn 0.5055 -0.2999 0.8090
vn 0.3411 -0.3386 0.8769
vn 0.1316 -0.4116 0.9018
vn 0.0084 -0.4888 0.8724
vn -0.0019 -0.4993 0.8664
vn 0.5391 -0.0724 0.8391
vn 0.2974 -0.0569 0.9531
vn 0.7144 -0.0915 0.6938
vn 0.8543 -0.1070 0.5086
vn 0.9496 -0.1020 0.2963
vn 0.9833 -0.1644 0.0780
vn 0.9487 -0.3065 -0.0778
vn 0.9048 -0.4068 -0.1254
vn 0.8864 -0.4410 -0.1408
vn 0.9138 -0.3880 -0.1205
vn 0.9593 -0.2821 0.0158
vn 0.9148 -0.3090 0.2601
vn 0.8046 -0.3534 0.4772
vn 0.8138 -0.3143 0.4889
vn 0.8969 -0.0968 0.4315
vn 0.8827 -0.2584 0.3924
vn 0.9400 -0.1784 0.2910
vn 0.9378 -0.3155 0.1449
vn 0.9783 -0.2018 0.0478
vn 0.9781 -0.1393 -0.1547
vn 0.9599 -0.0411 -0.2772
vn 0.9543 0.0433 -0.2958
vn 0.9437 0.1595 -0.2900
vn 0.9622 0.1199 -0.2447
vn 0.9167 -0.2999 -0.2641
vn 0.9427 -0.1507 -0.2977
vn 0.4821 -0.1647 0.8605
vn 0.3396 -0.2428 0.9087
vn 0.1167 -0.2711 0.9555
vn -0.0673 -0.2226 0.9726
vn -0.1711 -0.1497 0.9738
vn -0.2167 -0.0555 0.9747
vn -0.2336 0.0059 0.9723
vn -0.2363 -0.1161 0.9647
vn -0.3501 -0.1402 0.9262
vn -0.1743 -0.1970 0.9648
vn -0.2234 -0.2460 0.9432
vn -0.3521 -0.0362 0.9353
vn -0.2829 -0.3794 0.8809
vn -0.2238 0.1056 0.9689
vn 0.0399 -0.4519 0.8912
vn -0.0045 0.2649 0.9643
vn 0.2227 0.2395 0.9450
vn 0.3033 0.1087 0.9467
vn 0.3627 0.0313 0.9314
vn 0.6705 -0.0682 0.7388
vn 0.6354 -0.0554 0.7702
vn 0.8254 0.0813 0.5586
vn 0.9403 0.2126 0.2659
vn 0.8961 0.3851 0.2208
vn 0.8768 0.3384 0.3417
vn 0.9398 0.2786 0.1981
vn 0.9671 0.2538 -0.0185
vn 0.9761 0.0289 -0.2152
vn 0.9306 -0.0331 -0.3646
vn 0.4328 -0.2759 0.8582
vn 0.2464 -0.3488 0.9042
vn 0.6049 -0.3989 0.6892
vn 0.4817 -0.3486 0.8040
vn 0.1654 -0.3920 0.9050
vn 0.4991 -0.2489 0.8300
vn 0.5279 -0.4944 0.6906
vn 0.4643 -0.0805 0.8820
vn 0.2531 -0.0093 0.9674
vn -0.2485 -0.2788 0.9277
vn 0.1301 -0.5297 0.8382
vn -0.0476 -0.0965 0.9942
vn 0.4570 -0.2410 0.8562
vn 0.2154 -0.2037 0.9550
vn 0.9155 0.2550 -0.3111
vn 0.9278 0.1052 -0.3580
vn 0.9711 0.2217 -0.0883
vn 0.9654 0.1608 0.2054
vn 0.9901 0.0983 -0.1006
vn 0.9332 -0.3400 -0.1167
vn 0.9416 -0.3065 -0.1397
vn 0.9123 -0.2186 -0.3463
vn 0.8732 -0.1078 -0.4753
vn 0.8802 -0.0028 -0.4745
vn 0.9110 0.1163 -0.3956
vn 0.8532 -0.0730 -0.5164
vn 0.9093 0.0195 -0.4158
vn 0.9551 -0.0312 -0.2947
vn 0.8943 -0.2475 -0.3728
vn 0.7684 -0.6017 -0.2178
vn 0.7606 -0.6355 -0.1328
vn 0.8870 -0.3907 -0.2460
vn 0.8927 -0.3226 -0.3147
vn 0.8457 -0.2322 -0.4805
vn 0.8194 -0.1370 -0.5567
vn 0.8568 -0.3308 -0.3955
vn 0.8012 -0.2201 -0.5565
vn 0.7112 -0.1005 -0.6957
vn -0.0607 -0.4099 0.9101
vn -0.2526 -0.3663 0.8956
vn -0.4018 -0.2320 0.8858
vn -0.4573 -0.0546 0.8876
vn -0.3963 -0.0903 0.9137
vn -0.5213 -0.1654 0.8372
vn -0.3921 -0.0931 0.9152
vn 0.8665 -0.3898 0.3118
vn 0.8763 -0.4812 -0.0235
vn 0.3537 -0.3359 0.8730
vn 0.5924 -0.3523 0.7245
vn 0.6741 -0.3823 0.6320
vn 0.7524 -0.4055 0.5191
vn 0.4227 -0.5901 0.6878
vn 0.5885 -0.5841 0.5590
vn 0.6204 -0.6103 0.4925
vn 0.7333 -0.5844 0.3475
vn 0.6648 -0.3185 -0.6757
vn 0.7049 -0.5002 -0.5029
vn 0.7849 -0.5370 -0.3091
vn 0.6728 -0.7392 0.0305
vn 0.4597 -0.8513 0.2530
vn 0.3343 -0.8452 0.4169
vn 0.1215 -0.7438 0.6573
vn 0.0216 -0.4149 0.9096
vn 0.0610 -0.0978 0.9933
vn 0.0393 -0.2370 0.9707
vn 0.0084 -0.4064 0.9137
vn -0.2247 -0.6434 0.7318
vn -0.1582 -0.5398 0.8268
vn -0.1745 -0.8360 0.5203
vn -0.2805 -0.8600 0.4264
vn 0.0139 -0.9803 0.1969
vn -0.2278 -0.8865 0.4029
vn -0.0913 -0.9935 0.0675
vn -0.1271 -0.9884 0.0836
vn 0.2295 -0.9720 -0.0514
vn 0.1224 -0.9729 -0.1960
vn 0.1641 -0.9817 -0.0963
vn 0.5108 -0.8280 -0.2314
vn 0.4421 -0.8327 -0.3334
vn 0.7597 -0.5863 -0.2812
vn 0.6055 -0.7194 -0.3404
vn 0.6180 -0.6853 -0.3853
vn 0.7487 -0.6059 -0.2690
vn 0.4958 -0.8334 -0.2441
vn 0.2426 -0.7374 0.6304
vn 0.2869 0.0508 0.9566
vn 0.1278 -0.1470 0.9809
vn 0.1210 -0.0597 0.9909
vn 0.9854 -0.1586 -0.0625
vn 0.8069 -0.5269 -0.2668
vn 0.0060 0.2302 0.9731
vn 0.1643 0.1413 0.9762
vn 0.2803 0.1231 0.9520
vn 0.9482 0.0955 0.3029
vn 0.9828 0.0717 0.1704
vn 0.9967 0.0807 0.0059
vn 0.9789 -0.1863 0.0838
vn 0.9986 0.0511 0.0110
vn 0.9924 0.0380 0.1170
vn 0.9722 0.1538 0.1768
vn 0.9711 0.1956 0.1370
vn 0.7116 -0.2677 0.6496
vn 0.7149 -0.0803 0.6946
vn 0.6635 0.1258 0.7375
vn 0.5273 -0.2107 0.8232
vn 0.4762 -0.2772 0.8345
vn 0.4171 -0.0878 0.9046
vn 0.4646 -0.0526 0.8840
vn 0.9630 -0.0534 0.2642
vn 0.9751 -0.0426 0.2176
vn 0.9340 0.1466 0.3257
vn 0.9536 0.0192 0.3006
vn 0.9763 0.0278 0.2148
vn 0.9325 -0.1063 0.3452
vn 0.9875 -0.0457 0.1512
vn 0.9031 0.0547 0.4258
vn 0.8398 0.1856 0.5102
vn 0.8922 -0.0276 0.4508
vn 0.8290 0.1960 0.5237
vn 0.8348 0.0787 0.5449
vn 0.8558 -0.0533 0.5145
vn 0.9570 -0.1087 0.2690
vn 0.6857 -0.6106 0.3963
vn 0.6930 -0.1176 0.7113
vn 0.6787 -0.2370 0.6952
vn 0.7759 -0.0409 0.6295
vn 0.6974 0.1029 0.7093
vn 0.8012 -0.2165 0.5578
vn 0.7623 0.0460 0.6455
vn 0.7366 -0.0546 0.6741
vn 0.6906 -0.1779 0.7010
vn 0.7454 0.0466 0.6650
vn 0.2403 -0.2440 0.9395
vn 0.3071 -0.0557 0.9500
vn 0.6151 0.0614 0.7861
vn 0.5133 -0.0815 0.8543
vn 0.5216 -0.0972 0.8477
vn 0.5286 -0.7874 0.3172
vn 0.4681 -0.5881 0.6596
vn 0.5912 -0.0788 0.8027
vn 0.4798 0.1854 0.8576
vn 0.5526 0.0499 0.8319
vn 0.4649 0.0269 0.8850
vn 0.6173 -0.7843 0.0611
vn 0.7762 -0.6287 -0.0470
vn 0.3993 -0.8708 0.2869
vn -0.0597 -0.2047 0.9770
vn 0.0964 -0.4284 0.8984
vn -0.1691 -0.3470 0.9225
vn -0.2235 -0.2680 0.9371
vn -0.0414 -0.5390 0.8413
vn -0.1566 -0.3758 0.9134
vn 0.6121 -0.4442 0.6542
vn 0.3685 -0.4743 0.7996
vn 0.3750 -0.3342 0.8647
vn 0.6289 -0.2522 0.7354
vn 0.7669 -0.2483 0.5918
vn 0.7599 -0.1538 0.6316
vn 0.2025 -0.9080 0.3668
vn 0.7406 -0.3910 0.5465
vn 0.8082 -0.3724 0.4561
vn -0.0476 -0.8929 0.4478
vn 0.5073 -0.3230 0.7990
vn 0.5523 -0.1905 0.8116
vn 0.2319 -0.4748 0.8490
vn 0.0601 -0.4282 0.9017
vn 0.2216 -0.5821 0.7824
vn 0.4491 -0.4611 0.7653
vn 0.1146 -0.3876 0.9147
vn 0.1828 -0.1311 0.9744
vn -0.1130 -0.3500 0.9299
vn -0.2036 -0.3199 0.9253
vn -0.2404 -0.2969 0.9242
vn -0.3138 -0.2472 0.9168
vn -0.3261 -0.1611 0.9315
vn -0.3393 -0.1391 0.9303
vn 0.1964 -0.4469 0.8728
vn -0.0401 -0.2064 0.9777
vn -0.0651 -0.5007 0.8632
vn -0.1942 -0.2665 0.9441
vn -0.4667 -0.2733 0.8411
vn -0.2785 -0.1300 0.9516
vn -0.3539 -0.3499 0.8674
vn -0.2659 -0.7578 0.5958
vn -0.4810 -0.6353 0.6041
vn -0.6460 -0.6164 0.4502
vn -0.3114 -0.7365 0.6004
vn -0.5571 -0.6202 0.5523
vn -0.4070 -0.6849 0.6044
vn -0.2098 -0.5703 0.7942
vn -0.3093 -0.5641 0.7656
vn -0.4253 -0.4978 0.7558
vn -0.1344 -0.5040 0.8532
vn -0.2392 -0.4877 0.8396
vn -0.3284 -0.4498 0.8306
vn -0.0279 -0.4270 0.9038
vn -0.1713 -0.4353 0.8838
vn -0.1448 -0.4444 0.8840
vn -0.3960 -0.3878 0.8323
vn 0.0674 -0.5526 0.8307
vn 0.1053 -0.4306 0.8964
vn -0.1559 -0.2384 0.9586
vn -0.2993 0.0043 0.9542
vn 0.1040 -0.1519 0.9829
vn 0.2641 -0.1063 0.9586
vn 0.2534 -0.3354 0.9074
vn 0.4691 0.0532 0.8816
vn 0.4483 0.1046 0.8877
vn -0.3617 -0.0332 0.9317
vn -0.3986 0.2427 0.8844
vn 0.0704 0.0750 0.9947
vn 0.0224 -0.0634 0.9977
vn -0.4111 0.2567 0.8747
vn 0.3888 0.3131 0.8665
vn 0.2021 0.6075 0.7681
vn -0.4865 0.5054 0.7127
vn -0.4157 0.4913 0.7654
vn -0.4033 0.7371 0.5422
vn -0.0271 0.8028 0.5956
vn -0.4746 0.0250 0.8798
vn -0.5790 -0.1031 0.8088
vn -0.5937 -0.2100 0.7768
vn -0.5761 -0.2570 0.7759
vn -0.5860 -0.2446 0.7725
vn -0.5585 -0.1942 0.8064
vn -0.5343 -0.1501 0.8318
vn -0.5609 -0.6183 0.5506
vn -0.7058 -0.4661 0.5334
vn -0.8734 -0.0913 0.4784
vn -0.7111 -0.2397 0.6610
vn -0.5849 -0.1250 0.8014
vn -0.8696 -0.0931 0.4850
vn -0.8486 -0.1351 0.5115
vn -0.8654 -0.2169 0.4517
vn -0.7204 -0.0825 0.6887
vn -0.8865 -0.0756 0.4565
vn -0.0180 0.4983 -0.8668
vn -0.1328 0.5017 -0.8548
vn 0.0777 -0.1646 -0.9833
vn 0.1551 0.3235 -0.9334
vn 0.1944 0.6044 -0.7726
vn 0.3720 0.5440 -0.7521
vn -0.6543 -0.0863 0.7513
vn -0.7161 -0.1224 0.6872
vn -0.7023 -0.2369 0.6713
vn -0.6971 -0.1986 0.6889
vn -0.4920 -0.3717 0.7873
vn -0.4920 -0.4222 0.7613
vn -0.3460 -0.1449 0.9270
vn -0.6180 -0.4143 0.6682
vn -0.4498 -0.1523 0.8800
vn -0.7369 -0.2640 0.6223
vn -0.7805 -0.5409 0.3135
vn -0.6759 -0.4865 0.5536
vn -0.9238 -0.2614 0.2797
vn -0.9152 -0.2488 0.3171
vn -0.5458 -0.3885 0.7424
vn -0.8219 -0.1261 0.5555
vn -0.7830 -0.3171 0.5352
vn -0.8230 -0.2524 0.5089
vn -0.6555 -0.2619 0.7083
vn -0.4853 -0.3637 0.7951
vn -0.5581 -0.2810 0.7808
vn -0.5690 -0.3242 0.7557
vn -0.7424 -0.2051 0.6378
vn -0.6736 -0.3263 0.6631
vn -0.9493 -0.2025 0.2404
vn -0.8693 -0.2006 0.4517
vn -0.7653 -0.2132 0.6073
vn -0.7570 -0.2599 0.5995
vn 0.8805 -0.1853 0.4363
vn 0.9079 -0.4001 -0.1250
vn 0.8832 -0.2802 -0.3761
vn 0.6202 -0.2579 -0.7408
vn 0.5738 -0.1994 -0.7943
vn 0.5992 -0.2772 -0.7510
vn 0.4893 -0.1311 -0.8622
vn 0.5722 -0.1414 -0.8078
vn 0.7370 -0.0068 -0.6759
vn 0.8933 -0.0499 -0.4467
vn 0.8709 -0.2313 -0.4335
vn 0.8892 0.2358 -0.3920
vn 0.7185 0.1514 -0.6789
vn 0.8948 -0.0346 -0.4452
vn 0.8921 0.0799 -0.4448
vn 0.9848 0.1683 0.0422
vn 0.7326 0.0488 0.6789
vn 0.9369 0.0770 0.3410
vn 0.8991 0.1267 -0.4191
vn 0.9785 0.2027 0.0384
vn 0.8561 0.1600 0.4915
vn 0.9539 0.1381 0.2665
vn 0.7428 0.0116 0.6694
vn 0.5770 -0.0863 0.8122
vn 0.5846 -0.0953 0.8057
vn 0.3807 -0.1884 0.9053
vn 0.5643 -0.1402 0.8136
vn 0.6461 -0.0428 0.7621
vn 0.8297 -0.0458 0.5563
vn 0.7198 -0.1052 0.6862
vn 0.2790 -0.1406 0.9500
vn 0.2884 -0.0778 0.9543
vn 0.4480 -0.1528 0.8809
vn 0.3742 -0.0208 0.9271
vn 0.4614 -0.1581 0.8730
vn -0.9443 -0.1035 0.3125
vn -0.8410 -0.2116 0.4980
vn -0.8479 -0.2522 0.4662
vn -0.8038 -0.2328 0.5475
vn -0.7008 -0.2025 0.6840
vn -0.6567 -0.1101 0.7461
vn -0.6149 0.1096 0.7809
vn -0.0453 0.2341 0.9712
vn -0.2081 0.0271 0.9777
vn -0.1608 0.3401 0.9265
vn -0.3467 0.2102 0.9141
vn -0.9196 -0.1943 0.3414
vn -0.8923 -0.2838 0.3511
vn -0.8744 -0.3613 0.3237
vn -0.9787 -0.0710 0.1927
vn -0.9987 0.0091 -0.0508
vn -0.9890 0.1182 -0.0892
vn -0.9348 0.1767 -0.3081
vn -0.8263 0.4215 -0.3736
vn -0.7666 0.3797 -0.5178
vn -0.7172 0.1730 -0.6751
vn -0.5536 0.5714 -0.6059
vn -0.5894 0.0020 0.8079
vn -0.8458 -0.0925 0.5254
vn -0.8949 -0.1876 0.4049
vn -0.9397 -0.1177 0.3211
vn -0.0550 0.8338 0.5493
vn 0.1051 0.6271 0.7718
vn 0.4980 0.5530 0.6680
vn 0.5162 0.7047 0.4867
vn -0.0716 0.8477 0.5255
vn 0.4995 0.7381 0.4536
vn -0.0764 0.8976 0.4340
vn 0.4700 0.7967 0.3800
vn 0.0340 0.1388 0.9897
vn 0.0364 0.6914 0.7216
vn -0.1277 0.8025 0.5828
vn 0.3929 0.8247 0.4068
vn 0.2556 0.1622 0.9531
vn 0.4241 0.6289 0.6516
vn 0.0723 -0.0710 0.9949
vn 0.0235 0.5059 0.8623
vn 0.4665 0.7541 0.4622
vn 0.4859 0.7940 0.3652
vn 0.4194 0.7568 0.5014
vn 0.0780 0.8755 0.4769
vn 0.1015 0.9132 0.3947
vn -0.3102 0.8301 0.4633
vn -0.3825 0.8340 0.3976
vn 0.0450 0.8475 0.5288
vn -0.2549 0.7897 0.5581
vn 0.0892 0.8150 0.5725
vn -0.2554 0.7627 0.5941
vn 0.2918 0.7284 0.6199
vn 0.1228 0.7871 0.6045
vn -0.2534 0.7578 0.6013
vn 0.1840 0.8032 0.5666
vn -0.0544 0.8568 0.5127
vn -0.0561 0.8921 0.4483
vn -0.0112 0.8401 0.5423
vn 0.1591 0.7572 0.6335
vn 0.2370 0.7930 0.5612
vn 0.2630 0.8641 0.4291
vn 0.2844 0.8344 0.4722
vn 0.3077 0.8213 0.4804
vn 0.3067 0.8017 0.5130
vn 0.3055 0.7749 0.5533
vn -0.5569 0.4695 0.6852
vn -0.6702 0.3477 0.6557
vn -0.8094 0.1879 0.5563
vn -0.8881 -0.0260 0.4590
vn -0.8803 -0.1214 0.4586
vn -0.8419 0.0260 0.5390
vn -0.7939 0.0263 0.6075
vn -0.2293 0.4144 0.8807
vn -0.3720 0.6040 0.7048
vn -0.5362 0.3563 0.7652
vn -0.4850 0.2365 0.8419
vn -0.5964 0.4758 0.6464
vn -0.7081 0.4325 0.5582
vn -0.6497 0.4518 0.6114
vn -0.4554 0.6172 0.6416
vn -0.6898 0.1632 0.7054
vn -0.6573 0.0775 0.7496
vn -0.7983 0.2571 0.5446
vn -0.7144 0.2609 0.6493
vn -0.4449 0.3256 0.8343
vn -0.1681 0.3988 0.9015
vn -0.7137 0.2095 0.6684
vn -0.9634 0.1889 0.1902
vn -0.3716 0.2240 -0.9010
vn -0.3267 0.6086 -0.7231
vn -0.1324 0.4439 -0.8862
vn -0.2377 0.5995 -0.7642
vn -0.2359 0.5391 -0.8085
vn -0.1714 -0.2174 -0.9609
vn -0.1575 -0.0729 -0.9848
vn -0.2476 0.5763 -0.7788
vn -0.0616 0.6066 -0.7926
vn -0.0230 0.5688 -0.8221
vn -0.0230 0.5398 -0.8415
vn 0.0275 -0.1866 -0.9820
vn 0.0164 -0.1167 -0.9930
vn -0.0208 0.5543 -0.8320
vn 0.0770 0.6207 -0.7803
vn 0.0766 -0.1354 -0.9878
vn 0.0276 0.5598 -0.8282
vn 0.2188 0.7269 -0.6509
vn 0.3322 0.7693 -0.5457
vn 0.1695 -0.0833 -0.9820
vn 0.1432 0.6215 -0.7702
vn -0.8562 0.4729 -0.2080
vn -0.8384 0.3694 0.4008
vn -0.3260 0.6814 0.6553
vn -0.4319 0.8801 0.1972
vn -0.3410 0.6995 0.6280
vn -0.5398 0.6537 0.5304
vn -0.7760 0.6043 -0.1808
vn -0.8100 0.4828 0.3328
vn -0.6748 0.3345 -0.6579
vn -0.4012 0.8983 -0.1792
vn -0.4246 0.8788 0.2179
vn -0.4170 0.9037 -0.0974
vn -0.5268 0.8389 0.1370
vn 0.8645 -0.5024 0.0147
vn 0.6205 -0.3837 0.6839
vn 0.4598 -0.6314 0.6245
vn 0.6244 -0.7534 0.2062
vn 0.6302 -0.4003 0.6653
vn 0.8795 -0.4759 0.0022
vn 0.3640 0.8423 0.3975
vn 0.3704 0.8121 0.4509
vn 0.4901 0.7551 0.4354
vn 0.6983 0.6141 0.3678
vn 0.6841 0.6161 0.3904
vn 0.9082 0.3735 0.1889
vn 0.8867 0.4012 0.2299
vn 0.4407 0.7061 0.5542
vn 0.8925 0.3124 0.3254
vn 0.9105 0.1997 0.3622
vn 0.8559 0.2702 0.4410
vn 0.9372 -0.3484 0.0181
vn 0.9811 -0.1770 0.0785
vn 0.9348 -0.3549 -0.0153
vn 0.9243 -0.3771 -0.0581
vn 0.8322 0.3824 0.4015
vn 0.8254 0.5062 0.2500
vn 0.9465 -0.3150 -0.0699
vn 0.7720 0.6336 0.0517
vn 0.9683 -0.2324 -0.0913
vn 0.6886 0.7128 -0.1331
vn 0.9831 -0.1377 -0.1206
vn 0.9427 0.0673 -0.3267
vn 0.5330 0.7719 -0.3465
vn 0.9300 -0.1752 -0.3231
vn 0.7201 0.5173 -0.4624
vn 0.9551 0.2585 0.1451
vn 0.7625 0.1234 0.6351
vn 0.8935 -0.4476 -0.0364
vn 0.9130 -0.4049 -0.0507
vn 0.3149 0.8722 0.3744
vn 0.2693 0.8961 0.3529
vn 0.3713 0.9071 0.1982
vn 0.2963 0.5256 0.7975
vn 0.3202 0.9181 0.2335
vn 0.3919 0.8795 0.2700
vn 0.0077 0.9377 0.3473
vn 0.0595 0.9822 0.1783
vn 0.0298 0.9693 0.2440
vn -0.0929 0.9350 0.3424
vn -0.0811 0.9785 0.1898
vn -0.0908 0.9655 0.2442
vn 0.3632 0.9229 0.1276
vn 0.4490 0.8443 0.2924
vn 0.4325 0.8781 0.2045
vn 0.4648 0.8770 0.1220
vn 0.4980 0.8243 0.2693
vn 0.4716 0.8575 0.2056
vn 0.0659 0.9525 0.2974
vn 0.1040 0.9401 0.3248
vn 0.1180 0.9657 0.2313
vn -0.3525 0.8858 0.3017
vn -0.3666 0.8883 0.2766
vn -0.3076 0.8934 0.3274
vn -0.5498 -0.4061 0.7300
vn -0.6781 0.2868 0.6767
vn -0.9755 0.1406 0.1694
vn 0.8947 -0.4461 -0.0203
vn 0.9352 -0.3540 -0.0055
vn 0.9042 -0.4255 -0.0377
vn 0.9578 -0.2872 0.0108
vn 0.9066 -0.4200 -0.0402
vn 0.9524 -0.3033 0.0308
vn 0.8830 -0.4693 0.0053
vn 0.9209 -0.3817 0.0787
vn 0.8650 -0.4999 -0.0425
vn 0.8668 -0.4840 -0.1203
vn 0.8648 -0.4847 -0.1314
vn 0.8636 -0.4878 -0.1274
vn 0.8692 -0.4787 -0.1236
vn 0.8619 -0.4812 -0.1601
vn 0.8716 -0.4729 -0.1292
vn 0.6678 0.6353 0.3879
vn 0.8568 0.4353 0.2763
vn 0.2035 0.8103 0.5496
vn 0.1801 0.9038 0.3882
vn 0.1506 0.9803 0.1277
vn 0.1763 0.9793 -0.0991
vn 0.2495 0.9342 -0.2549
vn 0.3158 0.8592 -0.4025
vn 0.7680 0.2337 -0.5962
vn 0.5014 0.5331 -0.6815
vn 0.3175 0.7895 0.5252
vn 0.8279 0.4969 0.2601
vn 0.6236 0.6984 0.3512
vn 0.7567 0.6214 0.2034
vn 0.5566 0.7885 0.2618
vn 0.5716 0.8118 0.1193
vn 0.7470 0.6633 0.0446
vn 0.8246 0.5568 -0.0998
vn 0.6375 0.7663 -0.0797
vn 0.8673 0.4506 -0.2117
vn 0.6426 0.7237 -0.2518
vn 0.8592 0.4189 -0.2938
vn 0.6171 0.6750 -0.4045
vn 0.7850 0.3666 -0.4994
vn 0.5853 0.5656 -0.5810
vn 0.3323 0.8433 0.4223
vn 0.2261 0.8049 0.5487
vn 0.2194 0.8070 0.5483
vn 0.1590 0.7884 0.5943
vn -0.3252 0.7591 0.5639
vn 0.3432 0.8931 0.2908
vn 0.2251 0.8361 0.5003
vn 0.2445 0.8270 0.5062
vn 0.2093 0.8155 0.5396
vn 0.3414 0.9231 0.1770
vn 0.2709 0.8942 0.3564
vn 0.2599 0.8831 0.3907
vn 0.2299 0.8747 0.4266
vn 0.3445 0.9374 -0.0516
vn 0.2845 0.9419 0.1786
vn 0.2754 0.9402 0.2004
vn 0.2834 0.9312 0.2291
vn 0.3456 0.8981 -0.2720
vn 0.2815 0.9589 -0.0344
vn 0.3098 0.9507 -0.0101
vn 0.2783 0.9604 -0.0139
vn 0.3334 0.8282 -0.4505
vn 0.3122 0.9123 -0.2652
vn 0.2692 0.9223 -0.2774
vn 0.2402 0.9173 -0.3177
vn 0.0496 0.9986 -0.0187
vn 0.0825 0.9446 -0.3177
vn 0.1285 0.8376 -0.5310
vn 0.1509 0.9242 -0.3508
vn 0.3265 0.7462 -0.5802
vn 0.3024 0.8262 -0.4753
vn 0.2533 0.8291 -0.4985
vn 0.2490 0.8244 -0.5083
vn 0.1021 0.7258 -0.6803
vn 0.1069 0.8542 -0.5088
vn 0.2871 0.7468 -0.5999
vn 0.2694 0.7498 -0.6043
vn 0.2756 0.7444 -0.6082
vn 0.1140 0.7629 -0.6364
vn -0.0164 0.9743 0.2246
vn -0.0598 0.9059 0.4192
vn -0.2252 0.8296 0.5109
vn 0.8114 -0.5672 -0.1410
vn 0.6227 -0.6693 0.4053
vn 0.7801 -0.6200 -0.0838
vn -0.5994 0.3571 0.7164
vn -0.9707 -0.2068 -0.1225
vn -0.9416 -0.1736 0.2884
vn -0.8281 -0.1992 -0.5240
vn -0.5854 -0.3428 -0.7347
vn -0.3040 -0.4821 -0.8217
vn -0.4228 0.2465 -0.8721
vn -0.2126 0.1198 -0.9698
vn -0.0752 -0.5898 -0.8040
vn -0.0112 -0.6883 -0.7254
vn -0.0624 -0.7527 -0.6554
vn 0.0382 -0.7576 -0.6516
vn 0.0596 -0.7509 -0.6577
vn 0.1073 -0.7293 -0.6757
vn 0.1562 -0.6686 -0.7270
vn 0.5190 0.1576 -0.8401
vn 0.3996 0.1855 -0.8977
vn 0.3704 0.2455 -0.8959
vn 0.3749 0.2777 -0.8845
vn 0.3666 0.3511 -0.8616
vn 0.2172 0.4168 -0.8827
vn 0.1935 -0.0164 -0.9810
vn 0.2118 -0.6487 -0.7310
vn 0.3437 -0.4192 -0.8403
vn 0.3418 -0.5203 -0.7826
vn 0.3098 -0.5602 -0.7683
vn 0.2884 -0.6120 -0.7364
vn 0.5685 -0.3179 -0.7588
vn 0.2710 -0.7625 -0.5875
vn 0.2657 -0.7706 -0.5793
vn 0.2411 -0.7686 -0.5925
vn 0.2237 -0.7726 -0.5941
vn 0.8271 -0.5482 -0.1244
vn 0.8128 -0.5663 -0.1363
vn 0.7982 -0.5962 -0.0864
vn 0.7843 -0.6106 -0.1095
vn 0.7845 -0.5916 -0.1861
vn 0.7916 -0.5838 -0.1807
vn 0.8337 -0.5319 -0.1484
vn 0.8078 -0.5528 -0.2044
vn 0.8202 -0.5541 -0.1424
vn 0.7030 -0.6739 -0.2272
vn 0.7321 -0.6581 -0.1757
vn 0.7882 -0.5251 -0.3209
vn 0.6120 -0.4380 -0.6585
vn 0.5099 -0.3348 -0.7924
vn 0.2137 -0.7657 -0.6067
vn 0.3178 -0.7871 -0.5286
vn 0.4987 -0.7501 -0.4344
vn 0.6005 -0.7208 -0.3461
vn 0.8641 -0.4949 -0.0917
vn 0.8201 -0.5667 -0.0791
vn 0.8664 -0.4956 -0.0616
vn 0.8487 -0.5114 -0.1349
vn 0.8382 -0.5304 -0.1266
vn 0.8178 -0.5642 -0.1134
vn 0.6812 -0.7148 0.1579
vn 0.5143 -0.8034 0.3002
vn 0.3964 -0.8640 -0.3105
vn 0.4658 -0.7936 -0.3914
vn 0.6321 -0.5350 -0.5606
vn 0.7077 -0.2530 -0.6596
vn 0.7912 -0.2963 -0.5350
vn 0.7698 -0.3928 -0.5031
vn 0.6785 -0.5913 -0.4358
vn 0.4693 -0.7838 -0.4066
vn 0.3900 -0.8660 -0.3129
vn 0.3665 -0.8774 -0.3094
vn 0.3520 -0.8810 -0.3161
vn 0.4303 -0.8822 -0.1912
vn 0.2715 -0.9357 -0.2255
vn 0.2302 -0.9248 -0.3029
vn 0.1804 -0.8920 -0.4144
vn 0.0913 -0.9060 -0.4132
vn 0.2172 -0.7824 -0.5837
vn 0.0977 -0.9205 -0.3783
vn 0.2357 -0.7831 -0.5755
vn 0.1086 -0.9482 -0.2986
vn 0.2547 -0.7866 -0.5624
vn 0.1367 -0.9646 -0.2253
vn 0.2726 -0.7834 -0.5585
vn 0.1452 -0.9668 -0.2103
vn 0.2125 -0.7800 -0.5886
vn 0.0761 -0.9580 -0.2764
vn 0.1102 -0.7994 -0.5906
vn 0.0579 -0.9570 -0.2842
vn 0.0939 -0.8551 -0.5099
vn 0.0645 -0.8817 -0.4674
vn 0.0692 -0.9705 -0.2309
vn 0.0657 -0.8737 -0.4820
vn 0.0934 -0.9713 -0.2190
vn 0.0308 -0.8470 -0.5308
vn -0.0051 -0.8669 -0.4985
vn 0.0319 -0.9614 -0.2734
vn 0.0766 -0.9430 -0.3237
vn 0.0179 -0.8095 -0.5868
vn 0.1014 -0.9406 -0.3241
vn -0.1331 -0.7404 -0.6589
vn 0.0234 -0.9153 -0.4022
vn -0.3858 -0.5398 -0.7482
vn -0.1742 -0.7785 -0.6030
vn -0.4864 -0.6241 -0.6115
vn -0.6175 -0.6489 -0.4446
vn -0.6527 -0.6959 -0.2995
vn -0.8658 -0.1919 0.4621
vn -0.7469 -0.6537 -0.1216
vn -0.7901 -0.1596 0.5918
vn -0.8100 -0.5683 0.1448
vn -0.6954 -0.6631 0.2770
vn -0.6367 -0.2449 0.7312
vn -0.5338 -0.7655 0.3593
vn -0.4590 -0.3798 0.8032
vn 0.3782 -0.8072 0.4532
vn 0.3992 -0.9165 -0.0257
vn -0.2361 -0.7879 -0.5688
vn -0.3642 -0.8092 -0.4610
vn -0.2563 -0.7701 -0.5842
vn -0.1777 -0.7399 -0.6488
vn -0.0973 -0.7684 -0.6325
vn -0.0509 -0.8218 -0.5675
vn 0.0084 -0.8716 -0.4901
vn 0.1072 -0.8240 -0.5563
vn 0.1402 -0.9323 -0.3335
vn 0.2225 -0.9702 -0.0957
vn 0.1618 -0.9860 -0.0394
vn 0.1254 -0.9918 -0.0249
vn 0.1153 -0.9913 0.0632
vn 0.0684 -0.9966 0.0453
vn 0.0923 -0.9929 0.0745
vn 0.0372 -0.9978 0.0542
vn 0.0906 -0.9818 0.1670
vn -0.0013 -0.9644 0.2644
vn -0.1292 -0.9791 0.1567
vn -0.1688 -0.9849 0.0375
vn -0.1851 -0.9809 -0.0597
vn -0.1705 -0.9804 -0.0991
vn -0.2264 -0.9646 -0.1351
vn -0.2000 -0.9703 -0.1359
vn -0.3745 -0.9272 -0.0084
vn -0.2602 -0.9529 -0.1557
vn -0.3491 -0.8412 -0.4129
vn -0.3280 -0.8994 -0.2888
vn -0.3539 -0.8122 -0.4638
vn -0.2048 -0.6872 -0.6970
vn 0.1726 -0.4606 -0.8707
vn 0.3869 -0.1228 -0.9139
vn 0.4798 0.0799 -0.8737
vn 0.5482 0.0672 -0.8337
vn 0.3621 -0.3280 -0.8725
vn -0.3184 0.7232 -0.6129
vn -0.5079 0.6969 -0.5063
vn -0.3366 0.8575 -0.3890
vn -0.4973 0.8242 -0.2709
vn -0.7286 0.6823 0.0592
vn -0.1194 0.5311 0.8389
vn -0.5564 0.3739 0.7421
vn -0.3846 0.7448 0.5453
vn -0.1857 0.8594 0.4764
vn 0.0002 0.5929 0.8053
vn -0.0344 0.6940 0.7192
vn -0.1995 0.8277 0.5245
vn -0.0600 0.6529 0.7551
vn -0.1257 0.7623 0.6349
vn -0.2607 0.7847 0.5623
vn -0.0284 0.9136 0.4056
vn -0.4038 0.6037 0.6874
vn -0.6540 0.2026 0.7288
vn -0.4635 0.1436 0.8744
vn -0.3398 0.0153 0.9404
vn 0.2451 -0.2424 0.9387
vn 0.0198 -0.2046 0.9786
vn 0.1261 -0.8026 0.5830
vn 0.4382 -0.2543 0.8622
vn 0.6274 -0.2194 0.7471
vn 0.2705 -0.9458 0.1798
vn 0.1237 -0.9923 0.0105
vn 0.2389 -0.9525 0.1888
vn -0.6810 -0.6793 0.2735
vn -0.3794 -0.0643 0.9230
vn -0.3760 -0.4635 0.8024
vn -0.4458 -0.4647 0.7651
vn -0.7634 -0.6016 0.2351
vn -0.6962 -0.6676 0.2637
vn 0.0755 -0.1203 0.9899
vn 0.0906 -0.0929 0.9915
vn -0.1592 -0.6049 0.7802
vn 0.0821 -0.1061 0.9910
vn 0.0765 -0.0977 0.9923
vn -0.3513 -0.8470 0.3990
vn -0.6807 -0.7146 0.1613
vn -0.7621 -0.6238 0.1734
vn -0.8424 -0.5293 0.1009
vn -0.8760 0.3504 0.3315
vn -0.8853 0.3617 0.2924
vn -0.8937 0.3099 0.3245
vn -0.9365 0.2606 0.2349
vn -0.9717 0.1744 0.1594
vn -0.9743 0.1958 0.1114
vn -0.9727 -0.2312 -0.0195
vn -0.9565 -0.2880 -0.0464
vn -0.9476 -0.3164 -0.0448
vn -0.9824 -0.1868 -0.0020
vn -0.9879 -0.1519 -0.0297
vn -0.9255 -0.3517 -0.1409
vn -0.9376 -0.3280 -0.1153
vn -0.9589 -0.2684 -0.0924
vn -0.9321 -0.3499 -0.0936
vn -0.8763 -0.4723 0.0950
vn -0.9349 -0.3517 -0.0481
vn -0.9317 -0.3612 -0.0385
vn -0.9227 -0.3842 -0.0318
vn -0.8533 -0.5080 0.1179
vn -0.9053 -0.4245 -0.0140
vn -0.2637 0.4158 0.8704
vn -0.1733 0.3878 0.9053
vn -0.1740 -0.0997 0.9797
vn -0.0858 0.3336 0.9388
vn -0.0324 0.2835 0.9584
vn -0.0647 -0.1566 0.9855
vn -0.1010 0.2793 0.9549
vn -0.0858 -0.1773 0.9804
vn -0.0327 0.2773 0.9602
vn 0.0512 0.3589 0.9320
vn 0.1468 0.3892 0.9094
vn 0.2686 0.3627 0.8924
vn -0.4119 0.5834 0.7000
vn -0.1725 0.8697 0.4625
vn -0.1878 0.8598 0.4748
vn -0.2953 0.6047 0.7397
vn -0.1320 0.6881 0.7135
vn -0.2288 0.4334 0.8717
vn -0.1189 0.4357 0.8922
vn -0.0329 0.4947 0.8684
vn -0.0136 0.4705 0.8823
vn -0.1235 0.4477 0.8856
vn -0.0608 0.3983 0.9152
vn 0.0380 0.4080 0.9122
vn 0.0870 0.4025 0.9113
vn 0.2055 0.4669 0.8601
vn -0.1369 0.2022 0.9697
vn -0.0738 0.7333 0.6759
vn -0.0121 0.4890 0.8722
vn -0.1070 0.4060 0.9076
vn -0.1040 0.8416 0.5300
vn -0.1885 0.5397 0.8205
vn -0.0985 0.4316 0.8967
vn -0.0018 0.2507 0.9681
vn 0.0377 0.5192 0.8538
vn -0.1706 0.4518 0.8757
vn -0.3530 0.5267 0.7733
vn -0.0093 0.5272 0.8497
vn 0.0404 0.4950 0.8679
vn -0.0961 0.4221 0.9014
vn -0.0497 0.4866 0.8722
vn 0.1581 0.4224 0.8925
vn 0.0089 0.5260 0.8504
vn 0.0200 0.6381 0.7697
vn 0.2707 0.3709 0.8883
vn -0.0054 0.6247 0.7809
vn 0.0497 0.7036 0.7089
vn 0.4647 0.3639 0.8073
vn -0.9367 -0.3402 0.0832
vn -0.9777 -0.1700 0.1237
vn -0.9825 0.1434 0.1188
vn -0.6112 0.0125 0.7914
vn 0.0639 0.7536 0.6542
vn -0.4096 0.6565 0.6335
vn -0.5713 0.5763 0.5844
vn 0.0630 0.7835 0.6182
vn 0.4146 0.3235 -0.8505
vn 0.5653 0.5018 -0.6548
vn 0.8033 -0.0066 -0.5956
vn 0.6817 0.2058 -0.7021
vn 0.7617 0.2104 -0.6128
vn 0.7085 0.4141 -0.5714
vn 0.5339 0.7463 -0.3975
vn 0.8216 0.3433 -0.4551
vn 0.6854 0.6638 -0.2993
vn 0.1661 0.9861 -0.0062
vn -0.1118 0.9680 0.2246
vn -0.7313 0.2416 0.6379
vn 0.0933 0.5073 0.8567
vn -0.7637 -0.0521 0.6435
vn -0.8259 0.1225 0.5503
vn -0.6433 0.5128 0.5685
vn -0.4011 0.6961 0.5954
vn -0.1953 0.8886 0.4149
vn 0.3759 0.8614 0.3415
vn 0.0151 0.8646 0.5022
vn -0.0258 0.6815 0.7314
vn -0.2522 0.3576 0.8992
vn -0.1756 0.5456 0.8194
vn 0.7913 0.5221 0.3182
vn 0.7199 0.3628 0.5917
vn 0.6052 0.2660 0.7504
vn 0.9913 0.0924 -0.0938
vn 0.8800 0.0055 0.4750
vn 0.9847 0.0268 0.1723
vn 0.9493 -0.0479 0.3106
vn 0.4760 0.2942 0.8288
vn -0.0486 0.3304 0.9426
vn 0.4224 -0.0654 -0.9040
vn 0.6398 -0.0082 -0.7685
vn 0.6783 -0.0894 -0.7293
vn 0.3022 -0.2498 -0.9200
vn 0.7378 -0.1600 -0.6557
vn 0.0478 -0.5738 -0.8176
vn 0.6784 -0.3494 -0.6463
vn 0.7318 -0.2455 -0.6357
vn -0.2779 -0.7535 -0.5958
vn 0.4020 -0.5834 -0.7057
vn 0.7362 -0.2553 -0.6268
vn -0.5143 -0.7648 -0.3880
vn 0.0783 -0.7996 -0.5954
vn 0.7240 -0.2651 -0.6369
vn -0.4782 -0.8716 -0.1079
vn 0.5727 -0.4242 -0.7015
vn -0.2627 -0.9171 -0.2998
vn 0.1041 -0.8058 -0.5830
vn -0.4048 -0.9140 -0.0273
vn -0.3318 -0.9263 0.1783
vn -0.3328 -0.9407 0.0658
vn -0.2373 -0.9326 0.2719
vn -0.3647 -0.9104 -0.1955
vn 0.1609 -0.6693 -0.7254
vn 0.2732 -0.3245 -0.9056
vn -0.1035 -0.9711 -0.2149
vn 0.1054 -0.5659 -0.8177
vn 0.0742 -0.9629 -0.2593
vn 0.1453 -0.5378 -0.8305
vn 0.3399 -0.3836 -0.8587
vn 0.1105 -0.3480 -0.9309
vn 0.3216 -0.4742 -0.8195
vn 0.2586 -0.3583 -0.8971
vn 0.3546 -0.3960 -0.8470
vn 0.1225 -0.4147 -0.9017
vn 0.1137 -0.5187 -0.8474
vn 0.0551 -0.5337 -0.8439
vn -0.0082 -0.6442 -0.7648
vn 0.3767 -0.3465 -0.8591
vn -0.1942 -0.5162 -0.8341
vn -0.0523 -0.3944 -0.9174
vn 0.0304 -0.5296 -0.8477
vn -0.1104 -0.6117 -0.7833
vn 0.2948 -0.2489 -0.9226
vn -0.0513 -0.5707 -0.8195
vn -0.0288 -0.5484 -0.8357
vn -0.1200 -0.5142 -0.8493
vn 0.0305 -0.4825 -0.8754
vn -0.0513 -0.6561 -0.7530
vn 0.1216 -0.5731 -0.8104
vn -0.5242 -0.5709 -0.6319
vn -0.7781 -0.4674 -0.4196
vn -0.6269 -0.7292 -0.2744
vn -0.0427 -0.5201 -0.8530
vn 0.1538 -0.6082 -0.7787
vn 0.1474 -0.6607 -0.7360
vn 0.1222 -0.7288 -0.6737
vn 0.2076 -0.8479 -0.4879
vn 0.0042 -0.6231 -0.7821
vn -0.3145 -0.4759 -0.8213
vn 0.1190 -0.6697 -0.7330
vn 0.1686 -0.7333 -0.6587
vn 0.2129 -0.8895 -0.4044
vn 0.1078 -0.7123 -0.6936
vn -0.0426 -0.6336 -0.7725
vn -0.2678 -0.5477 -0.7927
vn -0.5438 -0.3474 -0.7639
vn -0.6711 -0.3151 -0.6711
vn -0.8259 -0.3251 -0.4607
vn -0.9024 -0.3174 -0.2913
vn 0.2986 -0.9288 -0.2197
vn -0.0162 -0.9575 0.2880
vn 0.1703 -0.9421 0.2888
vn 0.6135 -0.7658 -0.1928
vn 0.2851 -0.9560 0.0691
vn 0.1873 -0.9513 -0.2446
vn 0.0679 -0.9088 -0.4118
vn 0.0068 -0.9261 -0.3771
vn 0.0755 -0.9051 -0.4184
vn -0.0017 -0.9282 -0.3721
vn 0.0708 -0.9145 -0.3983
vn -0.1763 -0.6367 -0.7507
vn -0.4204 -0.4832 -0.7680
vn -0.6372 -0.3563 -0.6834
vn -0.7819 -0.2112 -0.5865
vn -0.8829 -0.0627 -0.4654
vn -0.9306 0.0796 -0.3573
vn 0.4769 -0.6093 -0.6334
vn 0.4304 -0.1172 -0.8950
vn 0.7131 -0.7009 0.0167
vn 0.8869 -0.3513 -0.2999
vn 0.9714 -0.2371 0.0086
vn 0.5457 -0.1267 -0.8284
vn 0.9493 0.0486 -0.3105
vn -0.9737 0.0036 -0.2277
vn -0.9699 0.0862 -0.2276
vn -0.9630 -0.0670 -0.2610
vn -0.9448 0.0080 -0.3275
vn -0.9367 0.0462 -0.3471
vn -0.7551 0.0255 -0.6552
vn -0.7659 0.0260 -0.6424
vn -0.4288 0.0972 -0.8981
vn -0.4541 0.0715 -0.8881
vn -0.1296 0.1429 -0.9812
vn -0.1528 0.1597 -0.9753
vn -0.0149 0.1728 -0.9848
vn -0.0221 0.1280 -0.9915
vn 0.4387 0.0726 -0.8957
vn 0.2509 0.1464 -0.9569
vn 0.2061 0.1184 -0.9713
vn 0.3998 0.0825 -0.9129
vn 0.7635 -0.0226 -0.6455
vn 0.7471 -0.0061 -0.6647
vn 0.9541 -0.0529 -0.2949
vn 0.9606 -0.0204 -0.2772
vn 0.9991 0.0114 0.0416
vn 0.9990 -0.0065 0.0452
vn 0.9952 -0.0455 0.0870
vn 0.9983 -0.0497 0.0314
vn 0.8595 -0.2836 -0.4253
vn 0.5779 -0.5305 -0.6202
vn 0.9965 -0.0372 0.0753
vn 0.9999 -0.0088 0.0100
vn 0.9550 -0.0076 -0.2966
vn 0.7252 0.0132 -0.6885
vn 0.3591 0.0383 -0.9325
vn 0.1623 0.0608 -0.9849
vn -0.1442 0.1041 -0.9841
vn -0.0588 0.0880 -0.9944
vn -0.3743 0.0741 -0.9243
vn -0.7158 -0.0092 -0.6982
vn -0.9223 -0.1101 -0.3704
vn -0.9394 -0.0291 -0.3416
vn 0.6977 -0.4791 -0.5326
vn 0.9939 -0.0684 -0.0860
vn 0.9990 -0.0084 -0.0450
vn 0.9921 -0.0186 -0.1238
vn 0.9351 0.0059 -0.3544
vn 0.6935 -0.0039 -0.7204
vn 0.2981 0.0112 -0.9545
vn 0.0688 0.0483 -0.9965
vn -0.0922 0.0624 -0.9938
vn -0.1483 0.0624 -0.9870
vn -0.3238 0.0469 -0.9450
vn -0.6748 0.0190 -0.7377
vn -0.8296 -0.1893 -0.5253
vn -0.9223 -0.0129 -0.3862
vn -0.7180 -0.1911 -0.6693
vn -0.8973 0.0205 -0.4410
vn -0.6661 0.0074 -0.7458
vn -0.3191 -0.0194 -0.9475
vn -0.1302 0.0056 -0.9915
vn -0.1056 0.0076 -0.9944
vn 0.2280 -0.0046 -0.9737
vn 0.0052 0.0051 -1.0000
vn 0.6559 -0.0059 -0.7548
vn 0.7401 -0.2983 -0.6027
vn 0.9170 -0.0012 -0.3989
vn 0.7245 -0.3691 -0.5822
vn 0.6971 -0.5991 -0.3938
vn 0.4617 -0.4372 -0.7718
vn 0.0757 -0.3559 -0.9314
vn -0.0926 -0.3582 -0.9290
vn -0.0672 -0.3197 -0.9451
vn -0.2828 -0.3488 -0.8935
vn -0.4797 -0.4656 -0.7437
vn -0.6685 -0.0341 -0.7429
vn -0.5933 -0.0297 -0.8044
vn -0.2993 -0.0705 -0.9516
vn -0.2620 -0.0852 -0.9613
vn 0.8818 -0.0153 -0.4713
vn 0.8301 -0.1337 -0.5413
vn 0.5968 -0.0066 -0.8024
vn 0.5269 -0.0923 -0.8449
vn 0.1794 -0.0509 -0.9825
vn 0.1168 -0.1120 -0.9868
vn -0.0528 -0.0520 -0.9972
vn -0.1078 -0.0952 -0.9896
vn -0.1081 -0.0464 -0.9931
vn -0.0946 -0.0781 -0.9925
vn -0.1122 -0.0390 -0.9929
vn -0.4903 -0.7108 0.5043
vn -0.2095 -0.6966 0.6862
vn -0.0764 -0.7387 0.6697
vn -0.0526 -0.7873 0.6144
vn -0.0279 -0.7895 0.6131
vn -0.0195 -0.8117 0.5837
vn 0.2963 -0.8652 0.4045
vn 0.0049 -0.7973 0.6036
vn -0.9528 -0.1022 -0.2859
vn -0.9750 -0.0363 -0.2192
vn -0.9289 -0.0283 -0.3692
vn -0.7720 0.0206 -0.6353
vn -0.4762 0.0679 -0.8767
vn -0.1710 0.0999 -0.9802
vn -0.0197 0.1101 -0.9937
vn 0.4603 0.0434 -0.8867
vn 0.2936 0.1059 -0.9500
vn 0.7800 0.0384 -0.6247
vn 0.9531 0.0028 -0.3028
vn 0.9997 -0.0105 0.0237
vn 0.9807 -0.0109 0.1952
vn -0.9368 -0.2698 -0.2227
vn -0.9024 -0.1297 -0.4110
vn -0.9321 -0.2071 -0.2972
vn 0.9843 -0.1437 0.1029
vn 0.8795 -0.2912 0.3765
vn -0.6566 -0.3757 0.6540
vn -0.0868 -0.1706 0.9815
vn -0.0433 -0.1846 0.9819
vn 0.3246 -0.3908 0.8613
vn -0.0005 -0.2149 0.9766
vn -0.9413 -0.2401 -0.2372
vn -0.9307 -0.3032 -0.2044
vn -0.9219 -0.1943 -0.3352
vn -0.7803 -0.0903 -0.6189
vn -0.4917 -0.0159 -0.8706
vn -0.1697 -0.0420 -0.9846
vn -0.0242 -0.0356 -0.9991
vn 0.4669 -0.0545 -0.8827
vn 0.2985 -0.0411 -0.9535
vn 0.7753 -0.0163 -0.6314
vn 0.9557 -0.0407 -0.2916
vn 0.9876 -0.1503 0.0444
vn 0.9627 -0.1870 0.1956
vn -0.6709 -0.6703 -0.3170
vn -0.7831 -0.6000 -0.1636
vn -0.6210 -0.7577 -0.2007
vn 0.7261 -0.6046 0.3275
vn 0.6664 -0.7403 0.0885
vn -0.5958 -0.5683 0.5675
vn -0.0693 -0.6107 0.7888
vn -0.0321 -0.6341 0.7726
vn 0.3513 -0.5969 0.7214
vn -0.0022 -0.6392 0.7691
vn -0.6200 -0.7680 -0.1608
vn -0.5701 -0.8121 -0.1246
vn -0.6274 -0.7483 -0.2154
vn -0.5605 -0.7062 -0.4326
vn -0.3629 -0.6764 -0.6409
vn -0.1177 -0.7114 -0.6928
vn -0.0170 -0.7076 -0.7064
vn 0.3307 -0.7062 -0.6260
vn 0.2151 -0.6959 -0.6852
vn 0.5595 -0.6867 -0.4642
vn 0.7011 -0.6838 -0.2020
vn 0.6750 -0.7369 0.0362
vn 0.6149 -0.7787 0.1243
vn -0.0000 -1.0000 0.0000
vn 0.0000 -1.0000 -0.0000
vn 0.0366 -0.9991 0.0202
vn 0.0303 -0.9963 0.0803
vn 0.0000 -1.0000 0.0001
vn -0.0011 -0.9984 0.0567
vn 0.0000 -1.0000 0.0000
vn 0.0323 -0.9995 0.0060
vn -0.0000 -1.0000 0.0001
vn -0.0437 -0.9989 -0.0187
vn -0.0002 -1.0000 0.0004
vn -0.0513 -0.9985 -0.0166
vn 0.0590 -0.9981 -0.0184
vn 0.0483 -0.9988 0.0025
vn 0.0423 -0.9991 0.0084
vn -0.0037 -0.9978 0.0662
vn -0.0555 -0.9948 0.0852
vn -0.0024 -0.9983 0.0591
vn -0.0847 -0.9960 -0.0282
vn -0.0884 -0.9958 -0.0228
vn -0.0890 -0.9958 -0.0200
vn -0.0864 -0.9958 -0.0298
vn -0.0826 -0.9944 -0.0659
vn -0.0492 -0.9949 -0.0880
vn -0.0114 -0.9973 -0.0722
vn -0.0012 -0.9979 -0.0646
vn 0.0192 -0.9979 -0.0616
vn 0.0343 -0.9975 -0.0617
vn 0.0818 -0.9947 -0.0623
vn 0.3279 -0.8690 0.3706
vn 0.2015 -0.8719 0.4463
vn 0.3635 -0.8613 0.3552
vn 0.3895 -0.8095 0.4394
vn 0.5668 -0.6271 0.5344
vn 0.4299 -0.8636 0.2636
vn -0.5018 -0.7887 -0.3552
vn -0.6720 -0.6865 -0.2777
vn -0.6306 -0.7573 -0.1699
vn -0.5077 -0.8548 0.1076
vn -0.1243 -0.8241 0.5526
vn -0.2052 -0.4066 0.8902
vn -0.1877 -0.5035 0.8433
vn -0.2710 -0.1093 0.9564
vn -0.6946 -0.6179 0.3685
vn -0.5489 -0.6820 -0.4834
vn 0.0577 -0.9475 0.3144
vn -0.1704 0.2031 -0.9642
vn 0.0439 0.3317 -0.9424
vn -0.0819 0.0266 -0.9963
vn -0.4189 0.2305 -0.8783
vn -0.0099 0.1333 -0.9910
vn -0.1045 0.3148 -0.9434
vn -0.2459 0.0643 -0.9672
vn -0.6774 0.5963 0.4307
vn -0.8418 0.4661 0.2722
vn -0.7272 0.6861 -0.0228
vn -0.4971 0.7644 0.4107
vn -0.8255 0.5555 0.0996
vn -0.5579 0.7199 0.4130
vn -0.4035 0.7127 0.5739
vn -0.5364 0.6668 0.5174
vn 0.0699 -0.9899 -0.1231
vn 0.0755 -0.9921 0.0997
vn 0.4801 -0.8719 -0.0962
vn 0.2142 -0.9753 -0.0537
vn 0.2060 -0.9326 0.2963
vn 0.3126 -0.9497 -0.0181
vn -0.7373 0.0144 -0.6754
vn -0.7884 -0.0565 -0.6126
vn -0.6295 -0.1362 -0.7650
vn -0.5643 -0.0276 -0.8251
vn -0.6145 0.0393 -0.7879
vn -0.6842 -0.1407 -0.7156
vn -0.7765 -0.0447 -0.6286
vn -0.8070 0.5068 -0.3034
vn -0.8532 0.2088 -0.4779
vn -0.6541 0.3775 -0.6555
vn -0.6723 0.6164 -0.4100
vn -0.6921 0.5640 -0.4504
vn -0.7482 0.5628 -0.3513
vn -0.7633 0.4033 -0.5047
vn 0.4135 -0.2765 -0.8675
vn 0.6532 -0.3467 -0.6731
vn 0.2341 -0.1306 -0.9634
vn 0.2815 0.0067 -0.9595
vn 0.3309 0.1904 -0.9242
vn 0.6264 -0.2518 -0.7377
vn 0.3370 -0.1516 -0.9292
vn 0.3922 -0.4102 -0.8234
vn 0.1608 -0.4593 -0.8736
vn 0.0716 -0.3166 -0.9459
vn 0.1416 -0.3115 -0.9396
vn 0.4460 -0.2474 -0.8602
vn 0.7363 -0.3796 -0.5602
vn 0.6392 -0.4801 -0.6007
vn -0.3451 -0.9370 -0.0537
vn -0.2303 -0.9627 0.1422
vn -0.1180 -0.9557 0.2696
vn -0.1113 -0.9850 0.1316
vn -0.3049 -0.8779 0.3693
vn -0.5978 -0.7975 0.0814
vn -0.0275 -0.8419 0.5390
vn 0.2292 -0.2244 -0.9472
vn 0.0488 -0.2101 -0.9765
vn -0.0229 -0.0532 -0.9983
vn 0.2153 -0.0755 -0.9736
vn 0.0672 0.2114 -0.9751
vn -0.0418 0.0968 -0.9944
vn 0.3311 -0.3899 0.8593
vn 0.5941 -0.4254 0.6827
vn 0.3791 -0.7613 0.5260
vn 0.4493 -0.5177 0.7281
vn 0.4637 -0.6476 0.6047
vn 0.1624 -0.7940 0.5858
vn -0.7882 0.3311 -0.5188
vn -0.5887 0.4299 -0.6846
vn -0.7892 0.1791 -0.5874
vn -0.9424 -0.0316 -0.3330
vn -0.9441 0.2576 -0.2056
vn 0.2606 0.1984 -0.9448
vn -0.0565 0.2021 -0.9777
vn -0.3372 0.4567 -0.8232
vn -0.2044 0.4056 -0.8909
vn -0.3936 0.5045 -0.7684
vn -0.2097 0.5748 -0.7909
vn -0.7619 0.1939 -0.6179
vn -0.7260 0.1661 -0.6674
vn -0.6375 0.1962 -0.7451
vn -0.6431 0.0201 -0.7655
vn -0.9275 -0.0829 -0.3644
vn -0.8201 0.2775 -0.5004
vn -0.8235 0.0045 -0.5673
vn -0.8087 -0.3576 -0.4670
vn -0.8944 -0.2491 -0.3714
vn -0.7260 -0.0088 -0.6877
vn -0.7253 0.6882 -0.0158
vn -0.7338 0.6784 0.0348
vn -0.6537 0.7417 -0.1501
vn -0.7049 0.6739 -0.2210
vn -0.6944 0.6723 -0.2566
vn -0.6087 0.7757 -0.1667
vn -0.8673 0.4977 0.0117
vn -0.0176 -0.1288 0.9915
vn -0.1334 0.2147 0.9675
vn -0.7912 0.5866 0.1731
vn -0.8313 0.1240 0.5419
vn -0.9111 -0.4081 0.0580
vn -0.4262 -0.8196 0.3830
vn -0.8122 -0.0047 -0.5834
vn -0.9572 0.2503 0.1453
vn -0.6065 0.7088 0.3603
vn -0.6995 0.6664 0.2581
vn -0.8343 0.3155 0.4521
vn -0.6097 0.5841 0.5358
vn -0.4308 0.6342 0.6420
vn -0.2291 -0.6760 0.7004
vn -0.6074 -0.4034 0.6844
vn -0.6392 -0.7672 -0.0530
vn -0.9126 -0.2226 0.3429
vn -0.2132 -0.6624 0.7182
vn 0.3261 -0.1008 -0.9399
vn 0.9187 0.0295 -0.3939
vn 0.5677 -0.4018 -0.7185
vn 0.5634 -0.4120 -0.7161
vn 0.4828 -0.6346 0.6035
vn 0.6688 0.4267 0.6088
vn 0.7194 0.3590 -0.5946
vn -0.9879 0.1330 -0.0801
vn -0.9957 0.0925 0.0048
vn -0.9952 0.0295 0.0933
vn -0.9693 -0.1071 -0.2213
vn -0.8802 -0.1773 -0.4404
vn -0.9308 -0.2723 -0.2438
vn -0.9513 -0.2702 -0.1487
vn -0.8367 -0.2581 -0.4831
vn -0.7129 0.0735 -0.6975
vn -0.8754 -0.2155 -0.4327
vn -0.7880 0.2155 -0.5767
vn -0.7651 -0.5123 -0.3901
vn -0.9195 0.0087 -0.3929
vn -0.9658 -0.0060 -0.2593
vn -0.7677 0.4185 -0.4852
vn -0.7593 0.5747 -0.3053
vn -0.8391 -0.0391 -0.5426
vn -0.7322 0.1384 -0.6668
vn -0.2627 0.7797 0.5685
vn -0.1935 0.9231 0.3324
vn -0.2630 0.8971 0.3550
vn -0.2510 0.8271 0.5029
vn -0.0755 0.8987 0.4319
vn -0.1368 0.8654 0.4820
vn -0.1326 0.8980 0.4195
vn -0.1188 0.8316 0.5425
vn 0.0622 -0.2551 -0.9649
vn 0.3941 -0.1677 -0.9036
vn -0.0018 -0.3921 -0.9199
vn 0.1889 -0.2642 -0.9458
vn -0.0467 0.2257 -0.9731
vn 0.2605 0.3175 -0.9118
vn 0.1132 0.2839 -0.9521
vn 0.1064 0.0338 -0.9937
vn -0.5567 -0.5118 0.6544
vn -0.3175 -0.8666 0.3849
vn -0.0085 -0.8024 0.5967
vn -0.2855 -0.4089 0.8667
vn -0.5055 -0.6050 0.6152
vn 0.0706 -0.6825 0.7275
vn -0.5922 -0.7463 0.3039
vn 0.2975 -0.5439 -0.7846
vn 0.1932 -0.5534 -0.8102
vn 0.5875 -0.7258 -0.3579
vn 0.5603 -0.3442 -0.7533
vn 0.0547 0.1035 -0.9931
vn 0.6191 -0.1473 -0.7714
vn 0.6775 -0.1123 -0.7269
vn -0.8539 -0.5123 0.0920
vn -0.9230 -0.3829 -0.0378
vn -0.8857 -0.4526 0.1031
vn -0.8647 -0.5023 0.0071
vn -0.8218 -0.5383 0.1869
vn -0.8997 -0.4230 0.1078
vn 0.5070 -0.6645 -0.5490
vn 0.4087 -0.9015 -0.1427
vn 0.4951 -0.7869 -0.3683
vn 0.5027 -0.5417 -0.6737
vn 0.8638 0.4858 -0.1336
vn 0.7126 0.7000 0.0466
vn 0.8340 0.5102 0.2100
vn 0.8510 0.5229 0.0492
vn 0.5859 0.8096 0.0361
vn 0.6355 0.7716 -0.0279
vn 0.6808 0.7116 0.1735
vn 0.7185 0.6954 0.0070
vn 0.8458 0.3631 -0.3908
vn 0.6801 0.1601 -0.7155
vn 0.6916 0.3334 -0.6407
vn 0.4200 0.0358 -0.9068
vn 0.7642 -0.0878 -0.6389
vn -0.0296 -0.1158 -0.9928
vn 0.1366 0.2112 -0.9679
vn -0.0770 0.0655 -0.9949
vn -0.2130 0.8473 0.4865
vn -0.0323 0.9448 0.3262
vn -0.2752 0.8957 0.3493
vn -0.3764 0.7695 0.5160
vn 0.0322 0.9614 0.2733
vn 0.0407 0.9302 0.3647
vn 0.1996 0.9031 0.3802
vn 0.2551 0.9121 0.3210
vn -0.3948 0.7231 0.5668
vn -0.2533 0.8137 0.5232
vn -0.3640 -0.9288 -0.0699
vn -0.1183 -0.9585 0.2593
vn 0.0849 -0.9959 0.0302
vn -0.4098 -0.9015 -0.1394
vn -0.3492 -0.8469 0.4009
vn -0.2018 -0.9746 0.0967
vn -0.1787 -0.9718 0.1538
vn 0.0053 -0.9915 0.1298
vn 0.7558 -0.5143 0.4053
vn 0.8181 -0.4775 -0.3204
vn 0.4201 -0.8634 -0.2794
vn 0.2879 -0.4588 0.8406
vn -0.5499 0.0977 0.8295
vn -0.3827 -0.0903 0.9194
vn -0.1127 -0.9934 -0.0233
vn 0.4717 -0.5192 0.7126
vn 0.1919 0.1273 0.9731
vn -0.5262 0.2570 0.8106
vn 0.3684 -0.1374 0.9195
vn -0.4130 -0.7628 0.4975
vn -0.1801 -0.8632 0.4716
vn 0.4129 -0.6615 0.6260
vn -0.1303 -0.9277 0.3499
vn -0.6899 -0.6190 0.3753
vn -0.2395 -0.8098 0.5356
vn -0.5410 -0.7847 0.3025
vn -0.4710 -0.8499 0.2362
vn -0.7614 -0.4691 -0.4474
vn -0.7708 -0.3768 -0.5137
vn -0.8173 -0.3465 -0.4604
vn -0.8498 -0.1373 -0.5090
vn -0.8706 -0.2479 -0.4250
vn -0.7210 -0.4516 -0.5256
vn -0.8369 -0.0575 -0.5444
vn -0.4266 0.8760 -0.2253
vn -0.3428 0.8842 -0.3172
vn -0.4252 0.8478 -0.3169
vn -0.4662 0.8644 -0.1885
vn -0.3452 0.9153 -0.2075
vn -0.4184 0.9018 -0.1078
vn -0.5088 0.8556 -0.0953
vn -0.1123 0.9492 0.2940
vn -0.0820 0.8969 0.4346
vn 0.1632 0.9370 0.3088
vn 0.1878 0.9611 0.2027
vn 0.1628 0.9357 0.3131
vn 0.2012 0.9322 0.3009
vn -0.1419 0.9176 0.3714
vn -0.0731 0.9749 0.2105
vn -0.4000 0.0868 -0.9124
vn -0.3542 0.0294 -0.9347
vn -0.3997 -0.0386 -0.9158
vn -0.3004 -0.0400 -0.9530
vn -0.1533 0.2313 -0.9607
vn -0.4093 0.2011 -0.8899
vn -0.0711 -0.2190 -0.9731
vn -0.0862 -0.0461 -0.9952
vn -0.0314 0.0743 -0.9967
vn -0.4776 0.1768 -0.8606
vn -0.0836 0.0899 -0.9924
vn 0.1284 0.9912 -0.0326
vn 0.3356 -0.9365 -0.1016
vn 0.8600 -0.5052 -0.0718
vn 0.7860 -0.5999 -0.1496
vn 0.3656 -0.8379 -0.4052
vn 0.5177 -0.8256 0.2243
vn 0.1649 -0.9281 -0.3339
vn -0.1744 0.3714 0.9120
vn -0.1362 0.5904 0.7955
vn -0.1290 0.5891 0.7977
vn -0.3686 0.2709 0.8892
vn -0.2884 0.0748 0.9546
vn -0.1165 0.2953 0.9483
vn -0.7909 0.0780 0.6069
vn -0.3618 -0.1130 0.9254
vn -0.1540 0.0323 0.9875
vn -0.7466 0.3085 0.5894
vn 0.0390 -0.1309 0.9906
vn -0.6617 0.3813 0.6456
vn -0.4845 0.5518 0.6788
vn -0.7238 0.3705 0.5821
vn 0.4669 0.7076 -0.5304
vn 0.4040 0.7238 -0.5593
vn 0.4378 0.6684 -0.6013
vn 0.4144 0.6216 -0.6647
vn 0.1743 0.8686 -0.4638
vn 0.2837 0.9208 -0.2676
vn 0.3454 0.8951 -0.2820
vn -0.8424 0.4292 0.3258
vn -0.4318 0.6561 0.6189
vn -0.1529 0.8396 0.5212
vn -0.4498 0.8611 0.2370
vn -0.4126 0.7429 0.5272
vn -0.5488 0.8013 0.2383
vn -0.7131 0.6872 0.1385
vn -0.3596 0.1326 0.9236
vn -0.3680 0.0636 0.9277
vn -0.3695 -0.0511 0.9278
vn -0.5638 0.0090 0.8259
vn -0.6313 0.2507 0.7339
vn -0.7891 0.3330 0.5161
vn -0.7602 0.0130 0.6496
vn -0.5868 0.4267 0.6882
vn -0.8993 0.1308 0.4174
vn -0.8050 0.1812 0.5649
vn -0.7832 0.2089 0.5856
vn -0.7519 -0.3342 0.5683
vn -0.8307 -0.5565 -0.0155
vn -0.7609 -0.5008 -0.4126
vn -0.6559 -0.4026 0.6385
vn -0.7420 -0.3605 0.5652
vn -0.3496 -0.6590 0.6660
vn -0.2047 -0.8364 0.5084
vn 0.3245 -0.0882 0.9418
vn 0.4786 -0.6662 0.5719
vn -0.0464 -0.1303 0.9904
vn 0.1356 -0.7401 0.6587
vn 0.4374 -0.8238 0.3606
vn 0.5008 -0.1668 0.8494
vn 0.4575 -0.8890 -0.0194
vn -0.0330 -0.9223 0.3850
vn 0.7287 -0.6848 0.0014
vn 0.5659 -0.7974 0.2097
vn 0.7428 -0.6296 0.2276
vn 0.6567 -0.7520 0.0566
vn 0.3381 -0.9199 -0.1987
vn 0.2256 -0.9203 0.3195
vn 0.1762 -0.0759 -0.9814
vn 0.6711 -0.5162 0.5321
vn 0.5184 -0.8530 -0.0602
vn 0.8179 -0.3037 -0.4886
vn 0.9293 -0.1227 0.3484
vn -0.1204 -0.8797 0.4601
vn 0.0712 -0.4939 0.8666
vn 0.3268 0.1777 0.9282
vn 0.5629 -0.3729 -0.7377
vn 0.5216 0.1313 -0.8430
vn 0.6037 -0.3317 -0.7249
vn 0.3184 -0.4650 -0.8261
vn 0.3010 -0.7430 -0.5977
vn 0.3368 -0.6316 -0.6983
vn 0.8159 0.1052 -0.5685
vn 0.8070 0.1224 -0.5777
vn 0.6618 0.0596 0.7473
vn 0.9466 -0.2406 0.2146
vn 0.9567 -0.1299 0.2606
vn 0.7712 0.1376 0.6215
vn 0.9523 -0.3010 -0.0512
vn 0.9935 -0.0438 0.1048
vn 0.9364 0.2739 0.2194
vn 0.8179 -0.1216 0.5624
vn 0.1822 -0.9806 -0.0720
vn 0.3362 -0.8084 -0.4831
vn 0.8704 -0.3675 0.3276
vn 0.6042 -0.7187 0.3441
vn 0.1079 -0.7969 0.5944
vn -0.1890 -0.9618 0.1980
vn 0.5981 -0.0182 0.8012
vn 0.9662 0.2303 0.1155
vn 0.8839 -0.4219 -0.2018
vn 0.9604 0.2289 -0.1586
vn 0.9308 -0.2544 -0.2625
vn 0.8238 0.3462 -0.4489
vn -0.4681 -0.3732 0.8010
vn -0.1903 -0.0984 0.9768
vn -0.1481 -0.5061 0.8497
vn -0.0814 -0.6626 0.7445
vn -0.0527 -0.2153 0.9751
vn -0.1882 -0.6843 0.7045
vn -0.1399 0.3114 0.9399
vn -0.1511 0.2516 0.9560
vn -0.2946 0.1841 0.9377
vn -0.3253 0.2666 0.9073
vn -0.2567 0.7397 0.6220
vn -0.2554 0.6277 0.7354
vn 0.6531 -0.1737 0.7371
vn 0.9658 -0.1269 0.2263
vn 0.9623 0.1008 0.2525
vn 0.6768 0.1276 0.7250
vn 0.2278 -0.4139 0.8814
vn 0.3118 0.1847 0.9320
vn 0.7859 -0.1180 0.6071
vn 0.9954 -0.0801 -0.0519
vn 0.8620 -0.3329 -0.3823
vn 0.8495 -0.2855 -0.4438
vn 0.9639 -0.0982 -0.2473
vn 0.7837 0.5687 0.2495
vn 0.9625 0.2639 0.0626
vn 0.6932 -0.6657 -0.2761
vn -0.8581 0.3846 0.3403
vn -0.9962 0.0861 -0.0133
vn -0.9190 0.3161 -0.2356
vn -0.7962 0.5542 0.2427
vn -0.7635 0.6457 -0.0079
vn 0.4943 -0.4054 0.7690
vn 0.3845 0.6246 0.6797
vn 0.3919 0.8412 -0.3726
vn 0.5493 0.6711 -0.4979
vn 0.6640 0.2896 0.6894
vn 0.5612 0.3905 0.7298
vn 0.2366 0.6116 0.7550
vn 0.0421 0.1342 0.9901
vn -0.1129 -0.5616 0.8197
vn 0.5188 -0.7247 -0.4535
vn 0.9117 -0.4063 -0.0602
vn 0.9730 -0.1066 -0.2049
vn 0.5996 -0.7985 -0.0533
vn 0.1568 -0.9842 -0.0823
vn 0.3131 -0.8882 0.3363
vn 0.6016 -0.7988 -0.0006
vn 0.4186 -0.6175 -0.6659
vn -0.4905 0.3369 0.8037
vn -0.3913 0.4760 0.7876
vn -0.2265 0.5498 0.8040
vn -0.7366 0.2814 0.6150
vn -0.7567 0.4066 -0.5119
vn -0.7818 0.2393 -0.5758
vn -0.8857 0.2888 -0.3636
vn -0.7769 0.4659 -0.4234
vn -0.6485 0.5383 -0.5382
vn -0.6147 0.4289 -0.6620
vn 0.5686 0.7806 -0.2594
vn 0.4365 0.8952 -0.0897
vn 0.4284 0.8809 -0.2011
vn 0.4822 0.8388 -0.2528
vn 0.8732 0.4873 -0.0103
vn 0.8208 0.5663 0.0747
vn 0.7752 0.5980 -0.2036
vn 0.6311 0.7739 -0.0530
vn 0.6256 0.7615 -0.1697
vn 0.8657 0.4955 0.0704
vn 0.5141 -0.7129 0.4770
vn 0.6688 -0.7282 0.1499
vn 0.4295 -0.8729 -0.2314
vn 0.8070 -0.5906 -0.0006
vn 0.6901 -0.6231 0.3680
vn 0.5676 -0.6322 -0.5274
vn -0.4192 -0.8357 0.3547
vn -0.8802 -0.1913 0.4343
vn -0.7896 -0.5016 0.3534
vn -0.7979 -0.0992 0.5946
vn 0.5563 -0.5314 -0.6388
vn -0.2309 -0.7516 -0.6179
vn -0.2946 -0.7623 -0.5763
vn 0.4908 -0.5668 -0.6617
vn 0.9624 -0.2137 -0.1678
vn 0.9792 -0.0322 -0.2003
vn 0.1374 -0.6976 -0.7032
vn 0.2191 -0.1373 -0.9660
vn 0.0191 -0.4200 -0.9073
vn 0.3321 0.1823 -0.9255
vn 0.0461 0.1873 -0.9812
vn 0.0524 -0.0915 -0.9944
vn 0.0013 -0.4939 -0.8695
vn -0.0501 -0.6318 -0.7735
vn -0.8815 -0.0749 0.4662
vn -0.8103 -0.1074 0.5761
vn -0.8476 -0.0187 0.5302
vn -0.8879 -0.0380 0.4585
vn -0.5965 -0.3082 0.7411
vn -0.8714 -0.3661 0.3264
vn -0.8556 -0.2474 0.4547
vn 0.7485 -0.3214 0.5801
vn 0.8960 -0.4248 0.1295
vn 0.9367 -0.0014 -0.3502
vn 0.9052 0.3879 0.1735
vn 0.6486 -0.5760 -0.4976
vn 0.5905 -0.7224 -0.3598
vn 0.3755 -0.5856 -0.7184
vn 0.5767 0.7455 0.3341
vn 0.5887 0.6909 0.4196
vn 0.6518 0.6315 0.4201
vn 0.6621 0.6558 0.3626
vn 0.6738 0.6265 0.3917
vn 0.6428 0.6062 0.4684
vn 0.6176 0.7263 0.3019
vn -0.8636 0.2678 -0.4271
vn -0.8130 0.5657 -0.1381
vn -0.8368 0.5302 -0.1367
vn -0.8467 0.4411 -0.2977
vn -0.9372 -0.2051 -0.2821
vn -0.6110 0.2361 -0.7556
vn -0.9369 -0.1717 -0.3047
vn -0.9391 0.2266 -0.2582
vn -0.8115 0.3799 -0.4439
vn -0.8439 0.4944 -0.2084
vn -0.8697 0.1605 -0.4668
vn -0.4396 0.8612 -0.2551
vn -0.3944 0.8741 -0.2834
vn -0.6440 0.6275 -0.4375
vn -0.8371 0.4628 -0.2917
vn -0.8039 0.5682 -0.1758
vn 0.2641 -0.7873 0.5571
vn 0.6683 -0.7380 -0.0934
vn 0.1112 -0.9340 0.3394
vn 0.7943 -0.5091 0.3315
vn 0.6885 -0.6911 0.2200
vn 0.6844 -0.7290 -0.0144
vn 0.7503 -0.1313 0.6479
vn -0.8726 -0.4702 -0.1320
vn -0.8223 -0.4150 -0.3893
vn -0.9136 -0.2352 -0.3317
vn -0.9726 -0.1203 -0.1990
vn 0.0655 0.8572 0.5108
vn 0.1614 0.9807 0.1108
vn 0.4601 0.8784 0.1292
vn 0.3089 0.9265 0.2149
vn 0.2014 0.9153 -0.3487
vn -0.0450 0.7755 0.6298
vn 0.1291 0.8880 0.4414
vn -0.9852 0.1256 -0.1168
vn -0.9866 0.0511 0.1552
vn -0.9099 0.3841 0.1570
vn -0.8806 0.3504 0.3190
vn -0.8309 -0.2550 0.4946
vn -0.8792 -0.4696 0.0805
vn -0.8841 0.2027 -0.4210
vn -0.9412 0.2231 0.2536
vn -0.8804 0.3058 0.3624
vn -0.6591 -0.0443 0.7508
vn -0.8662 -0.0230 0.4991
vn -0.7568 -0.1632 0.6329
vn -0.9777 0.0028 -0.2102
vn -0.8057 -0.5443 0.2334
vn -0.6061 0.1490 0.7813
vn -0.5430 0.2621 0.7978
vn -0.2319 -0.0370 0.9720
vn -0.4477 0.0527 0.8926
vn -0.5702 0.6914 0.4437
vn -0.4930 0.7023 0.5135
vn -0.4425 0.8339 0.3298
vn -0.5340 0.6981 0.4770
vn -0.3404 0.7738 0.5342
vn -0.4603 0.7329 0.5010
vn -0.3696 0.7758 0.5113
vn -0.4337 0.8330 0.3434
vn -0.5069 0.6566 0.5586
vn -0.5651 0.6251 0.5385
vn -0.6183 0.7405 0.2633
vn -0.5008 0.7741 0.3871
vn -0.5974 0.7948 0.1070
vn -0.4247 0.7808 0.4583
vn -0.3639 0.8797 0.3063
vn -0.8637 -0.3439 -0.3685
vn -0.6785 -0.6969 -0.2324
vn -0.7779 -0.6279 -0.0255
vn -0.9409 -0.2009 -0.2727
vn -0.0234 -0.9602 -0.2782
vn -0.3442 -0.8960 0.2807
vn 0.6279 -0.7596 -0.1699
vn -0.0328 -0.9903 0.1348
vn -0.4212 -0.9034 -0.0805
vn -0.3660 -0.8612 -0.3526
vn -0.0523 -0.9697 0.2385
vn -0.2399 -0.9535 0.1827
vn 0.0204 -0.9843 0.1753
vn -0.8869 0.3666 0.2812
vn -0.9365 0.1973 0.2900
vn -0.9495 -0.2536 0.1846
vn -0.8821 0.4096 -0.2325
vn -0.7723 0.5571 -0.3051
vn -0.9273 0.3734 -0.0261
vn -0.8026 -0.3863 0.4546
vn -0.9923 -0.1175 -0.0404
vn -0.9732 0.2085 -0.0975
vn -0.9334 0.2409 0.2660
vn -0.9257 0.3498 0.1438
vn -0.9921 -0.0778 0.0982
vn -0.8956 0.4445 -0.0192
vn -0.8650 0.3670 0.3421
vn -0.8714 0.4544 -0.1848
vn -0.8168 0.4778 -0.3233
vn -0.5084 0.8583 0.0688
vn -0.1189 0.9168 0.3812
vn 0.1134 0.9183 0.3793
vn 0.0474 0.8794 0.4737
vn -0.0743 0.9371 0.3410
vn 0.0541 0.9191 0.3903
vn 0.2941 -0.1721 0.9401
vn 0.7003 -0.6860 0.1973
vn 0.1294 -0.6808 0.7210
vn -0.4867 -0.6944 0.5301
vn -0.5650 -0.5502 0.6148
vn 0.9908 0.1230 -0.0563
vn 0.9056 -0.4179 0.0719
vn -0.0464 -0.6386 0.7681
vn 0.1580 -0.2666 0.9508
vn -0.4584 -0.8717 -0.1730
vn -0.7183 -0.6808 -0.1437
vn -0.8716 -0.4011 0.2819
vn 0.2132 -0.9521 -0.2194
vn -0.4320 -0.8428 -0.3210
vn -0.1929 -0.9723 0.1317
vn -0.1374 -0.9850 -0.1044
vn 0.0103 -0.9714 -0.2372
vn 0.3764 -0.7341 -0.5652
vn 0.4458 -0.8806 -0.1606
vn 0.1421 -0.9718 -0.1882
vn -0.0441 -0.9957 -0.0821
vn -0.6273 -0.7489 -0.2136
vn -0.7097 -0.5729 -0.4101
vn -0.7659 -0.4656 -0.4434
vn -0.8440 -0.4774 -0.2445
vn -0.8698 -0.4425 -0.2184
vn -0.8381 -0.5314 -0.1234
vn -0.7582 -0.2508 -0.6018
vn 0.8848 0.0604 -0.4620
vn 0.7488 0.1738 -0.6396
vn 0.7007 -0.4479 -0.5554
vn 0.8645 -0.3419 -0.3685
vn 0.9942 0.1030 -0.0310
vn 0.5964 -0.7087 0.3769
vn 0.6233 -0.2065 0.7542
vn 0.9947 0.1004 0.0234
vn 0.6292 0.5977 0.4969
vn 0.2137 0.0248 0.9766
vn 0.6494 -0.5306 0.5448
vn 0.0898 -0.2402 0.9665
vn -0.9448 0.3160 0.0868
vn -0.8236 -0.5667 -0.0256
vn -0.9979 0.0567 0.0302
vn -0.9683 -0.0013 -0.2497
vn 0.0131 -0.2354 -0.9718
vn -0.0386 -0.3255 -0.9448
vn 0.4788 -0.2821 -0.8314
vn 0.4445 -0.1841 -0.8767
vn -0.2655 -0.4908 0.8298
vn -0.5352 -0.1137 0.8370
vn -0.3932 -0.8245 0.4069
vn -0.5647 -0.3817 0.7318
vn -0.4156 -0.7565 0.5050
vn -0.5243 -0.6647 0.5323
vn -0.9188 0.3375 0.2046
vn 0.2744 -0.3107 -0.9101
vn 0.9189 -0.1519 -0.3639
vn 0.6911 -0.5080 -0.5141
vn -0.8538 -0.5045 0.1282
vn -0.6259 -0.6045 0.4928
vn -0.6876 -0.6946 0.2114
vn -0.8778 -0.4746 -0.0645
vn -0.7055 -0.6881 0.1698
vn -0.9048 -0.1592 0.3950
vn -0.9424 -0.2494 0.2229
vn -0.9417 -0.0620 0.3307
vn -0.8849 0.0440 0.4637
vn -0.9674 -0.1385 0.2122
vn -0.8796 -0.1609 0.4477
vn -0.9650 -0.2589 0.0424
vn 0.9826 0.1614 0.0917
vn 0.6769 0.3861 0.6267
vn 0.8836 0.3820 -0.2707
vn 0.7711 0.6366 -0.0095
vn 0.9137 0.3888 -0.1180
vn 0.8422 0.5342 0.0736
vn 0.8396 0.3595 0.4072
vn 0.8018 0.3193 -0.5052
vn 0.5622 0.6430 -0.5201
vn 0.7509 0.2628 -0.6059
vn 0.7680 0.0347 -0.6395
vn 0.9474 0.1221 -0.2960
vn 0.6516 0.0066 -0.7585
vn 0.6831 0.0149 -0.7302
vn 0.8282 -0.0159 -0.5603
vn 0.6279 0.4435 -0.6395
vn 0.6199 0.5896 -0.5178
vn 0.4983 0.0892 -0.8624
vn 0.1604 0.6233 -0.7653
vn 0.3618 0.5392 -0.7605
vn 0.4809 0.5480 -0.6844
vn 0.2293 0.4673 -0.8538
vn 0.5452 0.5513 -0.6315
vn 0.5351 0.6102 -0.5843
vn 0.2064 0.5111 -0.8344
vn -0.8975 -0.0128 -0.4407
vn -0.8632 0.1576 -0.4796
vn -0.8935 -0.0277 -0.4482
vn -0.8736 -0.1607 -0.4593
vn -0.9063 0.2300 -0.3545
vn -0.2669 0.4218 -0.8665
vn -0.2282 0.4119 -0.8822
vn -0.1730 0.4821 -0.8589
vn -0.2270 0.5206 -0.8231
vn -0.2584 0.4379 -0.8611
vn -0.2271 0.3563 -0.9063
vn -0.2231 0.3335 -0.9160
vn -0.4968 -0.8375 -0.2275
vn -0.7805 -0.5695 -0.2579
vn -0.9149 -0.2826 -0.2882
vn 0.5195 -0.4232 -0.7423
vn 0.8226 -0.2117 -0.5277
vn 0.8055 -0.1865 -0.5625
vn 0.4881 -0.7457 -0.4535
vn 0.8572 -0.2904 0.4254
vn 0.8645 -0.5023 0.0167
vn 0.5635 -0.5903 -0.5780
vn 0.4265 -0.9044 0.0159
vn 0.1258 -0.9863 0.1066
vn 0.3957 -0.9096 -0.1270
vn 0.6124 -0.7254 -0.3143
vn 0.6920 -0.6182 0.3728
vn 0.9151 -0.3992 0.0569
vn 0.2001 -0.9341 0.2955
vn 0.1149 -0.7791 0.6163
vn 0.0895 -0.2420 0.9661
vn 0.2438 -0.3166 0.9167
vn 0.6605 -0.6279 0.4116
vn 0.1329 -0.4208 0.8974
vn -0.0496 -0.6812 0.7304
vn -0.3378 -0.5335 0.7754
vn 0.2670 -0.7350 0.6233
vn 0.6782 -0.7261 -0.1127
vn 0.3585 -0.8684 0.3426
vn -0.6303 0.7537 0.1862
vn -0.6771 0.7331 0.0644
vn -0.8800 -0.1166 0.4604
vn -0.5378 -0.5548 0.6348
vn -0.3707 -0.4366 0.8197
vn 0.0060 -0.7503 0.6611
vn 0.2048 -0.7843 0.5857
vn -0.6201 -0.5175 0.5897
vn -0.3113 -0.6872 0.6564
vn -0.3576 -0.4237 0.8323
vn -0.1100 -0.8960 0.4303
vn -0.9767 0.1364 0.1655
vn -0.7084 0.6018 -0.3688
vn -0.2702 0.8776 0.3959
vn -0.2343 0.1322 0.9631
vn -0.8720 0.1120 -0.4766
vn -0.9239 0.0313 0.3814
vn -0.6461 -0.1861 0.7402
vn 0.4386 0.6739 -0.5946
vn 0.8501 -0.0925 -0.5184
vn 0.9868 -0.1401 -0.0809
vn 0.9902 -0.1372 -0.0271
vn 0.8673 -0.0467 -0.4957
vn -0.5371 -0.8096 0.2369
vn -0.8572 -0.3325 0.3932
vn -0.7479 -0.5738 0.3339
vn -0.7249 -0.6229 -0.2943
vn -0.1868 -0.8783 -0.4401
vn -0.5037 -0.8570 0.1093
vn 0.6299 -0.7555 -0.1801
vn 0.7746 -0.6209 -0.1205
vn 0.5991 -0.8001 -0.0304
vn 0.7428 -0.6315 0.2226
vn 0.5122 -0.7470 -0.4238
vn 0.4731 -0.8350 -0.2810
vn 0.1889 -0.8923 0.4100
vn 0.3612 -0.8458 0.3925
vn 0.2625 0.9117 0.3159
vn 0.0971 0.9355 0.3397
vn 0.0895 0.9217 0.3775
vn -0.0293 0.8491 0.5274
vn 0.1834 -0.0349 0.9824
vn -0.1711 -0.4840 0.8582
vn 0.3901 -0.7323 0.5581
vn 0.7350 -0.0497 0.6762
vn -0.2981 0.4766 0.8270
vn -0.5551 -0.0070 0.8318
vn 0.3355 0.7189 0.6088
vn -0.8034 0.3015 -0.5134
vn -0.7162 0.3668 -0.5938
vn -0.9930 -0.0511 -0.1060
vn -0.8781 0.3219 0.3539
vn -0.8433 -0.3011 -0.4451
vn -0.9420 0.1636 -0.2929
vn -0.8206 -0.3267 -0.4689
vn -0.9882 -0.1475 -0.0413
vn -0.9226 -0.3672 0.1182
vn -0.8057 0.1339 0.5770
vn -0.9681 -0.1715 -0.1828
vn -0.8928 0.3704 -0.2563
vn -0.9561 0.0886 -0.2793
vn -0.8224 0.3524 -0.4466
vn -0.6067 -0.2093 -0.7669
vn -0.6197 -0.3666 -0.6939
vn -0.7023 -0.5551 -0.4457
vn 0.5115 -0.2895 0.8090
vn -0.4277 0.3933 0.8139
vn -0.4296 0.5050 0.7486
vn -0.5347 0.3753 0.7572
vn -0.4910 0.3629 0.7920
vn -0.3144 0.2455 0.9170
vn -0.1433 0.4278 0.8924
vn -0.1630 0.5904 0.7905
vn -0.9948 -0.0308 0.0966
vn -0.9854 0.0483 -0.1631
vn -0.9159 0.2525 0.3121
vn -0.8322 0.4649 0.3023
vn -0.9582 0.2495 0.1403
vn -0.7083 0.4308 0.5593
vn 0.4034 -0.8859 0.2290
vn -0.1330 -0.7937 0.5935
vn -0.0130 0.1349 0.9908
vn -0.3121 -0.0944 0.9454
vn -0.3085 -0.4816 0.8203
vn -0.1249 -0.8049 0.5801
vn -0.0822 -0.5420 0.8364
vn -0.4163 -0.6495 0.6363
vn -0.4845 -0.1466 0.8624
vn -0.1924 -0.6933 -0.6945
vn 0.7680 -0.5571 -0.3160
vn 0.5730 -0.4514 -0.6840
vn 0.5496 -0.6924 -0.4675
vn 0.8719 -0.1642 -0.4613
vn 0.8369 -0.2669 -0.4778
vn 0.4964 -0.8388 -0.2235
vn 0.4498 -0.5695 -0.6879
vn 0.9764 -0.2110 -0.0469
vn 0.9104 -0.0525 -0.4103
vn 0.9448 0.2090 0.2521
vn 0.9989 -0.0360 0.0310
vn 0.9322 -0.1086 0.3453
vn 0.8141 0.4130 0.4083
vn 0.7256 0.6139 0.3107
vn 0.9088 0.3672 0.1980
vn 0.5326 0.7633 0.3657
vn 0.5857 0.7607 0.2799
vn -0.3256 0.6709 0.6663
vn -0.8600 0.4307 0.2736
vn -0.8873 0.3315 0.3205
vn -0.9623 0.2311 -0.1434
vn -0.9822 0.1622 0.0952
vn -0.8969 -0.0672 0.4370
vn -0.9199 -0.1519 0.3616
vn -0.2363 -0.4575 0.8572
vn 0.3219 -0.5781 0.7498
vn -0.1100 -0.3288 0.9380
vn -0.3542 -0.7330 0.5808
vn -0.6076 -0.2806 0.7430
vn -0.7557 -0.0432 0.6535
vn 0.2116 -0.4984 0.8407
vn 0.9668 0.2002 0.1587
vn 0.6261 0.5932 0.5060
vn 0.3783 0.0772 0.9225
vn 0.8248 -0.3753 0.4230
vn 0.8408 -0.4019 -0.3628
vn 0.8092 0.1995 -0.5527
vn 0.8528 0.4701 -0.2275
vn -0.2690 -0.4018 0.8753
vn -0.7806 -0.5286 0.3336
vn 0.9318 0.0140 0.3626
vn 0.9955 0.0912 -0.0246
vn 0.7729 -0.6106 0.1726
vn 0.6267 -0.6357 0.4507
vn 0.5939 0.6375 0.4908
vn 0.5894 0.3882 0.7085
vn 0.8728 0.3417 0.3484
vn 0.6829 0.4083 0.6058
vn 0.8232 0.4364 0.3631
vn 0.7745 0.5345 0.3382
vn 0.6584 0.7480 -0.0837
vn 0.6518 0.7429 0.1529
vn 0.6982 0.6786 -0.2281
vn 0.7514 0.6142 -0.2412
vn 0.6284 0.7754 0.0626
vn 0.7415 0.6516 0.1598
vn 0.6403 0.7641 -0.0787
vn 0.1599 -0.9047 0.3950
vn 0.1461 -0.9714 0.1872
vn -0.1695 -0.9493 0.2647
vn 0.4383 -0.8795 0.1851
vn 0.2879 -0.8730 0.3937
vn -0.0487 -0.7944 0.6055
vn 0.1237 -0.5298 0.8391
vn -0.5281 -0.7501 0.3981
vn -0.7502 -0.2490 0.6125
vn -0.4610 0.2872 0.8396
vn -0.8060 0.3916 0.4439
vn -0.7262 0.3281 0.6042
vn -0.4242 0.3331 0.8421
vn -0.3812 -0.9225 0.0601
vn 0.2028 -0.8773 -0.4350
vn -0.0231 -0.9361 0.3510
vn -0.1221 -0.9793 0.1616
vn -0.2811 -0.8511 0.4433
vn -0.6175 -0.6399 0.4575
vn -0.4415 -0.8267 0.3487
vn -0.7816 -0.6215 -0.0532
vn -0.3746 -0.8762 -0.3033
vn -0.4818 -0.7023 0.5240
vn -0.4807 -0.7158 0.5065
vn -0.5808 -0.7439 -0.3306
vn -0.7976 -0.5004 0.3367
vn -0.6383 -0.7354 0.2276
vn -0.2740 0.2125 0.9379
vn -0.4467 0.3391 0.8279
vn -0.5238 -0.3494 0.7769
vn -0.3779 -0.1821 0.9078
vn -0.2949 -0.3891 0.8727
vn 0.4980 -0.1282 0.8576
vn 0.2222 0.0999 0.9699
vn 0.5318 0.0693 0.8441
vn 0.6808 -0.2429 0.6910
vn 0.5736 -0.1383 0.8074
vn 0.7642 0.0435 0.6435
vn -0.0725 -0.8187 0.5696
vn -0.2849 -0.7935 0.5378
vn 0.0666 0.3135 -0.9472
vn -0.0829 0.2165 -0.9727
vn 0.1124 0.5374 -0.8358
vn 0.2345 0.6373 -0.7341
vn 0.5415 -0.8405 -0.0193
vn 0.4945 -0.8684 0.0369
vn 0.8256 -0.5590 0.0770
vn 0.8492 -0.5254 0.0536
vn -0.7244 0.1769 0.6663
vn -0.7845 -0.6168 -0.0646
vn -0.7627 -0.5680 0.3093
vn -0.9615 0.1231 0.2456
vn -0.7472 -0.0188 0.6643
vn -0.9077 -0.2107 0.3630
vn -0.9573 -0.0744 0.2792
vn -0.7211 0.2013 0.6629
vn -0.9247 0.3680 0.0974
vn -0.8798 0.4209 0.2208
vn -0.8972 0.4119 0.1592
vn -0.9039 0.3278 0.2748
vn -0.8745 0.4514 0.1775
vn -0.9061 0.2549 0.3377
vn -0.0127 0.7647 0.6443
vn 0.2567 0.6903 0.6765
vn 0.1699 0.6628 0.7293
vn -0.0456 0.7119 0.7008
vn -0.1972 0.6052 0.7712
vn -0.4381 0.6939 0.5715
vn 0.0325 0.6138 0.7888
vn -0.1264 0.5460 0.8282
vn -0.0418 0.4920 0.8696
vn -0.1103 0.5576 0.8228
vn -0.3989 0.0873 -0.9128
vn -0.1541 -0.0137 -0.9880
vn -0.1927 -0.4223 -0.8857
vn -0.2589 -0.2431 -0.9348
vn -0.4202 -0.3722 -0.8276
vn -0.3621 -0.3537 -0.8624
vn 0.8381 -0.0303 0.5447
vn 0.9529 0.1699 0.2510
vn 0.6027 -0.0291 0.7974
vn -0.4918 -0.6187 0.6127
vn -0.2350 -0.3089 0.9216
vn -0.1966 -0.2534 0.9472
vn -0.4372 -0.4805 0.7602
vn -0.1526 0.2073 0.9663
vn -0.6047 0.1330 0.7853
vn 0.0865 0.1061 0.9906
vn 0.4889 -0.6097 -0.6239
vn 0.8059 -0.3752 -0.4580
vn 0.5876 -0.5974 -0.5457
vn 0.7966 -0.6018 -0.0573
vn -0.5728 -0.4188 -0.7047
vn -0.9535 -0.0055 -0.3013
vn -0.8746 -0.2255 -0.4293
vn -0.0963 0.8584 0.5039
vn 0.0075 0.8727 0.4882
vn 0.0386 0.8574 0.5132
vn 0.0342 0.3143 0.9487
vn 0.2261 0.7641 0.6042
vn 0.2576 0.4741 0.8420
vn 0.3353 0.6644 0.6679
vn 0.1804 0.5378 0.8236
vn 0.6010 0.6801 0.4198
vn 0.7719 -0.5636 0.2941
vn 0.8130 -0.2139 0.5416
vn 0.1600 -0.4564 0.8753
vn 0.2780 -0.3872 0.8791
vn 0.6080 -0.7835 -0.1281
vn 0.6296 -0.3069 0.7138
vn 0.1243 -0.7555 0.6432
vn -0.1255 -0.3803 0.9163
vn 0.0947 0.9918 0.0857
vn 0.3074 0.9474 -0.0895
vn 0.0098 0.9996 -0.0249
vn -0.1117 0.9928 -0.0423
vn 0.2468 0.9613 -0.1220
vn -0.0717 0.9821 -0.1742
vn -0.1030 0.9494 -0.2966
vn 0.6901 -0.6970 0.1948
vn 0.2747 -0.9603 -0.0489
vn 0.8185 -0.4260 -0.3854
vn 0.6756 -0.2476 -0.6944
vn 0.9182 0.0619 -0.3912
vn 0.9517 -0.2407 -0.1905
vn 0.6024 -0.6981 -0.3871
vn 0.4816 -0.5120 -0.7113
vn 0.7948 -0.6024 -0.0741
vn -0.5349 -0.8449 -0.0008
vn -0.5606 -0.7510 -0.3489
vn -0.3955 -0.8026 -0.4466
vn -0.6479 -0.7565 -0.0891
vn -0.4865 -0.8056 0.3381
vn -0.3370 -0.8597 0.3839
vn -0.6436 -0.6345 0.4279
vn 0.9918 -0.0204 0.1264
vn -0.7738 -0.6315 0.0501
vn -0.7234 -0.5450 0.4238
vn -0.5395 -0.8361 0.0992
vn -0.5647 -0.7546 0.3341
vn -0.9440 -0.2734 -0.1846
vn -0.7337 -0.3892 0.5569
vn 0.0608 -0.7221 -0.6891
vn 0.3761 -0.7549 -0.5373
vn 0.4311 0.1988 0.8802
vn 0.7820 -0.0944 0.6161
vn 0.7083 -0.0260 0.7055
vn 0.6782 0.5697 0.4642
vn 0.6602 -0.0110 -0.7510
vn 0.6355 -0.0352 -0.7713
vn 0.8372 -0.0449 -0.5451
vn -0.4734 0.8622 0.1802
vn -0.5157 0.8099 0.2795
vn -0.4424 0.8711 0.2134
vn -0.5358 0.8060 0.2517
vn -0.5171 0.5976 0.6127
vn -0.5059 0.7176 0.4787
vn -0.6001 0.6026 0.5261
vn 0.5353 0.8402 -0.0861
vn 0.6057 0.7949 -0.0352
vn 0.6692 0.7430 -0.0090
vn 0.5608 0.8278 0.0152
vn 0.5603 0.8243 0.0816
vn 0.6511 0.7505 0.1132
vn -0.1483 0.1878 -0.9709
vn -0.0203 0.4205 -0.9071
vn -0.6249 -0.4628 0.6288
vn -0.7499 -0.3135 0.5826
vn -0.8632 -0.1512 0.4817
vn -0.5600 -0.7535 0.3445
vn 0.1211 -0.9714 -0.2043
vn -0.5860 -0.3372 0.7368
vn -0.4931 0.0283 0.8695
vn -0.8010 0.5979 0.0292
vn -0.7213 0.6923 0.0209
vn -0.5198 0.8215 0.2346
vn -0.3719 0.8029 0.4659
vn -0.7205 0.6154 0.3196
vn -0.4227 0.7791 0.4631
vn -0.6319 -0.6283 0.4538
vn -0.7361 -0.1635 0.6568
vn -0.6196 -0.0639 -0.7823
vn -0.8806 -0.0706 -0.4685
vn -0.8444 -0.1400 -0.5171
vn -0.5287 -0.1024 -0.8426
vn -0.4388 -0.0817 -0.8949
vn -0.6263 0.1529 -0.7645
vn -0.8268 0.0910 -0.5551
vn -0.6116 0.1587 -0.7750
vn -0.3184 -0.0536 -0.9464
vn -0.2983 0.1590 -0.9411
vn -0.3314 -0.0133 -0.9434
vn -0.8678 -0.0620 0.4930
vn 0.5047 0.7030 -0.5010
vn 0.2802 -0.4758 -0.8337
vn 0.5256 -0.2374 -0.8169
vn 0.1612 -0.5304 -0.8323
vn 0.2805 -0.4274 -0.8595
vn 0.4099 -0.5009 -0.7623
vn 0.4039 -0.6639 -0.6294
vn -0.4614 0.5973 -0.6560
vn -0.6086 0.3835 -0.6947
vn -0.7292 0.3181 -0.6059
vn -0.4892 0.6154 -0.6180
vn -0.5574 0.4700 -0.6844
vn -0.3635 0.7253 0.5847
vn -0.2106 0.7598 0.6151
vn -0.3308 0.7876 0.5198
vn -0.2584 0.8320 0.4909
vn -0.3088 0.8063 0.5045
vn 0.2865 -0.9514 -0.1127
vn 0.8629 -0.1210 0.4906
vn -0.3603 -0.8820 0.3037
vn -0.3343 -0.8550 0.3964
vn -0.4547 -0.8844 0.1056
vn -0.6278 -0.7701 -0.1136
vn -0.6507 -0.1421 0.7459
vn -0.7915 0.0031 0.6112
vn -0.6310 0.4454 0.6352
vn -0.6544 0.4419 0.6136
vn -0.6394 -0.3717 0.6730
vn -0.2820 -0.1526 0.9472
vn -0.0003 -0.9714 0.2373
vn 0.2512 -0.7738 0.5814
vn 0.0154 -0.8688 0.4950
vn -0.7540 -0.2500 0.6074
vn -0.6311 -0.5172 0.5781
vn -0.6439 -0.0110 0.7650
vn -0.5408 -0.2759 0.7946
vn 0.0639 -0.4433 0.8941
vn -0.5824 -0.6114 0.5358
vn -0.6694 -0.7099 0.2190
vn 0.6453 0.6192 0.4474
vn 0.1725 0.7256 -0.6661
vn 0.2803 0.7371 -0.6149
vn 0.2508 0.8016 -0.5427
vn 0.1273 0.7512 -0.6477
vn 0.2500 0.6793 -0.6899
vn -0.0287 0.5395 -0.8415
vn 0.3900 0.7325 -0.5580
vn 0.4435 0.7399 -0.5058
vn 0.0004 0.6806 -0.7326
vn 0.4377 0.5880 -0.6802
vn -0.3222 0.4755 -0.8186
vn -0.8808 0.3730 -0.2915
vn -0.8753 -0.3870 -0.2898
vn -0.7980 -0.1588 -0.5814
vn -0.7274 0.6017 -0.3299
vn -0.6754 0.5746 -0.4622
vn -0.6306 0.5180 -0.5780
vn -0.6838 0.5764 -0.4474
vn -0.8567 0.1401 -0.4964
vn -0.6337 0.6844 -0.3606
vn -0.6243 0.7382 -0.2554
vn -0.7250 0.5244 -0.4465
vn -0.7071 -0.7051 0.0526
vn -0.8190 -0.5292 -0.2218
vn -0.7184 -0.6826 -0.1339
vn -0.9801 -0.1874 0.0647
vn 0.3623 -0.7594 -0.5404
vn 0.6523 -0.2302 -0.7222
vn 0.5791 0.0438 -0.8141
vn 0.5584 -0.1046 -0.8229
vn 0.7412 0.0530 -0.6692
vn -0.5721 0.4724 -0.6705
vn -0.7066 0.2494 -0.6622
vn -0.3706 0.2607 -0.8915
vn -0.3227 0.4802 -0.8156
vn -0.3553 0.3040 -0.8839
vn -0.5205 0.0185 -0.8536
vn -0.4041 0.3314 -0.8526
vn -0.3114 0.4411 -0.8417
vn -0.2669 0.4021 -0.8758
vn -0.5850 0.4631 -0.6658
vn -0.2507 0.2825 -0.9259
vn -0.1030 -0.9645 -0.2432
vn -0.3058 -0.8870 0.3459
vn -0.3576 -0.7730 0.5240
vn -0.0094 -0.9472 0.3204
vn 0.5505 -0.7831 0.2894
vn 0.4523 -0.8783 -0.1553
vn 0.3315 -0.7506 0.5716
vn 0.4154 -0.7746 0.4769
vn 0.8800 0.4542 0.1388
vn 0.3628 0.8942 -0.2624
vn 0.0182 0.0028 -0.9998
vn 0.2459 -0.2288 -0.9419
vn 0.3205 -0.9455 0.0572
vn -0.1970 0.8769 0.4384
vn -0.4123 0.7500 0.5172
vn 0.0182 0.8847 0.4658
vn 0.5666 0.0973 0.8182
vn 0.2102 0.9748 0.0742
vn -0.2428 0.9297 0.2768
vn 0.4789 0.7916 0.3795
vn 0.1076 0.8430 0.5270
vn 0.4976 0.7180 0.4867
vn 0.0113 0.8946 0.4467
vn 0.4883 0.8686 -0.0848
vn -0.5108 0.0760 -0.8563
vn -0.5469 0.0208 -0.8370
vn -0.4860 0.0204 -0.8737
vn -0.5139 0.2047 -0.8331
vn -0.4240 -0.1521 -0.8928
vn -0.4438 0.0743 -0.8930
vn -0.4153 0.2842 -0.8642
vn -0.9576 0.1576 -0.2410
vn -0.8623 0.4324 -0.2634
vn -0.8114 0.3846 -0.4402
vn -0.8748 0.1030 -0.4734
vn 0.5841 -0.1329 -0.8007
vn 0.6572 -0.3253 -0.6799
vn 0.5488 -0.6508 -0.5246
vn 0.1482 -0.7799 -0.6081
vn -0.7084 -0.3253 0.6264
vn -0.5388 -0.7756 0.3288
vn -0.3049 -0.3914 0.8683
vn -0.2200 -0.2276 0.9486
vn 0.1119 -0.0390 0.9930
vn 0.4738 0.3214 0.8199
vn 0.3070 0.4551 0.8358
vn 0.5328 0.0993 0.8404
vn 0.5586 0.7398 0.3750
vn 0.2913 0.7527 0.5904
vn 0.2564 0.5768 0.7756
vn 0.2788 0.3602 0.8902
vn 0.0772 0.7528 0.6537
vn -0.1085 -0.9313 0.3478
vn -0.4550 -0.8667 0.2045
vn -0.7306 -0.5105 0.4534
vn -0.8254 -0.5149 0.2314
vn -0.4441 -0.7747 0.4501
vn -0.3895 -0.9210 0.0097
vn -0.2018 -0.9703 0.1331
vn -0.1657 -0.1091 0.9801
vn -0.3587 -0.3648 0.8592
vn 0.3469 0.6759 -0.6503
vn 0.2651 0.5322 -0.8041
vn 0.2908 0.7189 -0.6313
vn 0.2166 0.6699 -0.7101
vn 0.6320 0.6339 0.4458
vn 0.6674 0.5423 0.5103
vn 0.5470 0.5725 0.6107
vn 0.5971 0.7194 0.3547
vn 0.5739 0.7772 0.2582
vn 0.6086 0.7829 0.1294
vn 0.7052 0.6678 0.2382
vn -0.0122 -0.0446 -0.9989
vn 0.2091 -0.2993 -0.9310
vn 0.5557 0.3815 -0.7387
vn 0.2460 0.0501 -0.9680
vn 0.3229 -0.0164 -0.9463
vn -0.3211 0.9018 0.2892
vn -0.2459 0.8312 0.4986
vn -0.2845 0.1125 0.9520
vn -0.1981 0.4489 0.8713
vn -0.3401 0.3257 0.8822
vn -0.2861 -0.1763 0.9418
vn -0.3194 -0.1716 0.9319
vn -0.6063 -0.2038 0.7687
vn -0.5590 -0.1818 0.8090
vn 0.0078 -0.7430 0.6692
vn -0.1393 -0.3374 0.9310
vn -0.0822 -0.5053 0.8590
vn -0.0056 -0.8734 0.4869
vn -0.9899 -0.0018 0.1414
vn 0.1767 0.4532 0.8737
vn -0.0663 0.3479 0.9352
vn -0.3994 -0.1127 0.9098
vn 0.1445 -0.2768 -0.9500
vn -0.4162 -0.2231 -0.8815
vn -0.3765 -0.3025 -0.8756
vn -0.1745 -0.4027 -0.8986
vn -0.4860 -0.7037 -0.5183
vn 0.1430 -0.2501 0.9576
vn 0.0409 -0.3645 0.9303
vn 0.3128 -0.6435 0.6986
vn -0.8902 0.2287 -0.3941
vn -0.7828 0.3868 -0.4874
vn -0.9548 0.1455 -0.2592
vn -0.7508 0.1459 -0.6442
vn -0.6536 0.0206 -0.7565
vn -0.8065 -0.0785 -0.5859
vn -0.8751 0.3151 -0.3673
vn -0.1241 -0.9138 0.3868
vn 0.2986 -0.9318 0.2062
vn 0.3374 -0.9037 0.2638
vn 0.3528 -0.8994 -0.2581
vn -0.9393 -0.1519 -0.3076
vn -0.9716 -0.2116 -0.1060
vn -0.9849 0.0023 -0.1731
vn -0.9897 -0.0776 0.1203
vn -0.8994 -0.2046 -0.3863
vn -0.9599 -0.1183 -0.2543
vn -0.9892 -0.1287 0.0704
vn -0.8879 -0.1097 -0.4468
vn -0.2160 0.1617 -0.9629
vn 0.7538 -0.4600 -0.4691
vn 0.7020 -0.4570 -0.5462
vn 0.7290 -0.6502 -0.2141
vn 0.7218 -0.6405 0.2622
vn -0.5694 -0.6466 0.5076
vn -0.5438 -0.6301 0.5543
vn -0.8125 -0.2258 0.5374
vn -0.9623 -0.2719 0.0055
vn -0.2575 -0.6686 0.6976
vn -0.8622 -0.4286 0.2702
vn -0.2724 -0.6251 0.7314
vn 0.6056 0.3609 -0.7092
vn -0.0108 0.1397 0.9901
vn -0.2004 0.2370 0.9506
vn 0.4841 -0.8713 0.0803
vn 0.3557 -0.8989 0.2558
vn -0.5209 -0.8499 -0.0803
vn 0.3936 -0.9193 0.0022
vn 0.5820 -0.6038 -0.5447
vn 0.5468 -0.4069 -0.7317
vn 0.2090 -0.5045 -0.8377
vn -0.0957 -0.8245 -0.5577
vn 0.3589 -0.8862 -0.2930
vn 0.1272 -0.7473 -0.6522
vn 0.6410 0.2416 -0.7286
vn 0.2043 -0.3493 -0.9145
vn -0.3293 -0.8607 -0.3883
vn 0.4981 -0.6246 -0.6015
vn 0.5649 0.7499 0.3442
vn 0.4862 0.7409 0.4633
vn 0.4120 0.6837 0.6023
vn -0.1192 -0.4326 0.8937
vn -0.1808 -0.8166 0.5482
vn 0.0564 -0.8637 0.5009
vn 0.4252 0.8702 0.2489
vn 0.0773 0.9649 0.2510
vn 0.0313 0.9336 0.3568
vn 0.3807 0.9021 -0.2031
vn 0.2222 0.9750 -0.0054
vn -0.9617 0.2607 -0.0841
vn -0.9742 0.2257 0.0086
vn -0.9792 0.0370 0.1996
vn 0.9985 0.0078 0.0538
vn 0.5709 0.7511 0.3317
vn -0.0107 0.4615 0.8871
vn -0.4696 -0.2094 0.8577
vn 0.6333 -0.3353 -0.6975
vn -0.2399 -0.3939 0.8873
vn -0.4679 -0.7376 0.4869
vn 0.1837 -0.3832 -0.9052
vn 0.6154 -0.2524 -0.7467
vn -0.2207 -0.5513 0.8046
vn -0.3663 0.0268 0.9301
vn -0.0728 -0.2460 0.9665
vn -0.9709 -0.0667 -0.2300
vn -0.9241 0.1866 -0.3335
vn -0.9067 0.1158 -0.4056
vn -0.7825 0.4130 -0.4661
vn 0.8108 0.5330 -0.2418
vn 0.6666 0.7453 0.0090
vn 0.6175 0.7734 -0.1435
vn 0.6740 0.7259 0.1369
vn 0.1678 0.9446 0.2819
vn 0.4483 0.8937 0.0182
vn 0.7541 0.6333 -0.1739
vn 0.8512 0.5183 0.0819
vn 0.7929 0.4310 0.4307
vn 0.5666 0.7875 0.2424
vn 0.7188 0.5990 0.3528
vn 0.6952 0.6879 0.2087
vn 0.3714 0.9047 0.2087
vn -0.0233 0.4937 -0.8693
vn 0.2792 0.4491 -0.8487
vn 0.0819 0.3815 -0.9207
vn 0.1338 0.5193 -0.8440
vn 0.0133 -0.8966 0.4427
vn 0.0132 -0.9558 -0.2939
vn 0.5966 -0.6678 -0.4451
vn -0.1619 -0.7408 -0.6520
vn 0.1192 -0.7704 -0.6263
vn 0.3881 -0.8930 -0.2277
vn -0.2136 0.3021 -0.9290
vn -0.0091 0.0674 -0.9977
vn -0.9961 -0.0844 -0.0248
vn -0.7060 0.5668 -0.4246
vn -0.5373 0.6889 -0.4865
vn -0.4913 -0.5876 0.6429
vn -0.4555 -0.3465 0.8200
vn 0.0267 -0.2353 0.9716
vn -0.3443 -0.6285 0.6975
vn -0.1421 0.8598 0.4904
vn -0.2782 0.8647 0.4183
vn -0.2653 0.8296 0.4914
vn -0.0064 0.8455 0.5339
vn -0.3843 0.7036 0.5977
vn 0.0801 -0.9570 0.2787
vn -0.7310 -0.2928 0.6163
vn -0.4978 -0.4465 0.7436
vn 0.9989 -0.0234 0.0396
vn 0.7607 -0.4253 0.4904
vn 0.9729 -0.2226 0.0625
vn 0.3168 -0.9388 0.1354
vn 0.1539 -0.8564 0.4928
vn 0.9584 -0.0219 -0.2846
vn 0.9424 -0.0032 -0.3344
vn -0.4480 -0.6727 0.5889
vn -0.5095 -0.3253 0.7966
vn -0.7188 -0.3340 0.6097
vn -0.5351 -0.4285 0.7280
vn -0.1073 0.3352 0.9360
vn 0.2577 0.1532 0.9540
vn -0.3216 -0.5762 0.7514
vn -0.1754 -0.3975 0.9007
vn -0.1980 -0.5856 0.7860
vn -0.0793 -0.9253 0.3709
vn 0.9867 -0.1542 0.0513
vn 0.7670 -0.6401 0.0446
vn 0.2681 -0.9254 -0.2677
vn -0.0813 -0.9732 -0.2150
vn 0.6670 -0.7447 -0.0227
vn 0.3417 -0.6870 -0.6413
vn -0.9122 0.3365 0.2336
vn 0.7455 -0.6624 0.0740
vn 0.7572 -0.4714 -0.4521
vn 0.9518 -0.0920 -0.2927
vn 0.9389 -0.3142 0.1402
vn 0.7321 -0.5655 -0.3798
vn 0.8717 -0.4873 0.0520
vn 0.8842 -0.4314 0.1789
vn 0.4966 -0.4934 0.7141
vn 0.3275 -0.5486 0.7693
vn 0.5327 -0.1877 0.8253
vn 0.3851 -0.0356 0.9222
vn 0.3316 0.4528 0.8277
vn 0.3736 -0.6481 0.6636
vn -0.6340 0.1178 -0.7643
vn -0.8034 0.0326 -0.5945
vn -0.8295 -0.0385 -0.5572
vn -0.8233 -0.0048 0.5676
vn -0.9300 -0.0337 -0.3661
vn -0.8742 -0.2088 0.4384
vn -0.9302 -0.3038 0.2062
vn -0.5025 -0.4336 0.7480
vn -0.5588 -0.3767 0.7388
vn -0.8857 -0.3185 0.3377
vn -0.4583 -0.8870 0.0554
vn 0.5970 -0.6164 -0.5135
vn -0.6803 -0.4463 0.5814
vn -0.5407 -0.2868 0.7908
vn -0.5419 -0.5117 0.6667
vn 0.2433 -0.1270 0.9616
vn -0.6874 -0.4341 0.5823
vn 0.3544 -0.3674 0.8599
vn -0.1644 -0.8969 0.4106
vn -0.2409 -0.9162 0.3201
vn 0.2800 -0.6143 0.7377
vn -0.7453 -0.6452 0.1677
vn -0.2757 -0.4591 -0.8445
vn -0.6901 -0.3334 -0.6424
vn -0.6158 -0.5551 -0.5591
vn -0.2314 -0.4575 -0.8586
vn -0.7935 -0.6060 -0.0565
vn 0.6778 -0.6872 -0.2613
vn 0.5956 -0.0421 -0.8022
vn 0.5594 -0.3796 -0.7369
vn 0.8441 0.1515 -0.5144
vn 0.8535 -0.1499 -0.4991
vn 0.6350 -0.2473 -0.7319
vn 0.5430 -0.2523 -0.8010
vn 0.6032 -0.1171 -0.7889
vn 0.9562 -0.1731 -0.2359
vn -0.3443 0.8148 0.4664
vn -0.8404 0.4516 -0.2997
vn -0.7961 0.5910 -0.1302
vn -0.9991 -0.0434 -0.0025
vn 0.6623 0.0767 -0.7453
vn 0.6750 0.1800 -0.7155
vn 0.4532 -0.1819 -0.8727
vn 0.7485 -0.0856 -0.6576
vn 0.7462 0.3426 -0.5708
vn 0.7645 0.4813 -0.4289
vn 0.8848 0.3523 -0.3050
vn -0.5775 0.4176 0.7015
vn -0.8877 0.2782 -0.3669
vn -0.8247 -0.2238 -0.5194
vn -0.7978 -0.3193 -0.5115
vn -0.6002 -0.5525 -0.5783
vn -0.6987 -0.5082 -0.5036
vn -0.5880 -0.5127 -0.6256
vn -0.6420 -0.4195 -0.6417
vn 0.0874 -0.5935 0.8001
vn -0.8839 -0.2024 0.4217
vn 0.4332 -0.7407 0.5136
vn 0.1260 -0.6787 0.7235
vn 0.1332 -0.2644 0.9552
vn 0.6916 0.5664 -0.4482
vn 0.8132 0.3706 -0.4487
vn 0.7193 0.1078 -0.6863
vn 0.5575 0.4227 -0.7145
vn 0.6645 0.5780 -0.4737
vn 0.8110 0.3935 -0.4329
vn -0.8179 -0.2083 -0.5364
vn -0.7718 0.4220 -0.4757
vn -0.1016 0.1928 0.9760
vn -0.0330 0.4069 0.9129
vn 0.5878 -0.8088 0.0176
vn 0.8619 -0.5063 0.0286
vn 0.3346 -0.6730 0.6597
vn 0.2083 -0.6144 0.7610
vn 0.0926 -0.8698 0.4847
vn -0.0199 -0.7253 0.6881
vn -0.4421 -0.5534 0.7060
vn -0.4182 -0.4896 0.7651
vn 0.2759 -0.6839 0.6754
vn 0.3034 0.8586 0.4133
vn 0.5628 0.8247 0.0554
vn 0.4143 0.8710 0.2640
vn 0.2470 0.9482 0.2000
vn 0.3903 0.8068 0.4436
vn -0.5393 0.3695 0.7567
vn -0.0045 -0.3628 0.9319
vn 0.8607 0.0487 -0.5067
vn 0.8192 -0.1297 -0.5586
vn 0.1701 -0.9597 -0.2238
vn 0.2503 -0.9654 -0.0735
vn 0.7177 -0.6444 0.2640
vn 0.8347 -0.3319 0.4394
vn 0.1098 0.4409 -0.8908
vn -0.0193 -0.7027 0.7112
vn -0.7210 -0.2264 -0.6549
vn -0.8508 -0.1826 -0.4928
vn -0.6867 -0.3849 -0.6168
vn -0.5899 -0.5659 -0.5759
vn -0.6697 -0.2510 -0.6989
vn -0.6796 -0.7306 0.0663
vn -0.0430 -0.9971 -0.0626
vn -0.9534 0.1602 -0.2556
vn -0.9023 0.4007 -0.1588
vn -0.9239 0.2904 -0.2490
vn -0.9715 0.1679 -0.1673
vn -0.9006 0.3050 -0.3098
vn 0.0425 0.9952 0.0876
vn -0.1811 0.9833 0.0182
vn -0.2266 0.9650 -0.1319
vn 0.1055 0.9900 -0.0936
vn 0.2646 0.9641 -0.0223
vn -0.1454 0.9837 -0.1055
vn -0.0169 0.9909 -0.1337
vn 0.5220 -0.4425 0.7292
vn 0.4716 -0.1955 0.8599
vn 0.7222 -0.6353 0.2737
vn 0.9277 -0.3037 0.2172
vn 0.7033 -0.5336 -0.4698
vn 0.4290 -0.7861 -0.4451
vn 0.4342 0.8208 0.3711
vn 0.1967 0.0783 0.9773
vn 0.3419 -0.1316 0.9305
vn 0.2754 0.9268 0.2553
vn 0.3976 0.8213 0.4092
vn 0.1141 0.9566 0.2683
vn 0.1886 0.7111 0.6773
vn 0.4524 0.8895 -0.0640
vn 0.9176 0.0007 0.3976
vn 0.4039 -0.6956 0.5941
vn 0.6994 -0.6730 0.2407
vn 0.6932 -0.2266 0.6842
vn 0.4211 -0.5308 0.7355
vn 0.5617 0.7875 -0.2536
vn 0.5786 0.8153 -0.0218
vn 0.4368 0.6888 -0.5787
vn 0.3858 0.8381 -0.3857
vn 0.2844 0.7752 -0.5641
vn 0.9211 -0.3187 -0.2235
vn 0.9118 0.3083 -0.2713
vn 0.9536 0.2141 -0.2118
vn 0.9110 0.3916 -0.1293
vn 0.8624 0.3796 -0.3350
vn 0.7023 0.5519 -0.4497
vn 0.8638 0.1783 -0.4713
vn 0.8777 0.4792 -0.0028
vn -0.8247 -0.1526 0.5446
vn -0.8319 -0.2043 0.5159
vn -0.6603 -0.1985 0.7243
vn -0.2138 -0.2833 0.9349
vn -0.8103 -0.5824 -0.0645
vn -0.7378 -0.0662 0.6717
vn -0.5557 -0.0617 0.8291
vn 0.0262 -0.5695 0.8216
vn -0.3473 -0.6510 0.6750
vn -0.3020 -0.2062 0.9308
vn -0.7138 -0.4496 0.5370
vn 0.9604 -0.1507 0.2346
vn 0.6757 -0.7352 0.0547
vn 0.7510 0.6001 0.2753
vn -0.1283 -0.7375 0.6630
vn -0.3306 -0.9435 -0.0229
vn -0.3927 -0.8552 -0.3382
vn -0.0938 -0.9953 -0.0232
vn -0.7258 -0.5954 0.3446
vn -0.8074 -0.5897 -0.0179
vn -0.8811 0.1994 0.4288
vn -0.7726 0.4297 0.4674
vn -0.6416 0.4396 0.6285
vn -0.7780 0.3012 0.5513
vn -0.7587 0.2373 0.6067
vn -0.8311 -0.1922 0.5219
vn -0.9073 0.0569 -0.4166
vn 0.1992 -0.3241 -0.9248
vn 0.3849 -0.2324 -0.8932
vn 0.1981 -0.5134 -0.8350
vn 0.9432 0.0810 -0.3221
vn 0.9946 -0.0519 -0.0903
vn 0.6284 -0.7556 -0.1847
vn 0.7808 -0.6246 -0.0142
vn 0.8984 -0.4226 -0.1190
vn 0.8393 0.4117 0.3551
vn 0.7277 0.6192 0.2951
vn -0.3773 0.7352 0.5631
vn -0.4023 0.7137 0.5734
vn -0.0078 -0.9042 0.4271
vn -0.5494 -0.6843 0.4795
vn -0.3733 -0.8222 0.4297
vn 0.1028 -0.7645 0.6364
vn 0.2089 0.9424 -0.2612
vn -0.0194 0.9850 -0.1715
vn 0.3833 0.8857 0.2619
vn 0.3710 0.8212 0.4335
vn 0.5721 0.8191 -0.0424
vn 0.5651 0.8241 -0.0383
vn -0.9540 -0.2265 0.1964
vn -0.9236 0.2714 -0.2708
vn -0.5510 0.2970 -0.7799
vn -0.5637 0.3918 -0.7271
vn -0.7895 0.3196 -0.5240
vn -0.5038 0.4921 -0.7100
vn -0.0902 -0.0091 -0.9959
vn 0.0487 0.0934 -0.9944
vn -0.2381 -0.0107 -0.9712
vn -0.7027 0.1371 -0.6982
vn -0.4701 0.1511 -0.8696
vn 0.9790 -0.1521 -0.1355
vn 0.8082 -0.3914 -0.4400
vn 0.8000 -0.5530 -0.2328
vn 0.8215 -0.5701 -0.0097
vn 0.4585 -0.8683 0.1892
vn 0.3383 -0.9181 0.2065
vn -0.8820 0.4671 -0.0626
vn -0.5132 0.6730 0.5326
vn 0.5610 0.2908 -0.7750
vn 0.5041 0.2922 -0.8127
vn 0.8803 0.0243 -0.4737
vn 0.8257 -0.1662 -0.5390
vn -0.1192 -0.7639 -0.6342
vn 0.2062 -0.7341 -0.6470
vn -0.7344 0.6771 -0.0461
vn -0.7073 0.6943 -0.1330
vn 0.3833 0.8417 -0.3803
vn 0.5733 0.5143 -0.6378
vn 0.8862 -0.3113 0.3432
vn 0.7172 -0.6031 0.3492
vn 0.8774 -0.2081 -0.4323
vn -0.4650 -0.0906 -0.8807
vn -0.4002 -0.2293 -0.8873
vn -0.5246 -0.2925 -0.7995
vn -0.3231 -0.2670 -0.9079
vn -0.4229 -0.0805 -0.9026
vn 0.3755 0.1086 0.9204
vn 0.3455 0.0760 0.9353
vn 0.1169 -0.1840 0.9760
vn -0.4731 -0.0993 0.8754
vn -0.2793 -0.2675 0.9222
vn 0.4872 -0.2080 0.8482
vn -0.6432 -0.3293 0.6913
vn 0.5495 0.1097 -0.8283
vn 0.8237 -0.0754 -0.5619
vn 0.6439 -0.1155 -0.7563
vn 0.4086 -0.1186 0.9050
vn -0.0117 -0.1389 0.9902
vn 0.0527 -0.5127 0.8569
vn -0.2568 -0.6944 0.6722
vn -0.4137 -0.1733 0.8938
vn -0.9041 -0.4112 0.1167
vn -0.9227 -0.3853 -0.0113
vn -0.9306 -0.3408 -0.1338
vn -0.8698 -0.4926 0.0267
vn -0.8094 -0.5673 0.1516
vn -0.7927 -0.5209 0.3166
vn -0.8058 -0.4973 0.3215
vn 0.7383 0.3723 0.5624
vn 0.9283 0.1317 0.3478
vn 0.8170 -0.0235 -0.5762
vn 0.6727 -0.3900 0.6288
vn 0.3713 -0.4463 0.8142
vn 0.4467 -0.4481 0.7744
vn 0.5396 -0.0855 0.8376
vn 0.2413 -0.1467 0.9593
vn 0.5474 0.0617 0.8346
vn 0.6267 -0.7389 -0.2473
vn 0.2475 -0.8983 -0.3632
vn -0.3441 -0.8570 0.3836
vn -0.5398 -0.7232 0.4308
vn 0.0564 0.4177 0.9068
vn 0.2664 0.5331 0.8030
vn 0.6482 0.2117 -0.7314
vn 0.3579 -0.2876 -0.8884
vn 0.2071 -0.8148 0.5414
vn -0.2537 -0.7521 0.6082
vn 0.7918 0.2459 -0.5591
vn 0.4510 0.4232 -0.7858
vn 0.1501 0.4506 -0.8800
vn 0.2541 -0.1769 0.9509
vn 0.5419 0.0373 0.8396
vn 0.2067 -0.8144 0.5423
vn 0.2998 -0.8882 0.3481
vn 0.2098 -0.8746 0.4371
vn 0.6317 -0.1436 -0.7618
vn 0.6189 -0.3593 -0.6984
vn 0.0756 -0.9962 0.0440
vn 0.5561 0.0361 -0.8303
vn 0.5173 -0.2579 -0.8161
vn 0.7473 -0.0805 -0.6596
vn 0.6968 -0.5641 -0.4430
vn 0.9389 -0.3351 -0.0783
vn 0.9577 0.0695 -0.2794
vn 0.6161 -0.5816 -0.5312
vn -0.5314 -0.6306 0.5657
vn -0.4020 0.2214 0.8885
vn -0.5961 0.1001 0.7966
vn -0.6759 0.2981 0.6740
vn -0.7292 0.3218 0.6039
vn -0.7968 0.1336 0.5893
vn -0.4338 0.1609 0.8865
vn -0.8432 0.5117 0.1647
vn -0.7079 0.5038 -0.4951
vn -0.8054 0.4054 -0.4325
vn -0.9881 -0.0068 0.1537
vn -0.5814 0.3722 -0.7236
vn -0.8384 0.5407 0.0681
vn -0.7136 0.6740 -0.1908
vn 0.5588 0.7781 0.2868
vn 0.5812 -0.2456 0.7758
vn 0.5304 -0.6247 0.5731
vn 0.1370 0.9543 0.2657
vn 0.3748 0.8225 -0.4278
vn 0.1621 0.9844 0.0684
vn 0.5279 -0.5505 0.6467
vn -0.8392 0.2560 0.4798
vn -0.9114 0.3405 0.2313
vn 0.4112 0.8030 -0.4313
vn 0.6140 0.4687 -0.6351
vn 0.7888 -0.2595 -0.5571
vn 0.7990 -0.1429 -0.5841
vn 0.6269 -0.2637 -0.7331
vn 0.7516 0.1679 -0.6379
vn 0.9030 0.1436 -0.4049
vn 0.5062 -0.8422 0.1858
vn 0.8562 -0.5162 0.0203
vn -0.3412 0.3822 0.8588
vn -0.2562 -0.0531 0.9652
vn -0.8491 -0.4750 0.2308
vn -0.9733 -0.2269 0.0356
vn -0.9457 -0.2940 -0.1389
vn 0.9799 -0.0689 -0.1873
vn -0.3280 -0.0828 0.9410
vn 0.1903 0.9817 -0.0002
vn 0.4455 0.8447 -0.2967
vn 0.2657 0.9444 -0.1938
vn 0.4477 0.8774 -0.1727
vn 0.9474 -0.2789 -0.1568
vn 0.8885 -0.4332 0.1512
vn -0.8330 -0.1786 -0.5237
vn 0.0788 -0.4981 0.8635
vn -0.4336 -0.6057 0.6671
vn 0.4180 -0.7781 0.4689
vn 0.5218 0.5835 -0.6223
vn 0.6390 0.7507 -0.1677
vn 0.7605 0.5913 -0.2682
vn 0.5876 0.6201 -0.5199
vn -0.1474 -0.5040 0.8510
vn 0.3642 0.0166 0.9312
vn 0.2964 0.7461 0.5962
vn 0.2135 0.3914 0.8951
vn -0.5404 0.0261 -0.8410
vn -0.3592 0.1596 -0.9195
vn -0.5844 -0.7377 0.3380
vn -0.8897 -0.3773 -0.2572
vn -0.9908 0.0940 -0.0970
vn -0.9829 -0.0090 -0.1840
vn -0.9838 0.1476 0.1013
vn -0.9100 0.3834 -0.1579
vn -0.7970 0.4138 -0.4400
vn 0.8798 0.3761 0.2906
vn -0.4145 -0.2887 0.8630
vn -0.8607 -0.1193 0.4949
vn -0.9153 -0.2627 0.3053
vn -0.6492 -0.6352 0.4184
vn -0.6183 0.7219 0.3107
vn -0.7020 0.6369 0.3186
vn -0.3770 0.8087 0.4516
vn -0.5070 0.8520 0.1309
vn 0.6690 0.7433 -0.0027
vn 0.6898 0.7150 -0.1137
vn 0.7003 0.6909 0.1796
vn 0.2721 0.7150 -0.6441
vn 0.4407 0.7088 -0.5508
vn 0.5574 0.5755 -0.5984
vn 0.5967 -0.0049 -0.8025
vn 0.1621 0.5936 -0.7883
vn -0.9815 0.0825 -0.1727
vn 0.5767 0.8001 -0.1652
vn 0.9316 0.0481 -0.3603
vn -0.5662 -0.7593 0.3206
vn -0.6593 -0.6391 0.3961
vn -0.8055 -0.5908 0.0463
vn -0.7887 -0.6105 0.0721
vn -0.6350 -0.7448 0.2052
vn -0.5006 0.3831 -0.7763
vn -0.4752 0.2531 -0.8427
vn 0.1305 -0.4871 0.8635
vn 0.6075 -0.2963 0.7370
vn 0.1325 -0.1928 0.9722
vn 0.9924 0.0059 -0.1232
vn 0.9952 0.0886 0.0411
vn 0.7197 -0.3588 -0.5944
vn 0.7541 -0.6435 -0.1313
vn 0.0892 0.7568 0.6475
vn 0.9828 0.0652 0.1729
vn 0.8319 -0.3022 -0.4654
vn 0.8953 -0.4423 -0.0536
vn 0.7736 0.6167 0.1459
vn 0.5796 0.7824 -0.2280
vn 0.1767 -0.7604 0.6250
vn 0.8267 -0.3424 -0.4464
vn 0.9898 -0.0712 -0.1235
vn 0.9179 -0.3279 -0.2235
vn 0.7455 -0.2578 -0.6147
vn -0.7065 -0.5188 -0.4813
vn -0.2730 -0.2693 -0.9236
vn 0.0619 -0.1149 -0.9915
vn 0.0664 -0.5716 -0.8178
vn -0.8401 -0.5336 0.0980
vn -0.4759 -0.8791 0.0243
vn -0.7760 -0.6293 0.0437
vn -0.8732 -0.4872 -0.0093
vn -0.9555 -0.2459 -0.1629
vn -0.9081 -0.3620 -0.2103
vn -0.9418 -0.2566 -0.2171
vn -0.9171 -0.3628 -0.1650
vn -0.6089 -0.7466 0.2681
vn -0.6871 -0.3755 0.6220
vn -0.1663 -0.6343 0.7550
vn -0.6893 -0.5757 0.4399
vn -0.4015 -0.7407 0.5387
vn -0.0778 -0.7725 0.6302
vn 0.6989 -0.0479 -0.7137
vn -0.2703 -0.8931 0.3597
vn 0.0274 -0.9665 0.2551
vn 0.4573 -0.2491 0.8537
vn 0.1432 -0.1013 0.9845
vn 0.1055 -0.3616 0.9264
vn -0.5749 -0.2769 0.7699
vn -0.7697 -0.2370 0.5927
vn -0.8783 -0.1709 0.4465
vn -0.6637 -0.2166 0.7160
vn -0.8181 -0.1914 0.5423
vn -0.6368 -0.2960 0.7119
vn -0.3933 -0.2133 0.8943
vn -0.3226 -0.5985 0.7333
vn 0.4744 -0.5548 0.6835
vn 0.3071 -0.2824 0.9088
vn -0.1252 -0.5489 0.8265
vn 0.2159 -0.0319 0.9759
vn -0.1710 -0.1663 0.9711
vn -0.5786 -0.2293 0.7827
vn -0.0625 -0.4212 0.9048
vn -0.5569 -0.0071 0.8305
vn -0.7861 -0.1168 0.6070
vn -0.8623 -0.0494 0.5040
vn 0.3258 -0.6089 0.7232
vn 0.2310 -0.7573 0.6109
vn 0.2631 -0.3810 0.8864
vn 0.5346 0.7415 -0.4054
vn 0.4495 0.8666 -0.2166
vn 0.1859 0.9628 0.1962
vn 0.8827 -0.3501 0.3135
vn 0.3899 -0.8870 0.2475
vn 0.4392 -0.8376 -0.3248
vn 0.1509 -0.9811 0.1208
vn 0.3756 -0.8856 -0.2733
vn -0.1103 -0.9935 0.0290
vn 0.0918 -0.9487 -0.3024
vn 0.0788 -0.7615 -0.6434
vn 0.1965 -0.8982 -0.3931
vn 0.2899 -0.6037 0.7426
vn 0.8152 -0.0823 0.5733
vn 0.0990 0.8539 0.5109
vn -0.1087 0.8456 0.5226
vn -0.0883 0.7106 0.6981
vn -0.2886 0.4806 0.8281
vn -0.0959 0.6149 0.7827
vn -0.0547 0.4507 0.8910
vn -0.2387 0.3157 0.9183
vn 0.1051 0.3764 0.9205
vn 0.2864 0.2816 0.9158
vn 0.6464 0.7422 0.1771
vn 0.3391 0.3820 0.8597
vn 0.7957 0.5973 0.1000
vn 0.5696 0.3095 0.7614
vn -0.3385 -0.2469 0.9080
vn -0.5984 -0.3332 0.7286
vn 0.6010 -0.2350 0.7639
vn 0.9875 0.0929 0.1274
vn 0.7578 0.5450 0.3588
vn 0.9365 -0.0038 0.3506
vn 0.8220 -0.5360 0.1925
vn 0.4879 -0.7978 0.3541
vn 0.5651 -0.8184 -0.1042
vn 0.5061 -0.8529 -0.1281
vn -0.0784 -0.6327 0.7704
vn -0.0610 -0.7072 0.7043
vn 0.4471 -0.6860 0.5740
vn -0.5340 -0.4370 0.7238
vn -0.4697 -0.5745 0.6703
vn -0.4344 -0.1489 0.8883
vn -0.2683 -0.1399 0.9531
vn -0.2192 -0.6676 0.7115
vn 0.0303 0.5055 0.8623
vn -0.0665 0.8320 0.5508
vn -0.0739 0.8587 0.5072
vn -0.1460 0.7990 0.5834
vn -0.1446 0.7966 0.5869
vn -0.1468 0.6682 0.7293
vn -0.1508 0.5095 0.8472
vn -0.0536 0.7520 0.6570
vn -0.0164 0.6619 0.7494
vn -0.0802 0.7504 0.6561
vn -0.1600 0.8644 0.4767
vn -0.3121 0.7610 0.5687
vn -0.2331 0.6697 0.7051
vn -0.6092 0.4806 0.6309
vn -0.5439 0.5440 0.6389
vn -0.4327 0.4147 0.8005
vn -0.8010 0.3644 0.4750
vn -0.7522 0.2395 0.6139
vn -0.6578 0.0013 0.7532
vn -0.4314 0.2604 0.8638
vn -0.6928 0.4054 0.5964
vn -0.5178 0.6241 0.5851
vn -0.0205 0.6168 0.7868
vn -0.7963 0.2495 0.5510
vn -0.7058 -0.0225 0.7081
vn -0.3065 0.5512 0.7760
vn -0.1676 0.2454 0.9548
vn 0.1866 0.0702 0.9799
vn 0.2204 0.3652 0.9045
vn 0.1093 0.0407 0.9932
vn -0.0617 -0.1769 0.9823
vn -0.3809 -0.2360 0.8940
vn 0.1483 0.6359 0.7574
vn 0.1070 0.7311 0.6739
vn -0.2461 0.6499 0.7190
vn -0.3721 0.6594 0.6532
vn -0.5958 0.4687 0.6522
vn -0.5345 0.5055 0.6773
vn -0.6250 0.4859 0.6110
vn -0.6522 0.5241 0.5477
vn -0.6855 0.3569 0.6346
vn -0.3068 0.8091 0.5012
vn -0.5019 0.5466 0.6704
vn -0.4850 0.8052 0.3411
vn 0.7382 -0.3355 -0.5853
vn 0.7843 -0.2083 -0.5844
vn 0.5097 0.8039 0.3066
vn 0.4280 0.6365 0.6416
vn 0.6410 0.5599 0.5250
vn 0.3970 0.0289 0.9174
vn 0.9674 -0.1102 -0.2280
vn 0.9302 -0.2966 -0.2162
vn 0.9661 -0.2430 -0.0876
vn -0.2190 -0.1356 0.9663
vn -0.3795 0.4831 -0.7891
vn -0.3589 0.4338 -0.8265
vn -0.4827 0.3223 -0.8143
vn -0.5630 0.3563 -0.7457
vn -0.0894 0.4281 -0.8993
vn -0.4226 0.2917 -0.8581
vn -0.4030 0.2731 -0.8735
vn -0.0136 0.2212 -0.9751
vn -0.5067 -0.0054 -0.8621
vn -0.0013 -0.0631 -0.9980
vn 0.0490 -0.2871 -0.9566
vn 0.0008 -0.3932 -0.9194
vn -0.1187 -0.5680 -0.8145
vn 0.0096 -0.2828 -0.9591
vn -0.0680 -0.2924 -0.9539
vn 0.0589 -0.2152 -0.9748
vn -0.1216 -0.0196 -0.9924
vn -0.0834 -0.0530 -0.9951
vn 0.1263 -0.0304 -0.9915
vn -0.4527 -0.1091 -0.8850
vn -0.3421 -0.0864 -0.9357
vn -0.1856 0.0465 -0.9815
vn -0.1037 0.1295 -0.9861
vn -0.2024 0.1403 -0.9692
vn -0.1851 0.2850 -0.9405
vn -0.1551 0.3163 -0.9359
vn -0.0215 0.2613 -0.9650
vn -0.0700 0.5065 -0.8594
vn -0.2065 0.6246 -0.7532
vn -0.0463 0.6561 -0.7533
vn -0.1952 0.7660 -0.6125
vn -0.1279 0.6342 -0.7625
vn -0.0830 0.7680 -0.6350
vn -0.0647 0.8507 -0.5216
vn -0.1674 0.8090 -0.5635
vn -0.0681 0.6624 -0.7461
vn -0.0442 0.7523 -0.6574
vn -0.2276 0.8840 -0.4084
vn -0.1760 0.9614 -0.2116
vn -0.3486 0.8179 -0.4577
vn -0.5562 0.7375 -0.3830
vn -0.5197 0.7311 -0.4420
vn -0.4670 0.7702 -0.4344
vn -0.6128 0.7760 -0.1493
vn -0.2304 0.9303 -0.2854
vn -0.3076 0.9388 -0.1553
vn -0.5690 0.8053 -0.1664
vn -0.5751 0.7662 -0.2866
vn -0.7426 0.6661 -0.0692
vn -0.7953 0.5881 -0.1474
vn -0.6728 0.7397 -0.0145
vn -0.3961 0.9177 0.0289
vn -0.3055 0.9354 -0.1780
vn -0.5645 0.8156 -0.1270
vn -0.6131 0.7597 -0.2168
vn -0.3018 0.9523 0.0457
vn -0.4289 0.9003 0.0743
vn -0.0461 0.9855 -0.1635
vn -0.2153 0.9248 -0.3137
vn -0.1596 0.9800 -0.1187
vn -0.0889 0.9783 0.1873
vn -0.3483 0.9359 0.0531
vn -0.2356 0.9374 -0.2563
vn -0.2535 0.9373 -0.2392
vn -0.3065 0.9348 0.1797
vn -0.3725 0.7416 0.5579
vn -0.4863 0.8695 0.0862
vn -0.5943 0.5974 0.5384
vn -0.6938 0.7199 0.0207
vn -0.8613 0.2831 0.4219
vn -0.9547 0.2940 -0.0468
vn -0.2613 0.9513 -0.1636
vn -0.2379 0.9391 -0.2481
vn -0.4253 0.8298 -0.3614
vn -0.5137 0.8027 -0.3028
vn -0.4972 0.7976 -0.3415
vn -0.5701 0.6969 -0.4352
vn -0.6594 0.6661 -0.3486
vn -0.6949 0.5899 -0.4111
vn -0.7147 0.5637 -0.4141
vn -0.6555 0.6512 -0.3824
vn -0.5505 0.7529 -0.3607
vn -0.5154 0.8060 -0.2910
vn -0.4125 0.8636 -0.2898
vn -0.3921 0.8125 -0.4314
vn -0.4271 0.7799 -0.4575
vn -0.4151 0.7652 -0.4922
vn -0.5106 0.7142 -0.4789
vn -0.4282 0.5987 -0.6769
vn -0.5283 0.5891 -0.6114
vn -0.4738 0.4005 -0.7843
vn -0.5712 0.3997 -0.7169
vn -0.5647 0.2401 -0.7896
vn -0.6341 0.2293 -0.7385
vn -0.5471 0.0674 -0.8344
vn -0.7071 0.1197 -0.6969
vn -0.8200 0.0655 -0.5686
vn -0.7549 0.0040 -0.6558
vn -0.8791 0.1769 -0.4426
vn -0.9090 0.1312 -0.3956
vn -0.8303 0.0198 -0.5570
vn -0.8959 0.0263 -0.4435
vn -0.8251 -0.0932 -0.5573
vn -0.8935 0.2341 -0.3833
vn -0.9522 -0.1245 -0.2789
vn -0.7378 -0.5087 -0.4437
vn -0.9941 -0.1013 0.0390
vn -0.7245 -0.5048 -0.4694
vn -0.9941 -0.0490 0.0965
vn -0.9662 -0.1626 -0.2001
vn -0.8971 0.3343 -0.2888
vn -0.6801 -0.5429 -0.4927
vn -0.6653 -0.6226 -0.4120
vn -0.8784 -0.3657 -0.3077
vn -0.8400 -0.4281 -0.3334
vn -0.7332 -0.3826 -0.5622
vn -0.7240 -0.4252 -0.5431
vn -0.6132 -0.1644 -0.7726
vn -0.4964 -0.2982 -0.8153
vn -0.5077 -0.3235 -0.7985
vn -0.8098 -0.0879 -0.5801
vn -0.7891 0.0993 -0.6061
vn -0.3523 0.4406 -0.8257
vn -0.4338 0.5670 -0.7002
vn -0.5954 0.6544 -0.4661
vn -0.5821 0.8122 0.0391
vn -0.5217 0.8477 -0.0965
vn -0.2508 0.9501 0.1857
vn -0.2401 0.9707 0.0011
vn -0.3301 0.9433 0.0359
vn -0.0286 0.9971 0.0706
vn -0.2331 0.9705 0.0610
vn -0.2111 0.9775 0.0019
vn -0.0882 0.9961 0.0104
vn 0.2289 0.9610 -0.1550
vn 0.0798 0.9954 0.0533
vn 0.1362 0.9851 -0.1053
vn 0.2287 0.9552 -0.1877
vn -0.0817 0.9791 -0.1864
vn -0.4379 0.8916 0.1155
vn -0.1080 0.9936 -0.0327
vn 0.0495 0.9527 -0.2998
vn -0.1326 0.9651 0.2257
vn -0.0343 0.9742 0.2232
vn -0.5134 0.8442 0.1541
vn 0.3367 0.9233 0.1849
vn 0.4458 0.8182 0.3630
vn -0.0178 0.9618 0.2733
vn -0.3304 0.9096 0.2518
vn 0.1552 0.9296 0.3343
vn -0.1906 0.9813 0.0258
vn -0.0703 0.9819 -0.1761
vn -0.0389 0.9702 -0.2392
vn 0.2475 0.7752 -0.5812
vn -0.0256 0.8704 -0.4917
vn -0.0290 0.7788 -0.6266
vn 0.3796 0.6980 -0.6072
vn 0.3957 0.7703 -0.5001
vn 0.3827 0.7695 -0.5112
vn 0.3083 0.6934 -0.6512
vn 0.3545 0.8388 -0.4132
vn -0.5581 0.7731 0.3012
vn -0.5790 0.2154 -0.7864
vn -0.7219 0.2261 -0.6540
vn -0.5286 0.2557 -0.8095
vn -0.4316 0.2170 -0.8756
vn 0.6819 0.5115 -0.5229
vn 0.7707 0.1452 -0.6204
vn 0.2454 0.6727 -0.6980
vn 0.6862 0.2647 -0.6775
vn 0.5133 0.2593 -0.8181
vn 0.2398 0.3550 -0.9036
vn 0.1743 0.2518 -0.9519
vn 0.2920 0.4860 -0.8238
vn 0.4325 0.1699 -0.8855
vn 0.5659 0.6617 -0.4918
vn 0.7680 0.2973 -0.5673
vn 0.5681 -0.1664 -0.8059
vn 0.7432 0.6062 -0.2832
vn 0.9898 0.1219 -0.0737
vn 0.9321 -0.1400 -0.3339
vn 0.5392 0.4442 -0.7155
vn 0.8690 0.1087 -0.4828
vn 0.8636 -0.3971 -0.3107
vn 0.7307 -0.1943 -0.6545
vn 0.6386 -0.4028 -0.6557
vn 0.6974 -0.4522 -0.5560
vn 0.9177 0.0362 -0.3956
vn 0.9152 -0.3408 -0.2151
vn 0.6422 -0.4737 -0.6027
vn 0.4567 0.4616 -0.7605
vn 0.3798 0.2114 -0.9006
vn 0.6002 0.3366 -0.7255
vn 0.7349 0.1386 -0.6639
vn 0.4939 0.8690 -0.0310
vn 0.5360 0.8348 0.1257
vn 0.5493 0.7863 0.2829
vn 0.6307 0.7741 0.0546
vn 0.7338 0.6648 -0.1398
vn 0.5697 0.7604 0.3119
vn 0.6164 0.7759 0.1345
vn 0.7283 0.6659 -0.1616
vn 0.7195 0.6916 -0.0633
vn 0.7048 0.6579 0.2655
vn 0.8183 0.5740 -0.0284
vn 0.7553 0.6443 -0.1197
vn 0.6512 0.7510 0.1095
vn 0.6439 0.7161 0.2693
vn 0.9404 0.3165 0.1241
vn 0.9130 0.4042 0.0551
vn 0.8114 0.5478 0.2036
vn 0.8159 0.5417 0.2019
vn 0.7116 0.6759 0.1916
vn 0.9736 0.0386 0.2249
vn 0.9043 0.2019 0.3761
vn 0.9235 0.1789 0.3393
vn 0.9909 -0.0412 0.1283
vn 0.9462 0.3227 -0.0233
vn 0.8637 -0.0881 0.4962
vn 0.8887 -0.1471 0.4343
vn 0.8751 -0.4164 0.2467
vn 0.7475 0.1943 -0.6352
vn 0.8491 0.4934 -0.1889
vn 0.7363 0.5063 -0.4489
vn 0.7203 0.6907 0.0637
vn 0.8070 0.3898 -0.4437
vn 0.8813 0.3802 -0.2805
vn 0.8847 0.4161 0.2103
vn 0.8538 0.5138 0.0836
vn 0.8099 0.5851 -0.0402
vn 0.7773 0.5399 -0.3231
vn 0.7431 0.6635 -0.0870
vn 0.8009 0.4894 -0.3449
vn 0.9006 0.1952 -0.3883
vn 0.8566 -0.1858 -0.4814
vn 0.8226 -0.2160 -0.5260
vn 0.4879 0.1665 -0.8569
vn 0.5701 0.5602 -0.6009
vn 0.9039 0.3183 -0.2857
vn 0.9923 0.1151 -0.0456
vn 0.9667 0.2389 -0.0921
vn 0.9548 -0.0824 -0.2855
vn 0.9810 0.1329 0.1414
vn 0.9239 -0.3748 0.0768
vn 0.8094 -0.5659 0.1568
vn 0.7726 -0.2867 -0.5665
vn 0.7700 -0.5491 0.3248
vn 0.8253 -0.5618 0.0575
vn 0.8072 -0.5461 -0.2239
vn 0.6044 -0.7965 -0.0170
vn 0.8981 -0.0644 0.4351
vn 0.9711 -0.1138 -0.2098
vn 0.7625 -0.3519 -0.5429
vn 0.5133 -0.7291 -0.4527
vn 0.8493 -0.4272 -0.3101
vn 0.4976 -0.8524 -0.1605
vn 0.2401 -0.9651 0.1048
vn -0.0042 -0.9991 0.0418
vn 0.9308 -0.3408 -0.1319
vn 0.5710 -0.8156 0.0933
vn 0.1961 -0.9297 0.3118
vn -0.2561 -0.8640 0.4334
vn 0.1621 -0.9716 0.1722
vn 0.7150 -0.6353 0.2918
vn 0.3310 -0.7270 0.6016
vn 0.7441 -0.5198 0.4197
vn 0.9817 -0.1276 -0.1414
vn 0.4548 -0.8356 0.3082
vn 0.4463 -0.7920 0.4166
vn 0.4299 -0.5893 -0.6841
vn 0.1435 -0.6650 -0.7330
vn 0.3031 -0.5243 -0.7958
vn 0.5137 -0.1922 -0.8362
vn 0.3608 -0.2914 -0.8859
vn 0.4177 -0.6279 -0.6567
vn 0.7496 -0.6222 -0.2257
vn 0.8967 -0.2788 0.3438
vn 0.9679 -0.0517 0.2460
vn 0.8497 0.3987 0.3451
vn 0.9692 -0.0044 0.2463
vn 0.8315 -0.5446 -0.1093
vn 0.9695 0.1794 -0.1672
vn 0.8352 0.5490 -0.0317
vn 0.8356 0.5444 0.0739
vn 0.9758 0.1360 0.1713
vn 0.6806 0.7081 0.1881
vn 0.6615 0.7372 -0.1376
vn 0.2660 -0.9062 0.3286
vn 0.2684 -0.8945 0.3576
vn -0.1472 -0.7588 -0.6344
vn 0.1385 -0.7960 -0.5892
vn -0.0727 -0.9861 0.1494
vn -0.2452 -0.9129 0.3263
vn -0.5694 -0.6163 0.5441
vn -0.8680 -0.3260 0.3746
vn -0.4864 -0.4323 0.7593
vn -0.8291 -0.1197 0.5461
vn -0.9587 0.0005 0.2845
vn -0.9584 -0.0086 0.2855
vn -0.9336 0.2082 0.2916
vn -0.9336 0.0945 0.3455
vn -0.9466 -0.0125 0.3223
vn -0.9714 0.2367 0.0207
vn -0.9554 0.0342 -0.2934
vn -0.9674 -0.2119 -0.1389
vn -0.9800 -0.1985 -0.0111
vn -0.8088 -0.5136 0.2865
vn -0.9963 0.0217 -0.0830
vn -0.9962 0.0101 -0.0863
vn -0.9706 -0.2388 -0.0312
vn -0.9701 0.2208 -0.1007
vn -0.9614 -0.1635 -0.2213
vn -0.8838 0.4411 -0.1557
vn -0.7868 0.5662 -0.2457
vn -0.8664 -0.2527 -0.4307
vn -0.7683 -0.5637 -0.3034
vn -0.8636 -0.4721 -0.1769
vn -0.8929 -0.4194 0.1640
vn -0.7513 -0.5379 0.3823
vn -0.9699 0.2036 0.1339
vn -0.8762 0.4347 -0.2079
vn -0.8990 0.4375 0.0182
vn -0.7978 0.5002 -0.3366
vn -0.7577 0.5264 -0.3857
vn -0.9826 0.1365 -0.1258
vn -0.8688 0.4461 -0.2147
vn -0.8426 0.4520 -0.2928
vn -0.7273 0.6697 -0.1504
vn -0.9124 0.4047 0.0616
vn -0.9032 0.3752 0.2083
vn -0.9939 0.0796 0.0766
vn -0.9797 0.1873 -0.0713
vn -0.8739 0.4852 0.0299
vn -0.7481 0.6496 -0.1354
vn -0.8838 0.2435 0.3995
vn -0.6212 -0.1416 0.7708
vn -0.1116 0.5591 0.8216
vn 0.1905 0.7356 0.6501
vn -0.3197 -0.1743 0.9314
vn -0.1727 -0.2238 0.9592
vn -0.3245 -0.0984 0.9407
vn -0.3212 -0.0039 0.9470
vn 0.0346 0.6583 0.7519
vn -0.4515 -0.4759 0.7547
vn -0.5381 -0.3649 0.7598
vn -0.2892 -0.3017 0.9085
vn 0.0331 0.7005 0.7129
vn -0.3878 -0.1421 0.9107
vn -0.3059 -0.0569 0.9504
vn -0.1722 -0.2126 0.9619
vn -0.2971 0.0034 0.9548
vn -0.9300 0.0906 -0.3563
vn -0.4297 -0.7387 0.5193
vn 0.3159 -0.7242 0.6130
vn -0.1426 -0.5107 0.8478
vn -0.1699 -0.6097 0.7743
vn -0.0089 -0.6038 0.7971
vn -0.8146 -0.5450 -0.1983
vn -0.8653 -0.4434 -0.2340
vn -0.7708 -0.6190 -0.1509
vn -0.5288 -0.8224 -0.2099
vn -0.7964 -0.0984 -0.5967
vn -0.8057 0.3023 -0.5094
vn -0.8608 0.2993 -0.4116
vn -0.7493 0.4917 -0.4436
vn -0.6527 0.5631 -0.5068
vn -0.9741 0.1436 -0.1747
vn -0.8267 0.3718 -0.4223
vn 0.9229 -0.3711 0.1023
vn 0.8159 -0.5177 -0.2575
vn 0.3948 -0.9093 -0.1313
vn 0.5832 -0.7709 -0.2563
vn 0.3161 -0.6277 -0.7114
vn 0.3481 -0.8894 -0.2962
vn 0.3834 -0.7012 -0.6011
vn 0.9573 0.0217 0.2883
vn 0.9811 -0.0422 0.1887
vn 0.1746 0.9805 0.0903
vn 0.0299 0.7347 0.6778
vn -0.0985 0.6972 0.7101
vn 0.2472 0.7831 0.5706
vn 0.1474 0.8741 0.4628
vn 0.5054 0.8481 0.1593
vn 0.4710 0.8818 -0.0233
vn 0.2677 0.9606 0.0740
vn 0.3651 0.7842 0.5018
vn 0.5112 0.8401 0.1815
vn 0.3571 0.8540 0.3783
vn 0.4736 0.8264 0.3046
vn 0.4844 0.8279 0.2828
vn 0.4426 0.7970 0.4110
vn 0.6247 0.7804 0.0275
vn 0.6530 0.7475 0.1221
vn 0.5288 0.7181 0.4525
vn 0.6807 0.6584 0.3211
vn 0.7703 0.6325 0.0809
vn 0.6121 0.4823 0.6267
vn 0.8322 0.4744 0.2871
vn 0.6867 0.4250 0.5897
vn 0.9070 0.2078 0.3662
vn 0.9417 0.1774 0.2860
vn 0.6491 0.5373 0.5385
vn 0.8130 0.1898 0.5505
vn 0.9108 0.1154 0.3963
vn 0.9289 -0.1668 0.3306
vn 0.9842 -0.0570 0.1677
vn 0.7078 0.0396 0.7053
vn 0.7229 -0.0956 0.6843
vn 0.4940 -0.4417 0.7489
vn 0.7070 0.5846 0.3979
vn 0.5036 0.8172 0.2802
vn 0.5476 0.8158 0.1860
vn 0.4964 0.8584 0.1296
vn 0.5419 0.7809 0.3106
vn 0.4000 0.8880 0.2270
vn 0.4891 0.7470 0.4503
vn 0.5643 0.6401 0.5213
vn 0.2473 0.4034 0.8810
vn -0.0412 0.5196 0.8534
vn 0.2075 0.0795 0.9750
vn 0.4205 0.4195 0.8045
vn 0.5779 0.5925 0.5613
vn 0.3405 -0.0439 0.9392
vn 0.5810 0.4426 0.6830
vn -0.0674 -0.5203 0.8513
vn 0.0540 -0.7097 0.7025
vn 0.0639 -0.8275 0.5579
vn 0.1150 -0.7933 0.5979
vn 0.0707 -0.8450 0.5302
vn 0.4623 -0.4552 0.7610
vn 0.5405 -0.2754 0.7950
vn 0.4742 -0.6183 0.6267
vn 0.6885 0.3334 0.6440
vn 0.7443 0.1204 0.6569
vn 0.6433 0.7398 0.1970
vn 0.5503 0.6845 0.4781
vn 0.7082 0.5666 0.4213
vn 0.6279 0.7367 0.2511
vn 0.7240 -0.0393 0.6887
vn 0.4730 0.6518 0.5928
vn -0.0240 -0.6456 0.7633
vn -0.2404 0.6732 0.6993
vn -0.2860 0.4368 0.8529
vn -0.2738 0.0455 0.9607
vn 0.9391 -0.2608 -0.2237
vn 0.8463 -0.4602 -0.2683
vn 0.8613 -0.4716 -0.1891
vn 0.9610 -0.1716 -0.2168
vn 0.5407 -0.8375 0.0785
vn 0.3318 -0.9181 0.2166
vn 0.7138 -0.2001 -0.6711
vn 0.6320 -0.5817 -0.5120
vn 0.1499 -0.0649 -0.9866
vn 0.2566 -0.3933 -0.8829
vn 0.3031 -0.5246 -0.7956
vn 0.2475 -0.7759 -0.5802
vn 0.4852 0.4170 -0.7686
vn 0.5886 0.6727 -0.4484
vn 0.6377 0.4019 -0.6571
vn -0.6189 0.4396 0.6509
vn -0.5072 0.3417 0.7912
vn -0.0779 -0.4420 -0.8937
vn -0.6317 -0.1034 0.7683
vn -0.7814 0.0760 0.6194
vn 0.4521 -0.8239 -0.3417
vn 0.4300 -0.8917 0.1409
vn 0.3310 0.1451 -0.9324
vn 0.9256 -0.3756 -0.0468
vn 0.0847 0.2593 -0.9621
vn 0.1420 0.3374 -0.9306
vn 0.0035 0.1338 -0.9910
vn 0.0873 0.0264 -0.9958
vn 0.9954 0.0693 0.0664
vn 0.2796 0.2772 -0.9192
# 4656 vertex normals

vt 0.5070 1.7513 0.0000
vt 0.5047 1.7559 0.0000
vt 0.5007 1.7519 0.0000
vt 0.5030 1.7488 0.0000
vt 0.5043 1.7456 0.0000
vt 0.5002 1.7459 0.0000
vt 0.5006 1.7427 0.0000
vt 0.5056 1.7436 0.0000
vt 0.5014 1.7469 0.0000
vt 0.5084 1.7471 0.0000
vt 0.5052 1.7469 0.0000
vt 0.5024 1.7481 0.0000
vt 0.4892 1.7557 0.0000
vt 0.4885 1.7561 0.0000
vt 0.4877 1.7551 0.0000
vt 0.4883 1.7529 0.0000
vt 0.4899 1.7538 0.0000
vt 0.4890 1.7515 0.0000
vt 0.4903 1.7511 0.0000
vt 0.4912 1.7536 0.0000
vt 0.4922 1.7522 0.0000
vt 0.4926 1.7535 0.0000
vt 0.4902 1.7486 0.0000
vt 0.4874 1.7497 0.0000
vt 0.4858 1.7526 0.0000
vt 0.4862 1.7563 0.0000
vt 0.4886 1.7590 0.0000
vt 0.4918 1.7573 0.0000
vt 0.4910 1.7586 0.0000
vt 0.4952 1.7543 0.0000
vt 0.4939 1.7573 0.0000
vt 0.4932 1.7509 0.0000
vt 0.4650 1.7518 0.0000
vt 0.4638 1.7494 0.0000
vt 0.4692 1.7465 0.0000
vt 0.4698 1.7487 0.0000
vt 0.4737 1.7444 0.0000
vt 0.4746 1.7468 0.0000
vt 0.4792 1.7448 0.0000
vt 0.4788 1.7424 0.0000
vt 0.4850 1.7435 0.0000
vt 0.4850 1.7413 0.0000
vt 0.4903 1.7471 0.0000
vt 0.4864 1.7486 0.0000
vt 0.4900 1.7435 0.0000
vt 0.4904 1.7411 0.0000
vt 0.4848 1.7471 0.0000
vt 0.4902 1.7454 0.0000
vt 0.4955 1.7420 0.0000
vt 0.4953 1.7444 0.0000
vt 0.4935 1.7499 0.0000
vt 0.4963 1.7549 0.0000
vt 0.4995 1.7496 0.0000
vt 0.4942 1.7473 0.0000
vt 0.4983 1.7469 0.0000
vt 0.4963 1.7500 0.0000
vt 0.4960 1.7472 0.0000
vt 0.4588 1.7541 0.0000
vt 0.4599 1.7556 0.0000
vt 0.4584 1.7580 0.0000
vt 0.4571 1.7580 0.0000
vt 0.4579 1.7605 0.0000
vt 0.4597 1.7591 0.0000
vt 0.4620 1.7575 0.0000
vt 0.4618 1.7626 0.0000
vt 0.4625 1.7606 0.0000
vt 0.4636 1.7588 0.0000
vt 0.4674 1.7622 0.0000
vt 0.4688 1.7652 0.0000
vt 0.4751 1.7641 0.0000
vt 0.4763 1.7671 0.0000
vt 0.4821 1.7640 0.0000
vt 0.4839 1.7689 0.0000
vt 0.4897 1.7641 0.0000
vt 0.4916 1.7691 0.0000
vt 0.5027 1.7600 0.0000
vt 0.5007 1.7640 0.0000
vt 0.4979 1.7589 0.0000
vt 0.4996 1.7555 0.0000
vt 0.4985 1.7538 0.0000
vt 0.4976 1.7673 0.0000
vt 0.4956 1.7621 0.0000
vt 0.4936 1.7585 0.0000
vt 0.4889 1.7604 0.0000
vt 0.4923 1.7594 0.0000
vt 0.4688 1.7549 0.0000
vt 0.4681 1.7590 0.0000
vt 0.4725 1.7535 0.0000
vt 0.4846 1.7524 0.0000
vt 0.4804 1.7490 0.0000
vt 0.4854 1.7565 0.0000
vt 0.4817 1.7599 0.0000
vt 0.4815 1.7565 0.0000
vt 0.4768 1.7508 0.0000
vt 0.4743 1.7592 0.0000
vt 0.4774 1.7563 0.0000
vt 0.4565 1.7606 0.0000
vt 0.4555 1.7573 0.0000
vt 0.4542 1.7570 0.0000
vt 0.4548 1.7605 0.0000
vt 0.4572 1.7534 0.0000
vt 0.4556 1.7524 0.0000
vt 0.4626 1.7482 0.0000
vt 0.4595 1.7469 0.0000
vt 0.4680 1.7449 0.0000
vt 0.4656 1.7424 0.0000
vt 0.4728 1.7426 0.0000
vt 0.4710 1.7394 0.0000
vt 0.4784 1.7408 0.0000
vt 0.4774 1.7375 0.0000
vt 0.4850 1.7399 0.0000
vt 0.4848 1.7368 0.0000
vt 0.4903 1.7399 0.0000
vt 0.4907 1.7375 0.0000
vt 0.4957 1.7413 0.0000
vt 0.4963 1.7400 0.0000
vt 0.5008 1.7418 0.0000
vt 0.5004 1.7407 0.0000
vt 0.4586 1.7638 0.0000
vt 0.4675 1.7684 0.0000
vt 0.4756 1.7710 0.0000
vt 0.4845 1.7725 0.0000
vt 0.4932 1.7726 0.0000
vt 0.5011 1.7704 0.0000
vt 0.5053 1.7659 0.0000
vt 0.5054 1.7613 0.0000
vt 0.5073 1.7562 0.0000
vt 0.5089 1.7520 0.0000
vt 0.4570 1.7649 0.0000
vt 0.4529 1.7613 0.0000
vt 0.4674 1.7706 0.0000
vt 0.5105 1.7466 0.0000
vt 0.5065 1.7420 0.0000
vt 0.5028 1.7717 0.0000
vt 0.5078 1.7674 0.0000
vt 0.4943 1.7738 0.0000
vt 0.4846 1.7739 0.0000
vt 0.4761 1.7729 0.0000
vt 0.4857 1.7756 0.0000
vt 0.4955 1.7757 0.0000
vt 0.5044 1.7740 0.0000
vt 0.5082 1.7688 0.0000
vt 0.5105 1.7721 0.0000
vt 0.5111 1.7507 0.0000
vt 0.5106 1.7529 0.0000
vt 0.5143 1.7509 0.0000
vt 0.5130 1.7526 0.0000
vt 0.5122 1.7550 0.0000
vt 0.5177 1.7546 0.0000
vt 0.5153 1.7552 0.0000
vt 0.5096 1.7622 0.0000
vt 0.5127 1.7651 0.0000
vt 0.5168 1.7621 0.0000
vt 0.5163 1.7687 0.0000
vt 0.5201 1.7644 0.0000
vt 0.5176 1.7588 0.0000
vt 0.5209 1.7590 0.0000
vt 0.5138 1.7597 0.0000
vt 0.5102 1.7577 0.0000
vt 0.5132 1.7569 0.0000
vt 0.5042 1.7392 0.0000
vt 0.4997 1.7393 0.0000
vt 0.5016 1.7369 0.0000
vt 0.4966 1.7380 0.0000
vt 0.4915 1.7353 0.0000
vt 0.4847 1.7337 0.0000
vt 0.4766 1.7337 0.0000
vt 0.4692 1.7354 0.0000
vt 0.4630 1.7384 0.0000
vt 0.4575 1.7440 0.0000
vt 0.4536 1.7505 0.0000
vt 0.4525 1.7561 0.0000
vt 0.4534 1.7652 0.0000
vt 0.4572 1.7678 0.0000
vt 0.4673 1.7741 0.0000
vt 0.4767 1.7778 0.0000
vt 0.4864 1.7794 0.0000
vt 0.4969 1.7791 0.0000
vt 0.5067 1.7770 0.0000
vt 0.5128 1.7747 0.0000
vt 0.5185 1.7708 0.0000
vt 0.5224 1.7655 0.0000
vt 0.5218 1.7520 0.0000
vt 0.5245 1.7581 0.0000
vt 0.5182 1.7470 0.0000
vt 0.5146 1.7429 0.0000
vt 0.5114 1.7385 0.0000
vt 0.5081 1.7348 0.0000
vt 0.5040 1.7316 0.0000
vt 0.4978 1.7344 0.0000
vt 0.4923 1.7315 0.0000
vt 0.4847 1.7292 0.0000
vt 0.4760 1.7290 0.0000
vt 0.4675 1.7307 0.0000
vt 0.4600 1.7342 0.0000
vt 0.4531 1.7413 0.0000
vt 0.4493 1.7483 0.0000
vt 0.4472 1.7553 0.0000
vt 0.4475 1.7620 0.0000
vt 0.4501 1.7677 0.0000
vt 0.4564 1.7725 0.0000
vt 0.4665 1.7783 0.0000
vt 0.4771 1.7824 0.0000
vt 0.4879 1.7835 0.0000
vt 0.4998 1.7822 0.0000
vt 0.5081 1.7800 0.0000
vt 0.5155 1.7780 0.0000
vt 0.5217 1.7743 0.0000
vt 0.5259 1.7684 0.0000
vt 0.5241 1.7447 0.0000
vt 0.5212 1.7395 0.0000
vt 0.5178 1.7343 0.0000
vt 0.5133 1.7293 0.0000
vt 0.5744 1.7184 0.0000
vt 0.5746 1.7151 0.0000
vt 0.5763 1.7155 0.0000
vt 0.5762 1.7171 0.0000
vt 0.6188 1.6986 0.0000
vt 0.6201 1.6952 0.0000
vt 0.6220 1.6973 0.0000
vt 0.6208 1.7014 0.0000
vt 0.6231 1.6949 0.0000
vt 0.6213 1.6931 0.0000
vt 0.5794 1.7092 0.0000
vt 0.5800 1.7105 0.0000
vt 0.5766 1.7124 0.0000
vt 0.5758 1.7117 0.0000
vt 0.5836 1.7067 0.0000
vt 0.5823 1.7054 0.0000
vt 0.5861 1.7011 0.0000
vt 0.5879 1.7030 0.0000
vt 0.5902 1.6967 0.0000
vt 0.5923 1.6991 0.0000
vt 0.5957 1.6928 0.0000
vt 0.5973 1.6955 0.0000
vt 0.6024 1.6928 0.0000
vt 0.6009 1.6896 0.0000
vt 0.6076 1.6915 0.0000
vt 0.6073 1.6874 0.0000
vt 0.6130 1.6914 0.0000
vt 0.6143 1.6878 0.0000
vt 0.6171 1.6930 0.0000
vt 0.6190 1.6907 0.0000
vt 0.5781 1.7199 0.0000
vt 0.5819 1.7241 0.0000
vt 0.5776 1.7219 0.0000
vt 0.5829 1.7215 0.0000
vt 0.5873 1.7241 0.0000
vt 0.5881 1.7221 0.0000
vt 0.5939 1.7258 0.0000
vt 0.5948 1.7229 0.0000
vt 0.5998 1.7277 0.0000
vt 0.6006 1.7234 0.0000
vt 0.6074 1.7258 0.0000
vt 0.6066 1.7222 0.0000
vt 0.6113 1.7193 0.0000
vt 0.6129 1.7222 0.0000
vt 0.6155 1.7146 0.0000
vt 0.6181 1.7168 0.0000
vt 0.6181 1.7084 0.0000
vt 0.6230 1.7093 0.0000
vt 0.6252 1.7023 0.0000
vt 0.6259 1.6986 0.0000
vt 0.6265 1.6960 0.0000
vt 0.6044 1.7051 0.0000
vt 0.6049 1.7039 0.0000
vt 0.6062 1.7064 0.0000
vt 0.6053 1.7081 0.0000
vt 0.6038 1.7078 0.0000
vt 0.6043 1.7090 0.0000
vt 0.6070 1.7040 0.0000
vt 0.6079 1.7066 0.0000
vt 0.6086 1.7052 0.0000
vt 0.6086 1.7061 0.0000
vt 0.6103 1.7041 0.0000
vt 0.6109 1.7072 0.0000
vt 0.6076 1.7013 0.0000
vt 0.6039 1.7014 0.0000
vt 0.6021 1.7044 0.0000
vt 0.6015 1.7084 0.0000
vt 0.6038 1.7120 0.0000
vt 0.6076 1.7095 0.0000
vt 0.6065 1.7115 0.0000
vt 0.6094 1.7095 0.0000
vt 0.5791 1.7164 0.0000
vt 0.5778 1.7138 0.0000
vt 0.5845 1.7171 0.0000
vt 0.5824 1.7135 0.0000
vt 0.5859 1.7089 0.0000
vt 0.5890 1.7052 0.0000
vt 0.5938 1.7012 0.0000
vt 0.5985 1.6983 0.0000
vt 0.6134 1.6948 0.0000
vt 0.6168 1.6955 0.0000
vt 0.6099 1.7111 0.0000
vt 0.6127 1.7080 0.0000
vt 0.6101 1.7150 0.0000
vt 0.6140 1.7112 0.0000
vt 0.6075 1.7129 0.0000
vt 0.6169 1.7057 0.0000
vt 0.6133 1.7011 0.0000
vt 0.6115 1.7031 0.0000
vt 0.6048 1.7171 0.0000
vt 0.6034 1.7138 0.0000
vt 0.5996 1.7182 0.0000
vt 0.5929 1.7179 0.0000
vt 0.5871 1.7177 0.0000
vt 0.5828 1.7152 0.0000
vt 0.6007 1.7091 0.0000
vt 0.5993 1.7145 0.0000
vt 0.6005 1.7037 0.0000
vt 0.5974 1.7103 0.0000
vt 0.5956 1.7040 0.0000
vt 0.5922 1.7078 0.0000
vt 0.5937 1.7144 0.0000
vt 0.5885 1.7096 0.0000
vt 0.5889 1.7140 0.0000
vt 0.5897 1.7114 0.0000
vt 0.5963 1.7071 0.0000
vt 0.5930 1.7108 0.0000
vt 0.6037 1.6952 0.0000
vt 0.6086 1.6945 0.0000
vt 0.6077 1.6997 0.0000
vt 0.6114 1.6995 0.0000
vt 0.6081 1.6973 0.0000
vt 0.6032 1.6976 0.0000
vt 0.6036 1.6996 0.0000
vt 0.5993 1.7006 0.0000
vt 0.6132 1.7239 0.0000
vt 0.6072 1.7280 0.0000
vt 0.5846 1.7283 0.0000
vt 0.5807 1.7258 0.0000
vt 0.5984 1.7318 0.0000
vt 0.5732 1.7192 0.0000
vt 0.5828 1.7320 0.0000
vt 0.5818 1.7361 0.0000
vt 0.5780 1.7320 0.0000
vt 0.5803 1.7277 0.0000
vt 0.5775 1.7232 0.0000
vt 0.5774 1.7252 0.0000
vt 0.5758 1.7275 0.0000
vt 0.5754 1.7243 0.0000
vt 0.5865 1.7366 0.0000
vt 0.5870 1.7335 0.0000
vt 0.5899 1.7343 0.0000
vt 0.5917 1.7355 0.0000
vt 0.5909 1.7326 0.0000
vt 0.5835 1.7293 0.0000
vt 0.5913 1.7308 0.0000
vt 0.5893 1.7313 0.0000
vt 0.6074 1.7308 0.0000
vt 0.5997 1.7362 0.0000
vt 0.5926 1.7397 0.0000
vt 0.5802 1.7390 0.0000
vt 0.5759 1.7344 0.0000
vt 0.5737 1.7302 0.0000
vt 0.5738 1.7376 0.0000
vt 0.5787 1.7419 0.0000
vt 0.5732 1.7148 0.0000
vt 0.5734 1.7125 0.0000
vt 0.5752 1.7098 0.0000
vt 0.5704 1.7173 0.0000
vt 0.5712 1.7122 0.0000
vt 0.5734 1.7062 0.0000
vt 0.5704 1.7059 0.0000
vt 0.5670 1.7115 0.0000
vt 0.5783 1.7076 0.0000
vt 0.5750 1.6983 0.0000
vt 0.5709 1.6994 0.0000
vt 0.5806 1.7042 0.0000
vt 0.5773 1.7044 0.0000
vt 0.5837 1.6996 0.0000
vt 0.5792 1.6984 0.0000
vt 0.5879 1.6937 0.0000
vt 0.5828 1.6908 0.0000
vt 0.5778 1.6892 0.0000
vt 0.5922 1.6882 0.0000
vt 0.5879 1.6834 0.0000
vt 0.5986 1.6839 0.0000
vt 0.6065 1.6817 0.0000
vt 0.6154 1.6818 0.0000
vt 0.6204 1.6850 0.0000
vt 0.6235 1.6881 0.0000
vt 0.6252 1.6897 0.0000
vt 0.6278 1.6919 0.0000
vt 0.5864 1.7404 0.0000
vt 0.5859 1.7435 0.0000
vt 0.6134 1.7259 0.0000
vt 0.6187 1.7194 0.0000
vt 0.6239 1.7109 0.0000
vt 0.6262 1.7025 0.0000
vt 0.6281 1.6975 0.0000
vt 0.6273 1.6995 0.0000
vt 0.6294 1.7000 0.0000
vt 0.6306 1.6956 0.0000
vt 0.5834 1.6791 0.0000
vt 0.5962 1.6773 0.0000
vt 0.6058 1.6745 0.0000
vt 0.6154 1.6747 0.0000
vt 0.6226 1.6781 0.0000
vt 0.6276 1.6837 0.0000
vt 0.6331 1.6879 0.0000
vt 0.6367 1.6940 0.0000
vt 0.6321 1.6998 0.0000
vt 0.6284 1.7039 0.0000
vt 0.6258 1.7131 0.0000
vt 0.6206 1.7217 0.0000
vt 0.6142 1.7282 0.0000
vt 0.6083 1.7335 0.0000
vt 0.6006 1.7397 0.0000
vt 0.5919 1.7439 0.0000
vt 0.5849 1.7467 0.0000
vt 0.5770 1.7455 0.0000
vt 0.5798 1.7487 0.0000
vt 0.5721 1.7423 0.0000
vt 0.6382 1.7011 0.0000
vt 0.6318 1.7067 0.0000
vt 0.6290 1.7166 0.0000
vt 0.6236 1.7263 0.0000
vt 0.6166 1.7327 0.0000
vt 0.6098 1.7374 0.0000
vt 0.6015 1.7434 0.0000
vt 0.5936 1.7472 0.0000
vt 0.5867 1.7498 0.0000
vt 0.5793 1.7516 0.0000
vt 0.5744 1.7487 0.0000
vt 0.5697 1.7460 0.0000
vt 0.6376 1.7095 0.0000
vt 0.6339 1.7204 0.0000
vt 0.6275 1.7317 0.0000
vt 0.6192 1.7384 0.0000
vt 0.6112 1.7433 0.0000
vt 0.6026 1.7477 0.0000
vt 0.5945 1.7505 0.0000
vt 0.5872 1.7527 0.0000
vt 0.5784 1.7547 0.0000
vt 0.5722 1.7526 0.0000
vt 0.5668 1.7501 0.0000
vt 0.5696 1.7579 0.0000
vt 0.5639 1.7553 0.0000
vt 0.5293 1.7597 0.0000
vt 0.5289 1.7564 0.0000
vt 0.5270 1.7502 0.0000
vt 0.5360 1.7635 0.0000
vt 0.5324 1.7722 0.0000
vt 0.4934 1.7255 0.0000
vt 0.4844 1.7221 0.0000
vt 0.4743 1.7216 0.0000
vt 0.4640 1.7235 0.0000
vt 0.4541 1.7283 0.0000
vt 0.4459 1.7364 0.0000
vt 0.4410 1.7455 0.0000
vt 0.4388 1.7549 0.0000
vt 0.4396 1.7642 0.0000
vt 0.4440 1.7725 0.0000
vt 0.5058 1.7248 0.0000
vt 0.5001 1.7292 0.0000
vt 0.5931 1.6703 0.0000
vt 0.6046 1.6661 0.0000
vt 0.6160 1.6661 0.0000
vt 0.6256 1.6699 0.0000
vt 0.6334 1.6759 0.0000
vt 0.6400 1.6831 0.0000
vt 0.6444 1.6920 0.0000
vt 0.6458 1.7022 0.0000
vt 0.6449 1.7119 0.0000
vt 0.6410 1.7239 0.0000
vt 0.6319 1.7399 0.0000
vt 0.6213 1.7447 0.0000
vt 0.6124 1.7493 0.0000
vt 0.6038 1.7532 0.0000
vt 0.5956 1.7557 0.0000
vt 0.5875 1.7582 0.0000
vt 0.5778 1.7600 0.0000
vt 0.5670 1.7639 0.0000
vt 0.5618 1.7617 0.0000
vt 0.5632 1.7711 0.0000
vt 0.5671 1.7722 0.0000
vt 0.5776 1.7655 0.0000
vt 0.5883 1.7636 0.0000
vt 0.5968 1.7612 0.0000
vt 0.6046 1.7586 0.0000
vt 0.6132 1.7549 0.0000
vt 0.6219 1.7499 0.0000
vt 0.6147 1.7600 0.0000
vt 0.6246 1.7557 0.0000
vt 0.6061 1.7643 0.0000
vt 0.5982 1.7665 0.0000
vt 0.5902 1.7689 0.0000
vt 0.5788 1.7718 0.0000
vt 0.5096 1.7820 0.0000
vt 0.5179 1.7811 0.0000
vt 0.5257 1.7791 0.0000
vt 0.5416 1.7690 0.0000
vt 0.5368 1.7747 0.0000
vt 0.4529 1.7785 0.0000
vt 0.4644 1.7849 0.0000
vt 0.4622 1.7924 0.0000
vt 0.4487 1.7849 0.0000
vt 0.4766 1.7896 0.0000
vt 0.4762 1.7982 0.0000
vt 0.4891 1.7912 0.0000
vt 0.5011 1.7889 0.0000
vt 0.5108 1.7862 0.0000
vt 0.5192 1.7843 0.0000
vt 0.5283 1.7817 0.0000
vt 0.5472 1.7760 0.0000
vt 0.5419 1.7802 0.0000
vt 0.4917 1.8015 0.0000
vt 0.5052 1.7987 0.0000
vt 0.5149 1.7951 0.0000
vt 0.5232 1.7912 0.0000
vt 0.5332 1.7861 0.0000
vt 0.5519 1.7836 0.0000
vt 0.5478 1.7869 0.0000
vt 0.4910 1.6442 0.0000
vt 0.4853 1.6449 0.0000
vt 0.4856 1.6424 0.0000
vt 0.4912 1.6416 0.0000
vt 0.4963 1.6397 0.0000
vt 0.4975 1.6426 0.0000
vt 0.5028 1.6396 0.0000
vt 0.5023 1.6370 0.0000
vt 0.5091 1.6373 0.0000
vt 0.5083 1.6352 0.0000
vt 0.5142 1.6340 0.0000
vt 0.5146 1.6364 0.0000
vt 0.5200 1.6335 0.0000
vt 0.5185 1.6314 0.0000
vt 0.5231 1.6285 0.0000
vt 0.5250 1.6301 0.0000
vt 0.5284 1.6246 0.0000
vt 0.5305 1.6260 0.0000
vt 0.5167 1.6289 0.0000
vt 0.5217 1.6267 0.0000
vt 0.5126 1.6311 0.0000
vt 0.5073 1.6327 0.0000
vt 0.5018 1.6344 0.0000
vt 0.4795 1.6447 0.0000
vt 0.4807 1.6424 0.0000
vt 0.4864 1.6399 0.0000
vt 0.4910 1.6381 0.0000
vt 0.4957 1.6370 0.0000
vt 0.5263 1.6241 0.0000
vt 0.4798 1.6470 0.0000
vt 0.4864 1.6477 0.0000
vt 0.4925 1.6470 0.0000
vt 0.4994 1.6460 0.0000
vt 0.5048 1.6428 0.0000
vt 0.5100 1.6404 0.0000
vt 0.5156 1.6392 0.0000
vt 0.5213 1.6364 0.0000
vt 0.5265 1.6322 0.0000
vt 0.5321 1.6281 0.0000
vt 0.4811 1.6498 0.0000
vt 0.4873 1.6505 0.0000
vt 0.4832 1.6517 0.0000
vt 0.4874 1.6524 0.0000
vt 0.4932 1.6501 0.0000
vt 0.4933 1.6532 0.0000
vt 0.5004 1.6483 0.0000
vt 0.5013 1.6518 0.0000
vt 0.5060 1.6452 0.0000
vt 0.5109 1.6434 0.0000
vt 0.5076 1.6468 0.0000
vt 0.5114 1.6456 0.0000
vt 0.5167 1.6421 0.0000
vt 0.5169 1.6450 0.0000
vt 0.5279 1.6345 0.0000
vt 0.5232 1.6393 0.0000
vt 0.5229 1.6427 0.0000
vt 0.5263 1.6394 0.0000
vt 0.5048 1.6498 0.0000
vt 0.5329 1.6302 0.0000
vt 0.5298 1.6348 0.0000
vt 0.4753 1.6478 0.0000
vt 0.4738 1.6442 0.0000
vt 0.4783 1.6509 0.0000
vt 0.4820 1.6532 0.0000
vt 0.4872 1.6539 0.0000
vt 0.4931 1.6543 0.0000
vt 0.5012 1.6533 0.0000
vt 0.5054 1.6513 0.0000
vt 0.5082 1.6480 0.0000
vt 0.5113 1.6470 0.0000
vt 0.5163 1.6472 0.0000
vt 0.5235 1.6445 0.0000
vt 0.5282 1.6400 0.0000
vt 0.5324 1.6342 0.0000
vt 0.5356 1.6277 0.0000
vt 0.5353 1.6246 0.0000
vt 0.5340 1.6229 0.0000
vt 0.5325 1.6212 0.0000
vt 0.5286 1.6216 0.0000
vt 0.5251 1.6229 0.0000
vt 0.5202 1.6246 0.0000
vt 0.5155 1.6264 0.0000
vt 0.5114 1.6282 0.0000
vt 0.5061 1.6301 0.0000
vt 0.5010 1.6319 0.0000
vt 0.4953 1.6335 0.0000
vt 0.4887 1.6359 0.0000
vt 0.4815 1.6400 0.0000
vt 0.4746 1.6418 0.0000
vt 0.5077 1.6514 0.0000
vt 0.5092 1.6495 0.0000
vt 0.5144 1.6487 0.0000
vt 0.5115 1.6486 0.0000
vt 0.5047 1.6535 0.0000
vt 0.5076 1.6532 0.0000
vt 0.5101 1.6521 0.0000
vt 0.5127 1.6511 0.0000
vt 0.5155 1.6503 0.0000
vt 0.5184 1.6486 0.0000
vt 0.5108 1.6545 0.0000
vt 0.5078 1.6555 0.0000
vt 0.5083 1.6582 0.0000
vt 0.5114 1.6571 0.0000
vt 0.5137 1.6535 0.0000
vt 0.5169 1.6525 0.0000
vt 0.5147 1.6561 0.0000
vt 0.5184 1.6550 0.0000
vt 0.5046 1.6562 0.0000
vt 0.5009 1.6546 0.0000
vt 0.4930 1.6557 0.0000
vt 0.4866 1.6554 0.0000
vt 0.4808 1.6553 0.0000
vt 0.4761 1.6533 0.0000
vt 0.4724 1.6496 0.0000
vt 0.4710 1.6452 0.0000
vt 0.4711 1.6418 0.0000
vt 0.4782 1.6373 0.0000
vt 0.4863 1.6335 0.0000
vt 0.4935 1.6308 0.0000
vt 0.4994 1.6290 0.0000
vt 0.5046 1.6271 0.0000
vt 0.5102 1.6252 0.0000
vt 0.5142 1.6235 0.0000
vt 0.5196 1.6218 0.0000
vt 0.5249 1.6205 0.0000
vt 0.5290 1.6194 0.0000
vt 0.5339 1.6189 0.0000
vt 0.5358 1.6211 0.0000
vt 0.5375 1.6237 0.0000
vt 0.5383 1.6274 0.0000
vt 0.5343 1.6353 0.0000
vt 0.5295 1.6406 0.0000
vt 0.5248 1.6454 0.0000
vt 0.5205 1.6510 0.0000
vt 0.5047 1.6592 0.0000
vt 0.5007 1.6572 0.0000
vt 0.4924 1.6584 0.0000
vt 0.4863 1.6584 0.0000
vt 0.4806 1.6579 0.0000
vt 0.4746 1.6554 0.0000
vt 0.4702 1.6513 0.0000
vt 0.4680 1.6463 0.0000
vt 0.4685 1.6403 0.0000
vt 0.4757 1.6347 0.0000
vt 0.4843 1.6308 0.0000
vt 0.4918 1.6281 0.0000
vt 0.4981 1.6262 0.0000
vt 0.5035 1.6241 0.0000
vt 0.5090 1.6222 0.0000
vt 0.5134 1.6200 0.0000
vt 0.5194 1.6179 0.0000
vt 0.5250 1.6165 0.0000
vt 0.5303 1.6152 0.0000
vt 0.5358 1.6156 0.0000
vt 0.5393 1.6187 0.0000
vt 0.5416 1.6231 0.0000
vt 0.5420 1.6286 0.0000
vt 0.5386 1.6369 0.0000
vt 0.5331 1.6429 0.0000
vt 0.5274 1.6479 0.0000
vt 0.5002 1.6601 0.0000
vt 0.4916 1.6623 0.0000
vt 0.4852 1.6621 0.0000
vt 0.4792 1.6612 0.0000
vt 0.4726 1.6581 0.0000
vt 0.4676 1.6530 0.0000
vt 0.4654 1.6464 0.0000
vt 0.4666 1.6389 0.0000
vt 0.4736 1.6321 0.0000
vt 0.4826 1.6279 0.0000
vt 0.4907 1.6255 0.0000
vt 0.4972 1.6240 0.0000
vt 0.5024 1.6223 0.0000
vt 0.5079 1.6198 0.0000
vt 0.5124 1.6164 0.0000
vt 0.5191 1.6132 0.0000
vt 0.5257 1.6107 0.0000
vt 0.5325 1.6090 0.0000
vt 0.5385 1.6098 0.0000
vt 0.5445 1.6148 0.0000
vt 0.5476 1.6215 0.0000
vt 0.5488 1.6299 0.0000
vt 0.5441 1.6390 0.0000
vt 0.5382 1.6464 0.0000
vt 0.5305 1.6508 0.0000
vt 0.5295 1.6625 0.0000
vt 0.5316 1.6635 0.0000
vt 0.5315 1.6666 0.0000
vt 0.5275 1.6648 0.0000
vt 0.5413 1.6617 0.0000
vt 0.5402 1.6646 0.0000
vt 0.5391 1.6623 0.0000
vt 0.5397 1.6578 0.0000
vt 0.5377 1.6599 0.0000
vt 0.5358 1.6566 0.0000
vt 0.5361 1.6587 0.0000
vt 0.5318 1.6579 0.0000
vt 0.5338 1.6599 0.0000
vt 0.5349 1.6613 0.0000
vt 0.5356 1.6635 0.0000
vt 0.5363 1.6665 0.0000
vt 0.5323 1.6617 0.0000
vt 0.5290 1.6607 0.0000
vt 0.5246 1.6612 0.0000
vt 0.5227 1.6670 0.0000
vt 0.5250 1.6708 0.0000
vt 0.5304 1.6725 0.0000
vt 0.5368 1.6718 0.0000
vt 0.5419 1.6675 0.0000
vt 0.5434 1.6624 0.0000
vt 0.5343 1.6545 0.0000
vt 0.5391 1.6554 0.0000
vt 0.5419 1.6576 0.0000
vt 0.5281 1.6561 0.0000
vt 0.5231 1.6532 0.0000
vt 0.5337 1.6528 0.0000
vt 0.5255 1.6556 0.0000
vt 0.5433 1.6500 0.0000
vt 0.5400 1.6537 0.0000
vt 0.5440 1.6571 0.0000
vt 0.5439 1.6543 0.0000
vt 0.5456 1.6630 0.0000
vt 0.5391 1.6745 0.0000
vt 0.5306 1.6751 0.0000
vt 0.5505 1.6770 0.0000
vt 0.5514 1.6803 0.0000
vt 0.5465 1.6803 0.0000
vt 0.5465 1.6760 0.0000
vt 0.5441 1.6689 0.0000
vt 0.5514 1.6644 0.0000
vt 0.5535 1.6696 0.0000
vt 0.5520 1.6698 0.0000
vt 0.5496 1.6655 0.0000
vt 0.5485 1.6606 0.0000
vt 0.5546 1.6745 0.0000
vt 0.5524 1.6742 0.0000
vt 0.5485 1.6712 0.0000
vt 0.5539 1.6779 0.0000
vt 0.5387 1.6780 0.0000
vt 0.5491 1.6574 0.0000
vt 0.5530 1.6629 0.0000
vt 0.5554 1.6692 0.0000
vt 0.5566 1.6755 0.0000
vt 0.5558 1.6809 0.0000
vt 0.5524 1.6840 0.0000
vt 0.5468 1.6845 0.0000
vt 0.5386 1.6816 0.0000
vt 0.5321 1.6783 0.0000
vt 0.5514 1.6529 0.0000
vt 0.5497 1.6412 0.0000
vt 0.5546 1.6305 0.0000
vt 0.5548 1.6188 0.0000
vt 0.5514 1.6096 0.0000
vt 0.5421 1.6036 0.0000
vt 0.5336 1.6026 0.0000
vt 0.5255 1.6046 0.0000
vt 0.5182 1.6086 0.0000
vt 0.5116 1.6135 0.0000
vt 0.5066 1.6184 0.0000
vt 0.5017 1.6213 0.0000
vt 0.4965 1.6226 0.0000
vt 0.4897 1.6228 0.0000
vt 0.4809 1.6239 0.0000
vt 0.4704 1.6287 0.0000
vt 0.4625 1.6369 0.0000
vt 0.4613 1.6466 0.0000
vt 0.4640 1.6552 0.0000
vt 0.4696 1.6618 0.0000
vt 0.4766 1.6659 0.0000
vt 0.4834 1.6675 0.0000
vt 0.4996 1.6804 0.0000
vt 0.4966 1.6799 0.0000
vt 0.4950 1.6776 0.0000
vt 0.4984 1.6774 0.0000
vt 0.5088 1.6726 0.0000
vt 0.5099 1.6781 0.0000
vt 0.5052 1.6752 0.0000
vt 0.5023 1.6765 0.0000
vt 0.5046 1.6800 0.0000
vt 0.5045 1.6714 0.0000
vt 0.5093 1.6704 0.0000
vt 0.4943 1.6740 0.0000
vt 0.4975 1.6742 0.0000
vt 0.5008 1.6736 0.0000
vt 0.5010 1.6692 0.0000
vt 0.4999 1.6719 0.0000
vt 0.4976 1.6717 0.0000
vt 0.4956 1.6710 0.0000
vt 0.4978 1.6697 0.0000
vt 0.4943 1.6698 0.0000
vt 0.4978 1.6672 0.0000
vt 0.5022 1.6662 0.0000
vt 0.5066 1.6688 0.0000
vt 0.5119 1.6685 0.0000
vt 0.5138 1.6742 0.0000
vt 0.5123 1.6790 0.0000
vt 0.5073 1.6836 0.0000
vt 0.5010 1.6844 0.0000
vt 0.4963 1.6825 0.0000
vt 0.4930 1.6788 0.0000
vt 0.4924 1.6739 0.0000
vt 0.5133 1.6796 0.0000
vt 0.5147 1.6744 0.0000
vt 0.5193 1.6579 0.0000
vt 0.5215 1.6613 0.0000
vt 0.5203 1.6675 0.0000
vt 0.5241 1.6724 0.0000
vt 0.5156 1.6681 0.0000
vt 0.5163 1.6748 0.0000
vt 0.5138 1.6685 0.0000
vt 0.5093 1.6609 0.0000
vt 0.5052 1.6625 0.0000
vt 0.4985 1.6658 0.0000
vt 0.5042 1.6646 0.0000
vt 0.5085 1.6645 0.0000
vt 0.5120 1.6599 0.0000
vt 0.5154 1.6590 0.0000
vt 0.5119 1.6631 0.0000
vt 0.5183 1.6622 0.0000
vt 0.5177 1.6671 0.0000
vt 0.5157 1.6628 0.0000
vt 0.5091 1.6850 0.0000
vt 0.5016 1.6862 0.0000
vt 0.4954 1.6843 0.0000
vt 0.4917 1.6798 0.0000
vt 0.4910 1.6740 0.0000
vt 0.4937 1.6687 0.0000
vt 0.4992 1.6642 0.0000
vt 0.4906 1.6679 0.0000
vt 0.4928 1.6684 0.0000
vt 0.4894 1.6754 0.0000
vt 0.5378 1.7579 0.0000
vt 0.5344 1.7498 0.0000
vt 0.5314 1.7431 0.0000
vt 0.5283 1.7367 0.0000
vt 0.5250 1.7302 0.0000
vt 0.5204 1.7238 0.0000
vt 0.4910 1.6812 0.0000
vt 0.4953 1.6861 0.0000
vt 0.5022 1.6882 0.0000
vt 0.5096 1.6875 0.0000
vt 0.5075 1.6915 0.0000
vt 0.5029 1.6920 0.0000
vt 0.4908 1.6850 0.0000
vt 0.4957 1.6902 0.0000
vt 0.5042 1.6964 0.0000
vt 0.4980 1.6970 0.0000
vt 0.4938 1.6927 0.0000
vt 0.4911 1.6887 0.0000
vt 0.4913 1.6915 0.0000
vt 0.4928 1.6944 0.0000
vt 0.4947 1.6966 0.0000
vt 0.4870 1.6744 0.0000
vt 0.4879 1.6822 0.0000
vt 0.4884 1.6877 0.0000
vt 0.4898 1.6920 0.0000
vt 0.4913 1.6963 0.0000
vt 0.4940 1.7001 0.0000
vt 0.4990 1.7017 0.0000
vt 0.5060 1.6996 0.0000
vt 0.5087 1.6947 0.0000
vt 0.5126 1.6898 0.0000
vt 0.5149 1.6809 0.0000
vt 0.5197 1.6730 0.0000
vt 0.5264 1.6778 0.0000
vt 0.5183 1.6796 0.0000
vt 0.5169 1.6861 0.0000
vt 0.5311 1.7276 0.0000
vt 0.5272 1.7207 0.0000
vt 0.5345 1.7346 0.0000
vt 0.5376 1.7417 0.0000
vt 0.5406 1.7491 0.0000
vt 0.5431 1.7566 0.0000
vt 0.5449 1.7639 0.0000
vt 0.5507 1.7733 0.0000
vt 0.5554 1.7822 0.0000
vt 0.5221 1.6784 0.0000
vt 0.5206 1.6849 0.0000
vt 0.5232 1.6898 0.0000
vt 0.5188 1.6920 0.0000
vt 0.5332 1.7182 0.0000
vt 0.5364 1.7256 0.0000
vt 0.5395 1.7330 0.0000
vt 0.5426 1.7404 0.0000
vt 0.5454 1.7479 0.0000
vt 0.5480 1.7554 0.0000
vt 0.5506 1.7631 0.0000
vt 0.5247 1.6840 0.0000
vt 0.5275 1.6893 0.0000
vt 0.5385 1.7168 0.0000
vt 0.5413 1.7244 0.0000
vt 0.5441 1.7319 0.0000
vt 0.5470 1.7392 0.0000
vt 0.5436 1.7161 0.0000
vt 0.5460 1.7236 0.0000
vt 0.5485 1.7309 0.0000
vt 0.5496 1.7158 0.0000
vt 0.5513 1.7231 0.0000
vt 0.5534 1.7300 0.0000
vt 0.5558 1.7151 0.0000
vt 0.5572 1.7222 0.0000
vt 0.5589 1.7283 0.0000
vt 0.5613 1.7137 0.0000
vt 0.5621 1.7211 0.0000
vt 0.5658 1.7207 0.0000
vt 0.5630 1.7265 0.0000
vt 0.5499 1.7464 0.0000
vt 0.5526 1.7538 0.0000
vt 0.5512 1.7381 0.0000
vt 0.5584 1.7607 0.0000
vt 0.5581 1.7515 0.0000
vt 0.5542 1.7447 0.0000
vt 0.5556 1.7370 0.0000
vt 0.5617 1.7467 0.0000
vt 0.5581 1.7426 0.0000
vt 0.5605 1.7353 0.0000
vt 0.5656 1.7430 0.0000
vt 0.5616 1.7395 0.0000
vt 0.5683 1.7396 0.0000
vt 0.5638 1.7337 0.0000
vt 0.5658 1.7368 0.0000
vt 0.5673 1.7265 0.0000
vt 0.5712 1.7327 0.0000
vt 0.5687 1.7300 0.0000
vt 0.5727 1.7276 0.0000
vt 0.5712 1.7222 0.0000
vt 0.5707 1.7260 0.0000
vt 0.5545 1.7716 0.0000
vt 0.5584 1.7696 0.0000
vt 0.5549 1.7617 0.0000
vt 0.5232 1.7137 0.0000
vt 0.5302 1.7111 0.0000
vt 0.5255 1.6968 0.0000
vt 0.5301 1.6954 0.0000
vt 0.5357 1.7096 0.0000
vt 0.5277 1.7039 0.0000
vt 0.5329 1.7026 0.0000
vt 0.5412 1.7090 0.0000
vt 0.5289 1.6833 0.0000
vt 0.5325 1.6839 0.0000
vt 0.4815 1.6737 0.0000
vt 0.4854 1.6811 0.0000
vt 0.4856 1.6874 0.0000
vt 0.4874 1.6931 0.0000
vt 0.4904 1.6982 0.0000
vt 0.4942 1.7026 0.0000
vt 0.5006 1.7050 0.0000
vt 0.5087 1.7028 0.0000
vt 0.5205 1.6982 0.0000
vt 0.5122 1.6970 0.0000
vt 0.5147 1.6942 0.0000
vt 0.5152 1.6989 0.0000
vt 0.5133 1.7167 0.0000
vt 0.5125 1.7070 0.0000
vt 0.5212 1.7057 0.0000
vt 0.5566 1.6447 0.0000
vt 0.5569 1.6591 0.0000
vt 0.5593 1.6676 0.0000
vt 0.5598 1.6764 0.0000
vt 0.5577 1.6839 0.0000
vt 0.5530 1.6885 0.0000
vt 0.5460 1.6896 0.0000
vt 0.5480 1.7089 0.0000
vt 0.5544 1.7080 0.0000
vt 0.5600 1.7064 0.0000
vt 0.5657 1.7035 0.0000
vt 0.5712 1.6876 0.0000
vt 0.5466 1.7022 0.0000
vt 0.5536 1.7012 0.0000
vt 0.5609 1.6883 0.0000
vt 0.5546 1.6948 0.0000
vt 0.5641 1.6951 0.0000
vt 0.5581 1.6995 0.0000
vt 0.5665 1.6779 0.0000
vt 0.5609 1.6321 0.0000
vt 0.5608 1.6172 0.0000
vt 0.5553 1.6054 0.0000
vt 0.5455 1.5972 0.0000
vt 0.5343 1.5948 0.0000
vt 0.5241 1.5973 0.0000
vt 0.5160 1.6024 0.0000
vt 0.5099 1.6082 0.0000
vt 0.5047 1.6136 0.0000
vt 0.5000 1.6170 0.0000
vt 0.4950 1.6180 0.0000
vt 0.4879 1.6181 0.0000
vt 0.4784 1.6190 0.0000
vt 0.4654 1.6231 0.0000
vt 0.4574 1.6349 0.0000
vt 0.4551 1.6476 0.0000
vt 0.4588 1.6589 0.0000
vt 0.4656 1.6675 0.0000
vt 0.4740 1.6722 0.0000
vt 0.4803 1.6808 0.0000
vt 0.4803 1.6885 0.0000
vt 0.4719 1.6798 0.0000
vt 0.4608 1.6740 0.0000
vt 0.4526 1.6632 0.0000
vt 0.4478 1.6487 0.0000
vt 0.4489 1.6320 0.0000
vt 0.4931 1.6124 0.0000
vt 0.4864 1.6127 0.0000
vt 0.4978 1.6112 0.0000
vt 0.5023 1.6081 0.0000
vt 0.5072 1.6029 0.0000
vt 0.5130 1.5962 0.0000
vt 0.5217 1.5889 0.0000
vt 0.5350 1.5853 0.0000
vt 0.5504 1.5877 0.0000
vt 0.5627 1.6000 0.0000
vt 0.5690 1.6171 0.0000
vt 0.5691 1.6363 0.0000
vt 0.5642 1.6525 0.0000
vt 0.5656 1.6642 0.0000
vt 0.5761 1.6730 0.0000
vt 0.5722 1.6582 0.0000
vt 0.5886 1.6598 0.0000
vt 0.5825 1.6419 0.0000
vt 0.6032 1.6543 0.0000
vt 0.6174 1.6546 0.0000
vt 0.6299 1.6594 0.0000
vt 0.6399 1.6671 0.0000
vt 0.6485 1.6767 0.0000
vt 0.6544 1.6891 0.0000
vt 0.6536 1.7039 0.0000
vt 0.6488 1.7145 0.0000
vt 0.4724 1.7124 0.0000
vt 0.4599 1.7141 0.0000
vt 0.4476 1.7196 0.0000
vt 0.4374 1.7294 0.0000
vt 0.4304 1.7415 0.0000
vt 0.4275 1.7544 0.0000
vt 0.4285 1.7673 0.0000
vt 0.4368 1.7784 0.0000
vt 0.4462 1.7899 0.0000
vt 0.4295 1.7838 0.0000
vt 0.4408 1.7975 0.0000
vt 0.4597 1.7991 0.0000
vt 0.4583 1.8063 0.0000
vt 0.4741 1.8064 0.0000
vt 0.4743 1.8120 0.0000
vt 0.4913 1.8121 0.0000
vt 0.5085 1.8096 0.0000
vt 0.5202 1.8036 0.0000
vt 0.5279 1.7982 0.0000
vt 0.5377 1.7925 0.0000
vt 0.5709 1.7802 0.0000
vt 0.5811 1.7792 0.0000
vt 0.5929 1.7756 0.0000
vt 0.6003 1.7723 0.0000
vt 0.6094 1.7715 0.0000
vt 0.6190 1.7673 0.0000
vt 0.6273 1.7594 0.0000
vt 0.6362 1.7470 0.0000
vt 0.6467 1.7292 0.0000
vt 0.4705 1.7020 0.0000
vt 0.4557 1.7016 0.0000
vt 0.4822 1.6957 0.0000
vt 0.4718 1.6900 0.0000
vt 0.4528 1.6839 0.0000
vt 0.4814 1.7043 0.0000
vt 0.4890 1.7018 0.0000
vt 0.4847 1.7126 0.0000
vt 0.4965 1.7180 0.0000
vt 0.5027 1.7085 0.0000
vt 0.4950 1.7064 0.0000
vt 0.5024 1.7139 0.0000
vt 0.4877 1.7073 0.0000
vt 0.4954 1.7116 0.0000
vt 0.5367 1.6875 0.0000
vt 0.5459 1.6956 0.0000
vt 0.5358 1.6942 0.0000
vt 0.5313 1.6875 0.0000
vt 0.5388 1.7021 0.0000
vt 0.5823 1.6161 0.0000
vt 0.6018 1.6375 0.0000
vt 0.6197 1.6393 0.0000
vt 0.6361 1.6463 0.0000
vt 0.6473 1.6568 0.0000
vt 0.6581 1.6690 0.0000
vt 0.6541 1.6467 0.0000
vt 0.6632 1.6641 0.0000
vt 0.6634 1.6834 0.0000
vt 0.6744 1.6765 0.0000
vt 0.6661 1.6981 0.0000
vt 0.6773 1.6843 0.0000
vt 0.5755 1.5922 0.0000
vt 0.6014 1.6150 0.0000
vt 0.6234 1.6198 0.0000
vt 0.6465 1.6330 0.0000
vt 0.5968 1.5891 0.0000
vt 0.6248 1.5949 0.0000
vt 0.6567 1.6139 0.0000
vt 0.4401 1.7069 0.0000
vt 0.4267 1.7193 0.0000
vt 0.4170 1.7358 0.0000
vt 0.4142 1.7528 0.0000
vt 0.4158 1.7711 0.0000
vt 0.3991 1.7486 0.0000
vt 0.4018 1.7566 0.0000
vt 0.5040 1.5979 0.0000
vt 0.5086 1.5903 0.0000
vt 0.4857 1.6068 0.0000
vt 0.4917 1.6065 0.0000
vt 0.4952 1.6056 0.0000
vt 0.4996 1.6025 0.0000
vt 0.4863 1.6019 0.0000
vt 0.4916 1.6009 0.0000
vt 0.4966 1.5968 0.0000
vt 0.5008 1.5944 0.0000
vt 0.6276 1.5664 0.0000
vt 0.5844 1.5588 0.0000
vt 0.5583 1.5695 0.0000
vt 0.5020 1.5877 0.0000
vt 0.4945 1.5887 0.0000
vt 0.4871 1.5926 0.0000
vt 0.4808 1.5978 0.0000
vt 0.4775 1.6053 0.0000
vt 0.4774 1.6128 0.0000
vt 0.4658 1.6146 0.0000
vt 0.4567 1.6190 0.0000
vt 0.4480 1.6065 0.0000
vt 0.4651 1.6041 0.0000
vt 0.4713 1.5919 0.0000
vt 0.4596 1.5868 0.0000
vt 0.4811 1.5833 0.0000
vt 0.4482 1.5793 0.0000
vt 0.4667 1.5664 0.0000
vt 0.4739 1.5744 0.0000
vt 0.4930 1.5776 0.0000
vt 0.4921 1.5650 0.0000
vt 0.4904 1.5545 0.0000
vt 0.5056 1.5762 0.0000
vt 0.5118 1.5634 0.0000
vt 0.5345 1.5725 0.0000
vt 0.5306 1.5606 0.0000
vt 0.5478 1.5489 0.0000
vt 0.5163 1.5779 0.0000
vt 0.5154 1.5448 0.0000
vt 0.4736 1.8152 0.0000
vt 0.4809 1.8216 0.0000
vt 0.4890 1.8210 0.0000
vt 0.4981 1.8274 0.0000
vt 0.6416 1.7523 0.0000
vt 0.6511 1.7369 0.0000
vt 0.4922 1.8179 0.0000
vt 0.5130 1.8185 0.0000
vt 0.5245 1.8129 0.0000
vt 0.6127 1.7776 0.0000
vt 0.6220 1.7722 0.0000
vt 0.6299 1.7635 0.0000
vt 0.6379 1.7661 0.0000
vt 0.6310 1.7693 0.0000
vt 0.6251 1.7775 0.0000
vt 0.5962 1.7820 0.0000
vt 0.6031 1.7783 0.0000
vt 0.5545 1.7891 0.0000
vt 0.5532 1.7938 0.0000
vt 0.5439 1.8006 0.0000
vt 0.5323 1.8432 0.0000
vt 0.5251 1.8403 0.0000
vt 0.5346 1.8356 0.0000
vt 0.5413 1.8409 0.0000
vt 0.6164 1.7862 0.0000
vt 0.6086 1.7916 0.0000
vt 0.6018 1.7959 0.0000
vt 0.6127 1.7995 0.0000
vt 0.6207 1.7918 0.0000
vt 0.6177 1.8044 0.0000
vt 0.6252 1.7951 0.0000
vt 0.6053 1.8053 0.0000
vt 0.5919 1.8019 0.0000
vt 0.5958 1.8118 0.0000
vt 0.5850 1.7884 0.0000
vt 0.5808 1.8059 0.0000
vt 0.5852 1.8172 0.0000
vt 0.6090 1.8124 0.0000
vt 0.6002 1.8202 0.0000
vt 0.5581 1.7916 0.0000
vt 0.5592 1.7808 0.0000
vt 0.5651 1.7901 0.0000
vt 0.5609 1.8037 0.0000
vt 0.5622 1.7802 0.0000
vt 0.5713 1.8078 0.0000
vt 0.5722 1.8216 0.0000
vt 0.5668 1.7801 0.0000
vt 0.5729 1.7892 0.0000
vt 0.5137 1.8351 0.0000
vt 0.5261 1.8296 0.0000
vt 0.5560 1.8147 0.0000
vt 0.5455 1.8312 0.0000
vt 0.5512 1.8385 0.0000
vt 0.5891 1.8293 0.0000
vt 0.5749 1.8327 0.0000
vt 0.5571 1.8254 0.0000
vt 0.5358 1.8068 0.0000
vt 0.5463 1.8206 0.0000
vt 0.5368 1.8255 0.0000
vt 0.5013 1.5306 0.0000
vt 0.5206 1.5272 0.0000
vt 0.4818 1.5381 0.0000
vt 0.3420 1.4667 0.0000
vt 0.3620 1.4669 0.0000
vt 0.3619 1.4979 0.0000
vt 0.3414 1.4997 0.0000
vt 0.3862 1.4723 0.0000
vt 0.3848 1.4989 0.0000
vt 0.4487 1.5004 0.0000
vt 0.4308 1.4886 0.0000
vt 0.4407 1.4733 0.0000
vt 0.4638 1.4880 0.0000
vt 0.4626 1.5145 0.0000
vt 0.4817 1.5048 0.0000
vt 0.4589 1.5496 0.0000
vt 0.4732 1.5279 0.0000
vt 0.4937 1.5196 0.0000
vt 0.4387 1.5620 0.0000
vt 0.4526 1.5379 0.0000
vt 0.4447 1.5249 0.0000
vt 0.4087 1.4785 0.0000
vt 0.4046 1.5009 0.0000
vt 0.4236 1.5050 0.0000
vt 0.4353 1.5122 0.0000
vt 0.4228 1.5187 0.0000
vt 0.4271 1.5339 0.0000
vt 0.4050 1.5226 0.0000
vt 0.3844 1.5257 0.0000
vt 0.3618 1.5283 0.0000
vt 0.3395 1.5299 0.0000
vt 0.3608 1.5566 0.0000
vt 0.3372 1.5593 0.0000
vt 0.4327 1.5483 0.0000
vt 0.4075 1.5418 0.0000
vt 0.4118 1.5591 0.0000
vt 0.3852 1.5494 0.0000
vt 0.3568 1.5882 0.0000
vt 0.3325 1.5869 0.0000
vt 0.3875 1.5713 0.0000
vt 0.4188 1.5750 0.0000
vt 0.3946 1.5889 0.0000
vt 0.3699 1.6078 0.0000
vt 0.4270 1.5992 0.0000
vt 0.3848 1.6279 0.0000
vt 0.4059 1.6115 0.0000
vt 0.4348 1.6249 0.0000
vt 0.4173 1.6353 0.0000
vt 0.4003 1.6486 0.0000
vt 0.4374 1.6499 0.0000
vt 0.4259 1.6565 0.0000
vt 0.4150 1.6693 0.0000
vt 0.4441 1.6671 0.0000
vt 0.4310 1.6872 0.0000
vt 0.4336 1.6705 0.0000
vt 0.4139 1.7052 0.0000
vt 0.3912 1.4528 0.0000
vt 0.4142 1.4573 0.0000
vt 0.3999 1.4399 0.0000
vt 0.4105 1.4311 0.0000
vt 0.4276 1.4447 0.0000
vt 0.3420 1.4457 0.0000
vt 0.3663 1.4423 0.0000
vt 0.3409 1.4223 0.0000
vt 0.3557 1.4213 0.0000
vt 0.3846 1.4235 0.0000
vt 0.3959 1.4139 0.0000
vt 0.4079 1.4104 0.0000
vt 0.4173 1.4245 0.0000
vt 0.3775 1.4155 0.0000
vt 0.3454 1.3994 0.0000
vt 0.3578 1.4033 0.0000
vt 0.3708 1.4002 0.0000
vt 0.3816 1.3963 0.0000
vt 0.3648 1.3946 0.0000
vt 0.3571 1.3944 0.0000
vt 0.3255 1.4250 0.0000
vt 0.3247 1.4462 0.0000
vt 0.3223 1.4700 0.0000
vt 0.3195 1.5017 0.0000
vt 0.3168 1.5313 0.0000
vt 0.3142 1.5601 0.0000
vt 0.3115 1.5860 0.0000
vt 0.2811 1.6450 0.0000
vt 0.2734 1.6363 0.0000
vt 0.2896 1.6398 0.0000
vt 0.2896 1.6495 0.0000
vt 0.3073 1.6141 0.0000
vt 0.2903 1.6126 0.0000
vt 0.2895 1.5852 0.0000
vt 0.2657 1.6120 0.0000
vt 0.2714 1.6254 0.0000
vt 0.2895 1.6262 0.0000
vt 0.7229 1.4330 0.0000
vt 0.7393 1.4359 0.0000
vt 0.7382 1.4407 0.0000
vt 0.7137 1.4481 0.0000
vt 0.6994 1.4242 0.0000
vt 0.6867 1.4410 0.0000
vt 0.3056 1.6281 0.0000
vt 0.3032 1.6470 0.0000
vt 0.2972 1.6573 0.0000
vt 0.3031 1.6637 0.0000
vt 0.2943 1.6692 0.0000
vt 0.3018 1.6784 0.0000
vt 0.3232 1.6166 0.0000
vt 0.3341 1.6209 0.0000
vt 0.3161 1.6306 0.0000
vt 0.3195 1.6475 0.0000
vt 0.3477 1.6329 0.0000
vt 0.3660 1.6488 0.0000
vt 0.3406 1.6609 0.0000
vt 0.3317 1.6544 0.0000
vt 0.3840 1.6665 0.0000
vt 0.3544 1.6944 0.0000
vt 0.3441 1.6899 0.0000
vt 0.3519 1.6704 0.0000
vt 0.3706 1.6827 0.0000
vt 0.4005 1.6857 0.0000
vt 0.3983 1.7279 0.0000
vt 0.3897 1.7012 0.0000
vt 0.3653 1.6995 0.0000
vt 0.3763 1.7084 0.0000
vt 0.3334 1.6803 0.0000
vt 0.3227 1.6750 0.0000
vt 0.3135 1.6679 0.0000
vt 0.3108 1.6773 0.0000
vt 0.5180 1.5144 0.0000
vt 0.5505 1.5262 0.0000
vt 0.5911 1.5302 0.0000
vt 0.6331 1.5409 0.0000
vt 0.6723 1.5646 0.0000
vt 0.6693 1.5822 0.0000
vt 0.6592 1.5497 0.0000
vt 0.6477 1.5737 0.0000
vt 0.6617 1.5436 0.0000
vt 0.6687 1.5372 0.0000
vt 0.6754 1.5544 0.0000
vt 0.6322 1.5178 0.0000
vt 0.6402 1.5002 0.0000
vt 0.6708 1.5189 0.0000
vt 0.6316 1.5312 0.0000
vt 0.5923 1.5186 0.0000
vt 0.5060 1.4970 0.0000
vt 0.5513 1.5127 0.0000
vt 0.6066 1.4799 0.0000
vt 0.5880 1.4986 0.0000
vt 0.5417 1.4916 0.0000
vt 0.5560 1.4754 0.0000
vt 0.5083 1.4679 0.0000
vt 0.4829 1.4743 0.0000
vt 0.4850 1.4560 0.0000
vt 0.4521 1.4596 0.0000
vt 0.4687 1.4301 0.0000
vt 0.4755 1.4122 0.0000
vt 0.4998 1.4214 0.0000
vt 0.4931 1.4408 0.0000
vt 0.4349 1.4297 0.0000
vt 0.4218 1.4098 0.0000
vt 0.4584 1.4417 0.0000
vt 0.4495 1.4087 0.0000
vt 0.4507 1.4234 0.0000
vt 0.2627 1.5861 0.0000
vt 0.2909 1.5600 0.0000
vt 0.2937 1.5313 0.0000
vt 0.2971 1.5008 0.0000
vt 0.3007 1.4704 0.0000
vt 0.3039 1.4467 0.0000
vt 0.3075 1.4300 0.0000
vt 0.2870 1.4311 0.0000
vt 0.2855 1.4477 0.0000
vt 0.2745 1.4317 0.0000
vt 0.2766 1.4492 0.0000
vt 0.2659 1.5573 0.0000
vt 0.2487 1.6035 0.0000
vt 0.2288 1.5975 0.0000
vt 0.2318 1.5780 0.0000
vt 0.2150 1.5857 0.0000
vt 0.2006 1.5581 0.0000
vt 0.1902 1.5735 0.0000
vt 0.1648 1.5505 0.0000
vt 0.1593 1.5665 0.0000
vt 0.1303 1.5682 0.0000
vt 0.1301 1.5548 0.0000
vt 0.2825 1.4654 0.0000
vt 0.2734 1.4969 0.0000
vt 0.2695 1.5289 0.0000
vt 0.2389 1.5508 0.0000
vt 0.5735 1.3455 0.0000
vt 0.5750 1.3503 0.0000
vt 0.5648 1.3568 0.0000
vt 0.5630 1.3507 0.0000
vt 0.5688 1.3353 0.0000
vt 0.5604 1.3417 0.0000
vt 0.5656 1.3273 0.0000
vt 0.5579 1.3332 0.0000
vt 0.5516 1.2896 0.0000
vt 0.5549 1.2897 0.0000
vt 0.5531 1.2920 0.0000
vt 0.5450 1.2990 0.0000
vt 0.5417 1.2984 0.0000
vt 0.5440 1.3013 0.0000
vt 0.5361 1.3063 0.0000
vt 0.5380 1.3112 0.0000
vt 0.5580 1.3438 0.0000
vt 0.5556 1.3351 0.0000
vt 0.5608 1.3532 0.0000
vt 0.5495 1.3517 0.0000
vt 0.5463 1.3406 0.0000
vt 0.5393 1.3572 0.0000
vt 0.5360 1.3449 0.0000
vt 0.5530 1.3589 0.0000
vt 0.5421 1.3666 0.0000
vt 0.5575 1.3680 0.0000
vt 0.5463 1.3772 0.0000
vt 0.5634 1.3609 0.0000
vt 0.5613 1.3743 0.0000
vt 0.5521 1.3867 0.0000
vt 0.5684 1.3672 0.0000
vt 0.5708 1.3330 0.0000
vt 0.5687 1.3239 0.0000
vt 0.5757 1.3435 0.0000
vt 0.5774 1.3522 0.0000
vt 0.5821 1.3562 0.0000
vt 0.5761 1.3173 0.0000
vt 0.5781 1.3245 0.0000
vt 0.5836 1.3324 0.0000
vt 0.5879 1.3387 0.0000
vt 0.5917 1.3447 0.0000
vt 0.2632 1.4325 0.0000
vt 0.2629 1.4521 0.0000
vt 0.2609 1.4681 0.0000
vt 0.2544 1.4963 0.0000
vt 0.2465 1.5233 0.0000
vt 0.2256 1.5142 0.0000
vt 0.2418 1.4937 0.0000
vt 0.1985 1.4425 0.0000
vt 0.2190 1.4359 0.0000
vt 0.2240 1.4623 0.0000
vt 0.2123 1.4719 0.0000
vt 0.2515 1.4331 0.0000
vt 0.2497 1.4527 0.0000
vt 0.2389 1.4569 0.0000
vt 0.2350 1.4309 0.0000
vt 0.2335 1.4766 0.0000
vt 0.2243 1.4897 0.0000
vt 0.2478 1.4683 0.0000
vt 0.2403 1.4695 0.0000
vt 0.1947 1.4778 0.0000
vt 0.1805 1.4483 0.0000
vt 0.2086 1.4995 0.0000
vt 0.2063 1.5347 0.0000
vt 0.1049 1.5763 0.0000
vt 0.0969 1.5603 0.0000
vt 0.0817 1.5930 0.0000
vt 0.0704 1.5873 0.0000
vt 0.0533 1.5787 0.0000
vt 0.0347 1.5776 0.0000
vt 0.0599 1.5404 0.0000
vt 0.0746 1.5497 0.0000
vt 0.7500 1.4273 0.0000
vt 0.7387 1.4191 0.0000
vt 0.7555 1.4035 0.0000
vt 0.7677 1.3911 0.0000
vt 0.7773 1.4021 0.0000
vt 0.7659 1.4141 0.0000
vt 0.7164 1.4089 0.0000
vt 0.7477 1.3828 0.0000
vt 0.7339 1.3925 0.0000
vt 0.6911 1.3931 0.0000
vt 0.6737 1.4100 0.0000
vt 0.7183 1.3681 0.0000
vt 0.7079 1.3783 0.0000
vt 0.1258 1.4270 0.0000
vt 0.1420 1.4130 0.0000
vt 0.1541 1.4307 0.0000
vt 0.1395 1.4399 0.0000
vt 0.1661 1.4573 0.0000
vt 0.1789 1.4858 0.0000
vt 0.1667 1.5333 0.0000
vt 0.1907 1.5099 0.0000
vt 0.1068 1.4519 0.0000
vt 0.1164 1.4586 0.0000
vt 0.1508 1.4660 0.0000
vt 0.1340 1.4770 0.0000
vt 0.1610 1.4938 0.0000
vt 0.5355 1.2719 0.0000
vt 0.5356 1.2782 0.0000
vt 0.5206 1.2819 0.0000
vt 0.5165 1.2797 0.0000
vt 0.5526 1.2767 0.0000
vt 0.5530 1.2719 0.0000
vt 0.5876 1.3108 0.0000
vt 0.5893 1.3155 0.0000
vt 0.5949 1.3204 0.0000
vt 0.5997 1.3279 0.0000
vt 0.6017 1.3369 0.0000
vt 0.6032 1.3228 0.0000
vt 0.6064 1.3309 0.0000
vt 0.6200 1.2117 0.0000
vt 0.6077 1.2150 0.0000
vt 0.6071 1.2128 0.0000
vt 0.6171 1.2070 0.0000
vt 0.5947 1.2219 0.0000
vt 0.6050 1.2119 0.0000
vt 0.6139 1.2044 0.0000
vt 0.6234 1.1978 0.0000
vt 0.6261 1.2007 0.0000
vt 0.6314 1.1953 0.0000
vt 0.6281 1.1923 0.0000
vt 0.6375 1.1881 0.0000
vt 0.6337 1.1855 0.0000
vt 0.6402 1.1799 0.0000
vt 0.6366 1.1794 0.0000
vt 0.6388 1.1701 0.0000
vt 0.6436 1.1693 0.0000
vt 0.6386 1.1599 0.0000
vt 0.6423 1.1579 0.0000
vt 0.5657 1.2734 0.0000
vt 0.5624 1.2777 0.0000
vt 0.5533 1.2632 0.0000
vt 0.5655 1.2648 0.0000
vt 0.5852 1.2979 0.0000
vt 0.5763 1.3011 0.0000
vt 0.5645 1.2852 0.0000
vt 0.5600 1.2847 0.0000
vt 0.5713 1.2917 0.0000
vt 0.5782 1.2843 0.0000
vt 0.5686 1.3080 0.0000
vt 0.5590 1.2929 0.0000
vt 0.5646 1.2990 0.0000
vt 0.5655 1.3100 0.0000
vt 0.5566 1.2948 0.0000
vt 0.5624 1.3024 0.0000
vt 0.5503 1.3033 0.0000
vt 0.5585 1.3193 0.0000
vt 0.5547 1.3115 0.0000
vt 0.5479 1.3052 0.0000
vt 0.5548 1.3204 0.0000
vt 0.5516 1.3124 0.0000
vt 0.5418 1.3179 0.0000
vt 0.5469 1.3303 0.0000
vt 0.5442 1.3247 0.0000
vt 0.5369 1.3339 0.0000
vt 0.5364 1.3278 0.0000
vt 0.5361 1.3216 0.0000
vt 0.5269 1.3077 0.0000
vt 0.5311 1.3183 0.0000
vt 0.5300 1.3269 0.0000
vt 0.5567 1.2528 0.0000
vt 0.5681 1.2559 0.0000
vt 0.5618 1.2426 0.0000
vt 0.5724 1.2454 0.0000
vt 0.5696 1.2346 0.0000
vt 0.5779 1.2410 0.0000
vt 0.5797 1.2263 0.0000
vt 0.5875 1.2333 0.0000
vt 0.5897 1.2164 0.0000
vt 0.5999 1.2063 0.0000
vt 0.6088 1.1979 0.0000
vt 0.6172 1.1909 0.0000
vt 0.6233 1.1845 0.0000
vt 0.6328 1.1703 0.0000
vt 0.6280 1.1789 0.0000
vt 0.6037 1.3433 0.0000
vt 0.6070 1.3394 0.0000
vt 0.6309 1.2081 0.0000
vt 0.6401 1.2014 0.0000
vt 0.6471 1.1907 0.0000
vt 0.6498 1.1797 0.0000
vt 0.6508 1.1670 0.0000
vt 0.6480 1.1551 0.0000
vt 0.6399 1.1498 0.0000
vt 0.6434 1.1446 0.0000
vt 0.5963 1.3514 0.0000
vt 0.6077 1.3435 0.0000
vt 0.6049 1.3477 0.0000
vt 0.6094 1.3454 0.0000
vt 0.6082 1.3490 0.0000
vt 0.6126 1.3470 0.0000
vt 0.6117 1.3439 0.0000
vt 0.6138 1.3378 0.0000
vt 0.6158 1.3421 0.0000
vt 0.6167 1.3319 0.0000
vt 0.6191 1.3343 0.0000
vt 0.6226 1.3216 0.0000
vt 0.6254 1.3239 0.0000
vt 0.6299 1.3154 0.0000
vt 0.6321 1.3179 0.0000
vt 0.6010 1.3557 0.0000
vt 0.5884 1.3619 0.0000
vt 0.5786 1.3756 0.0000
vt 0.5719 1.3863 0.0000
vt 0.5658 1.3995 0.0000
vt 0.6059 1.3575 0.0000
vt 0.5957 1.3659 0.0000
vt 0.5878 1.3806 0.0000
vt 0.5825 1.3914 0.0000
vt 0.6120 1.3565 0.0000
vt 0.6033 1.3680 0.0000
vt 0.5977 1.3832 0.0000
vt 0.5932 1.3936 0.0000
vt 0.6194 1.3520 0.0000
vt 0.6121 1.3676 0.0000
vt 0.6097 1.3822 0.0000
vt 0.6062 1.3932 0.0000
vt 0.6264 1.3444 0.0000
vt 0.6220 1.3633 0.0000
vt 0.6229 1.3763 0.0000
vt 0.6226 1.3868 0.0000
vt 0.6345 1.3359 0.0000
vt 0.6318 1.3553 0.0000
vt 0.6353 1.3653 0.0000
vt 0.6384 1.3741 0.0000
vt 0.6227 1.3956 0.0000
vt 0.6421 1.3825 0.0000
vt 0.6648 1.3719 0.0000
vt 0.6458 1.3837 0.0000
vt 0.6429 1.3301 0.0000
vt 0.6409 1.3455 0.0000
vt 0.6468 1.3542 0.0000
vt 0.6538 1.3623 0.0000
vt 0.6813 1.3611 0.0000
vt 0.6633 1.3702 0.0000
vt 0.6499 1.3373 0.0000
vt 0.6570 1.3444 0.0000
vt 0.6665 1.3523 0.0000
vt 0.6783 1.3602 0.0000
vt 0.6048 1.4030 0.0000
vt 0.5912 1.4061 0.0000
vt 0.5787 1.4058 0.0000
vt 0.5005 1.2529 0.0000
vt 0.4953 1.2725 0.0000
vt 0.4908 1.2566 0.0000
vt 0.1605 1.4062 0.0000
vt 0.1343 1.4082 0.0000
vt 0.1554 1.3988 0.0000
vt 0.1191 1.4145 0.0000
vt 0.0965 1.4447 0.0000
vt 0.0800 1.4858 0.0000
vt 0.0922 1.4921 0.0000
vt 0.0794 1.5157 0.0000
vt 0.0658 1.5111 0.0000
vt 0.0476 1.5349 0.0000
vt 0.0220 1.5691 0.0000
vt 0.7927 1.3932 0.0000
vt 0.7750 1.3818 0.0000
vt 0.7526 1.3704 0.0000
vt 0.7217 1.3574 0.0000
vt 0.6342 1.3151 0.0000
vt 0.6488 1.3248 0.0000
vt 0.6560 1.3298 0.0000
vt 0.6642 1.3354 0.0000
vt 0.6737 1.3447 0.0000
vt 0.6859 1.3554 0.0000
vt 0.6889 1.3564 0.0000
vt 0.6894 1.3435 0.0000
vt 0.6782 1.3429 0.0000
vt 0.6667 1.3318 0.0000
vt 0.6581 1.3261 0.0000
vt 0.6500 1.3209 0.0000
vt 0.6323 1.3124 0.0000
vt 0.6826 1.3341 0.0000
vt 0.6709 1.3239 0.0000
vt 0.6602 1.3178 0.0000
vt 0.6513 1.3117 0.0000
vt 0.5508 1.2398 0.0000
vt 0.5606 1.2308 0.0000
vt 0.5715 1.2215 0.0000
vt 0.5839 1.2106 0.0000
vt 0.5945 1.1997 0.0000
vt 0.6033 1.1905 0.0000
vt 0.6207 1.1758 0.0000
vt 0.6275 1.1639 0.0000
vt 0.6119 1.1834 0.0000
vt 0.6127 1.1689 0.0000
vt 0.6060 1.1767 0.0000
vt 0.6371 1.1503 0.0000
vt 0.6378 1.1465 0.0000
vt 0.6395 1.1416 0.0000
vt 0.6370 1.3022 0.0000
vt 0.6267 1.1436 0.0000
vt 0.6257 1.1524 0.0000
vt 0.6192 1.1594 0.0000
vt 0.5441 1.2511 0.0000
vt 0.5195 1.2662 0.0000
vt 0.5371 1.2611 0.0000
vt 0.5352 1.2509 0.0000
vt 0.5227 1.2542 0.0000
vt 0.5114 1.2584 0.0000
vt 0.4665 1.2686 0.0000
vt 0.4371 1.2711 0.0000
vt 0.4339 1.2577 0.0000
vt 0.4644 1.2563 0.0000
vt 0.4936 1.2386 0.0000
vt 0.5031 1.2427 0.0000
vt 0.5156 1.2433 0.0000
vt 0.5257 1.2425 0.0000
vt 0.5392 1.2374 0.0000
vt 0.5525 1.2294 0.0000
vt 0.5619 1.2188 0.0000
vt 0.5795 1.2048 0.0000
vt 0.5894 1.1925 0.0000
vt 0.5977 1.1816 0.0000
vt 0.6008 1.1719 0.0000
vt 0.6038 1.1643 0.0000
vt 0.6079 1.1527 0.0000
vt 0.6034 1.1374 0.0000
vt 0.6186 1.1263 0.0000
vt 0.5986 1.1264 0.0000
vt 0.6128 1.1155 0.0000
vt 0.5920 1.1155 0.0000
vt 0.6044 1.1044 0.0000
vt 0.5835 1.1036 0.0000
vt 0.5940 1.0901 0.0000
vt 0.5739 1.0914 0.0000
vt 0.5856 1.0772 0.0000
vt 0.5458 1.0635 0.0000
vt 0.5560 1.0515 0.0000
vt 0.5191 1.0453 0.0000
vt 0.5271 1.0323 0.0000
vt 0.5073 1.0180 0.0000
vt 0.4977 1.0286 0.0000
vt 0.4908 1.0058 0.0000
vt 0.4789 1.0139 0.0000
vt 0.0243 1.2923 0.0000
vt 0.0058 1.2527 0.0000
vt 0.0204 1.2524 0.0000
vt 0.0357 1.2889 0.0000
vt 0.0350 1.3240 0.0000
vt 0.0486 1.3182 0.0000
vt 0.0501 1.3549 0.0000
vt 0.0651 1.3488 0.0000
vt 0.0824 1.3917 0.0000
vt 0.0913 1.3823 0.0000
vt 0.1191 1.3983 0.0000
vt 0.1345 1.3982 0.0000
vt 0.1503 1.3915 0.0000
vt 0.1744 1.3870 0.0000
vt 0.1699 1.3818 0.0000
vt 0.2055 1.3686 0.0000
vt 0.2035 1.3596 0.0000
vt 0.2227 1.3447 0.0000
vt 0.2335 1.3511 0.0000
vt 0.2440 1.3196 0.0000
vt 0.2548 1.3282 0.0000
vt 0.4084 1.2741 0.0000
vt 0.4073 1.2583 0.0000
vt 0.2153 1.3385 0.0000
vt 0.2377 1.3071 0.0000
vt 0.1996 1.3533 0.0000
vt 0.1673 1.3715 0.0000
vt 0.1470 1.3821 0.0000
vt 0.1303 1.3854 0.0000
vt 0.1169 1.3856 0.0000
vt 0.1256 1.3734 0.0000
vt 0.0971 1.3729 0.0000
vt 0.0751 1.3397 0.0000
vt 0.0631 1.3106 0.0000
vt 0.0491 1.2810 0.0000
vt 0.0345 1.2482 0.0000
vt 0.4890 1.0405 0.0000
vt 0.4702 1.0250 0.0000
vt 0.5085 1.0564 0.0000
vt 0.5344 1.0827 0.0000
vt 0.5634 1.1020 0.0000
vt 0.5741 1.1147 0.0000
vt 0.5822 1.1250 0.0000
vt 0.5881 1.1347 0.0000
vt 0.5913 1.1428 0.0000
vt 0.5932 1.1654 0.0000
vt 0.5933 1.1549 0.0000
vt 0.5803 1.1580 0.0000
vt 0.5868 1.1772 0.0000
vt 0.5745 1.2009 0.0000
vt 0.5817 1.1866 0.0000
vt 0.5566 1.2148 0.0000
vt 0.5454 1.2236 0.0000
vt 0.5351 1.2291 0.0000
vt 0.5260 1.2341 0.0000
vt 0.5180 1.2347 0.0000
vt 0.5062 1.2317 0.0000
vt 0.4918 1.2300 0.0000
vt 0.0957 1.5250 0.0000
vt 0.1244 1.5371 0.0000
vt 0.1107 1.4970 0.0000
vt 0.1363 1.5087 0.0000
vt 0.1657 1.5131 0.0000
vt 0.1678 1.4169 0.0000
vt 0.1793 1.3937 0.0000
vt 0.2543 1.4179 0.0000
vt 0.2316 1.4152 0.0000
vt 0.2876 1.4183 0.0000
vt 0.2780 1.4113 0.0000
vt 0.2108 1.4130 0.0000
vt 0.1884 1.4217 0.0000
vt 0.1883 1.4037 0.0000
vt 0.2591 1.4129 0.0000
vt 0.3052 1.4112 0.0000
vt 0.3083 1.4179 0.0000
vt 0.2128 1.3783 0.0000
vt 0.2385 1.3635 0.0000
vt 0.2690 1.3412 0.0000
vt 0.4111 1.2917 0.0000
vt 0.3748 1.3013 0.0000
vt 0.3732 1.2820 0.0000
vt 0.4404 1.2865 0.0000
vt 0.4673 1.2817 0.0000
vt 0.5021 1.2737 0.0000
vt 0.5086 1.2756 0.0000
vt 0.5128 1.2783 0.0000
vt 0.4976 1.2921 0.0000
vt 0.4898 1.2992 0.0000
vt 0.5184 1.2898 0.0000
vt 0.5210 1.2963 0.0000
vt 0.5110 1.3004 0.0000
vt 0.5097 1.2892 0.0000
vt 0.5306 1.2934 0.0000
vt 0.5360 1.2839 0.0000
vt 0.5167 1.2847 0.0000
vt 0.5555 1.2827 0.0000
vt 0.5354 1.2868 0.0000
vt 0.5117 1.2816 0.0000
vt 0.5052 1.2882 0.0000
vt 0.5061 1.3030 0.0000
vt 0.5003 1.3095 0.0000
vt 0.5428 1.3813 0.0000
vt 0.5502 1.3929 0.0000
vt 0.5378 1.3699 0.0000
vt 0.5343 1.3586 0.0000
vt 0.5302 1.3458 0.0000
vt 0.5295 1.3333 0.0000
vt 0.5331 1.3720 0.0000
vt 0.5260 1.3595 0.0000
vt 0.5196 1.3465 0.0000
vt 0.5372 1.3821 0.0000
vt 0.5409 1.3918 0.0000
vt 0.5275 1.3822 0.0000
vt 0.5262 1.3751 0.0000
vt 0.5109 1.3654 0.0000
vt 0.5183 1.3642 0.0000
vt 0.5163 1.3145 0.0000
vt 0.5092 1.3419 0.0000
vt 0.5211 1.3291 0.0000
vt 0.5129 1.3270 0.0000
vt 0.5107 1.3133 0.0000
vt 0.5034 1.3183 0.0000
vt 0.2458 1.3765 0.0000
vt 0.2771 1.3562 0.0000
vt 0.2955 1.3281 0.0000
vt 0.3036 1.3433 0.0000
vt 0.3310 1.3354 0.0000
vt 0.3296 1.3177 0.0000
vt 0.3541 1.3284 0.0000
vt 0.3516 1.3108 0.0000
vt 0.3778 1.3199 0.0000
vt 0.4111 1.3115 0.0000
vt 0.4437 1.3036 0.0000
vt 0.4660 1.2969 0.0000
vt 0.2222 1.3886 0.0000
vt 0.2116 1.4057 0.0000
vt 0.2333 1.4009 0.0000
vt 0.2399 1.3950 0.0000
vt 0.2621 1.3994 0.0000
vt 0.2533 1.3894 0.0000
vt 0.2864 1.3729 0.0000
vt 0.3118 1.3612 0.0000
vt 0.3348 1.3545 0.0000
vt 0.3584 1.3475 0.0000
vt 0.3840 1.3420 0.0000
vt 0.4121 1.3338 0.0000
vt 0.4424 1.3270 0.0000
vt 0.4649 1.3257 0.0000
vt 0.3247 1.4044 0.0000
vt 0.2810 1.4027 0.0000
vt 0.3165 1.3804 0.0000
vt 0.2906 1.3889 0.0000
vt 0.3099 1.4063 0.0000
vt 0.2896 1.3963 0.0000
vt 0.3123 1.4004 0.0000
vt 0.3194 1.3908 0.0000
vt 0.3519 1.3868 0.0000
vt 0.3630 1.3667 0.0000
vt 0.3704 1.3851 0.0000
vt 0.3371 1.3743 0.0000
vt 0.3993 1.3924 0.0000
vt 0.3867 1.3629 0.0000
vt 0.3917 1.3789 0.0000
vt 0.4122 1.3927 0.0000
vt 0.4142 1.3571 0.0000
vt 0.4113 1.3754 0.0000
vt 0.4498 1.3895 0.0000
vt 0.4486 1.3520 0.0000
vt 0.4473 1.3711 0.0000
vt 0.4805 1.3938 0.0000
vt 0.4993 1.3295 0.0000
vt 0.5005 1.3493 0.0000
vt 0.4964 1.3378 0.0000
vt 0.4901 1.3210 0.0000
vt 0.4688 1.3455 0.0000
vt 0.4922 1.3367 0.0000
vt 0.4972 1.3505 0.0000
vt 0.4698 1.3623 0.0000
vt 0.6921 1.4635 0.0000
vt 0.6742 1.4524 0.0000
vt 0.6712 1.4937 0.0000
vt 0.6502 1.4803 0.0000
vt 0.6781 1.4819 0.0000
vt 0.6608 1.4660 0.0000
vt 0.6573 1.4318 0.0000
vt 0.6232 1.4595 0.0000
vt 0.6369 1.4449 0.0000
vt 0.6240 1.3997 0.0000
vt 0.6034 1.4091 0.0000
vt 0.5096 1.3704 0.0000
vt 0.5032 1.3792 0.0000
vt 0.5255 1.3880 0.0000
vt 0.5428 1.4001 0.0000
vt 0.5623 1.4078 0.0000
vt 0.5741 1.4120 0.0000
vt 0.5920 1.4122 0.0000
vt 0.6022 1.4199 0.0000
vt 0.5919 1.4184 0.0000
vt 0.5758 1.4194 0.0000
vt 0.5405 1.4074 0.0000
vt 0.5600 1.4161 0.0000
vt 0.5814 1.4351 0.0000
vt 0.5523 1.4259 0.0000
vt 0.5380 1.4197 0.0000
vt 0.5703 1.4577 0.0000
vt 0.5220 1.4536 0.0000
vt 0.5380 1.4414 0.0000
vt 0.5299 1.4377 0.0000
vt 0.5078 1.4049 0.0000
vt 0.5205 1.3953 0.0000
vt 0.5235 1.2261 0.0000
vt 0.5179 1.2273 0.0000
vt 0.5070 1.2243 0.0000
vt 0.5309 1.2242 0.0000
vt 0.5255 1.2206 0.0000
vt 0.5397 1.2169 0.0000
vt 0.5333 1.2115 0.0000
vt 0.5128 1.2140 0.0000
vt 0.5486 1.2062 0.0000
vt 0.5401 1.1993 0.0000
vt 0.5196 1.2046 0.0000
vt 0.5607 1.1919 0.0000
vt 0.5480 1.1845 0.0000
vt 0.5268 1.1929 0.0000
vt 0.5729 1.1732 0.0000
vt 0.5362 1.1793 0.0000
vt 0.5540 1.1691 0.0000
vt 0.5458 1.1665 0.0000
vt 0.5571 1.1550 0.0000
vt 0.5724 1.1333 0.0000
vt 0.5793 1.1440 0.0000
vt 0.5638 1.1263 0.0000
vt 0.5489 1.1464 0.0000
vt 0.5380 1.1597 0.0000
vt 0.5266 1.1685 0.0000
vt 0.5449 1.1423 0.0000
vt 0.5333 1.1557 0.0000
vt 0.5332 1.1348 0.0000
vt 0.5218 1.1466 0.0000
vt 0.5144 1.1850 0.0000
vt 0.5116 1.1597 0.0000
vt 0.5071 1.1348 0.0000
vt 0.4933 1.1498 0.0000
vt 0.5048 1.1989 0.0000
vt 0.4989 1.1764 0.0000
vt 0.4797 1.1674 0.0000
vt 0.4834 1.1941 0.0000
vt 0.4682 1.1854 0.0000
vt 0.4988 1.2109 0.0000
vt 0.4602 1.2272 0.0000
vt 0.4368 1.2306 0.0000
vt 0.4388 1.2159 0.0000
vt 0.4609 1.2133 0.0000
vt 0.4933 1.2216 0.0000
vt 0.4666 1.2388 0.0000
vt 0.4801 1.2109 0.0000
vt 0.4752 1.2247 0.0000
vt 0.4355 1.2456 0.0000
vt 0.4638 1.1982 0.0000
vt 0.4418 1.1998 0.0000
vt 0.2312 1.2895 0.0000
vt 0.2426 1.2820 0.0000
vt 0.2486 1.2910 0.0000
vt 0.2074 1.3176 0.0000
vt 0.1877 1.3361 0.0000
vt 0.1629 1.3525 0.0000
vt 0.1427 1.3636 0.0000
vt 0.1126 1.3545 0.0000
vt 0.1767 1.3164 0.0000
vt 0.1960 1.3016 0.0000
vt 0.1554 1.3301 0.0000
vt 0.1354 1.3427 0.0000
vt 0.0939 1.3256 0.0000
vt 0.1234 1.3150 0.0000
vt 0.1457 1.3058 0.0000
vt 0.1665 1.2977 0.0000
vt 0.1877 1.2888 0.0000
vt 0.2129 1.2817 0.0000
vt 0.2240 1.2725 0.0000
vt 0.2330 1.2691 0.0000
vt 0.5186 1.1223 0.0000
vt 0.5497 1.1160 0.0000
vt 0.5340 1.1027 0.0000
vt 0.5040 1.1151 0.0000
vt 0.5138 1.0935 0.0000
vt 0.4938 1.0713 0.0000
vt 0.4797 1.0532 0.0000
vt 0.4608 1.0354 0.0000
vt 0.0491 1.2434 0.0000
vt 0.0672 1.2735 0.0000
vt 0.0843 1.3001 0.0000
vt 0.1143 1.2906 0.0000
vt 0.1366 1.2844 0.0000
vt 0.1564 1.2787 0.0000
vt 0.1764 1.2718 0.0000
vt 0.2001 1.2623 0.0000
vt 0.2078 1.2556 0.0000
vt 0.4073 1.2432 0.0000
vt 0.4133 1.2293 0.0000
vt 0.3824 1.2433 0.0000
vt 0.3904 1.2209 0.0000
vt 0.3812 1.2264 0.0000
vt 0.4184 1.2166 0.0000
vt 0.4030 1.2121 0.0000
vt 0.1890 1.2479 0.0000
vt 0.1987 1.2413 0.0000
vt 0.1686 1.2566 0.0000
vt 0.1785 1.2313 0.0000
vt 0.1894 1.2248 0.0000
vt 0.1681 1.2149 0.0000
vt 0.1774 1.2079 0.0000
vt 0.1571 1.1991 0.0000
vt 0.1667 1.1921 0.0000
vt 0.1454 1.1817 0.0000
vt 0.1549 1.1743 0.0000
vt 0.1436 1.1583 0.0000
vt 0.1328 1.1668 0.0000
vt 0.3614 1.1128 0.0000
vt 0.3558 1.0921 0.0000
vt 0.3692 1.0901 0.0000
vt 0.3744 1.1095 0.0000
vt 0.3669 1.1316 0.0000
vt 0.3792 1.1304 0.0000
vt 0.3746 1.1578 0.0000
vt 0.3835 1.1557 0.0000
vt 0.3805 1.1832 0.0000
vt 0.3883 1.1794 0.0000
vt 0.3869 1.2051 0.0000
vt 0.3954 1.1980 0.0000
vt 0.4220 1.2026 0.0000
vt 0.4449 1.1824 0.0000
vt 0.4126 1.1891 0.0000
vt 0.4081 1.1700 0.0000
vt 0.4028 1.1488 0.0000
vt 0.3990 1.1240 0.0000
vt 0.3946 1.1032 0.0000
vt 0.3900 1.0840 0.0000
vt 0.1275 1.1960 0.0000
vt 0.1159 1.1805 0.0000
vt 0.1388 1.2117 0.0000
vt 0.1494 1.2269 0.0000
vt 0.1494 1.2647 0.0000
vt 0.1596 1.2418 0.0000
vt 0.4584 1.1606 0.0000
vt 0.4386 1.1709 0.0000
vt 0.4349 1.1547 0.0000
vt 0.4553 1.1447 0.0000
vt 0.4306 1.1356 0.0000
vt 0.4238 1.1146 0.0000
vt 0.4181 1.0948 0.0000
vt 0.4119 1.0763 0.0000
vt 0.0979 1.1950 0.0000
vt 0.1087 1.2105 0.0000
vt 0.1206 1.2246 0.0000
vt 0.1311 1.2386 0.0000
vt 0.1305 1.2700 0.0000
vt 0.1411 1.2519 0.0000
vt 0.1117 1.2702 0.0000
vt 0.1247 1.2607 0.0000
vt 0.1153 1.2489 0.0000
vt 0.1044 1.2361 0.0000
vt 0.0929 1.2224 0.0000
vt 0.0814 1.2085 0.0000
vt 0.4387 1.0860 0.0000
vt 0.4316 1.0680 0.0000
vt 0.4459 1.1051 0.0000
vt 0.4737 1.1389 0.0000
vt 0.4529 1.1257 0.0000
vt 0.4914 1.1203 0.0000
vt 0.4939 1.0996 0.0000
vt 0.4855 1.0787 0.0000
vt 0.4718 1.0606 0.0000
vt 0.4555 1.0427 0.0000
vt 0.0582 1.2381 0.0000
vt 0.0738 1.2588 0.0000
vt 0.0900 1.2715 0.0000
vt 0.1023 1.2561 0.0000
vt 0.0909 1.2597 0.0000
vt 0.0916 1.2439 0.0000
vt 0.0807 1.2493 0.0000
vt 0.4686 1.1165 0.0000
vt 0.4829 1.1055 0.0000
vt 0.4619 1.0960 0.0000
vt 0.4746 1.0865 0.0000
vt 0.4532 1.0773 0.0000
vt 0.4630 1.0681 0.0000
vt 0.4435 1.0602 0.0000
vt 0.4473 1.0500 0.0000
vt 0.0802 1.2302 0.0000
vt 0.0679 1.2307 0.0000
vt 0.0712 1.2191 0.0000
vt 0.2589 1.3042 0.0000
vt 0.2845 1.3066 0.0000
vt 0.2811 1.2964 0.0000
vt 0.3247 1.3011 0.0000
vt 0.3224 1.2878 0.0000
vt 0.3478 1.2945 0.0000
vt 0.3761 1.2644 0.0000
vt 0.3473 1.2787 0.0000
vt 0.2177 1.2493 0.0000
vt 0.2084 1.2354 0.0000
vt 0.1977 1.2198 0.0000
vt 0.1862 1.2025 0.0000
vt 0.1756 1.1863 0.0000
vt 0.1634 1.1684 0.0000
vt 0.1519 1.1522 0.0000
vt 0.3521 1.1156 0.0000
vt 0.3461 1.0949 0.0000
vt 0.3576 1.1345 0.0000
vt 0.3647 1.1610 0.0000
vt 0.3711 1.1863 0.0000
vt 0.3765 1.2084 0.0000
vt 0.2524 1.2873 0.0000
vt 0.2479 1.2785 0.0000
vt 0.2379 1.2659 0.0000
vt 0.3744 1.2272 0.0000
vt 0.3772 1.2421 0.0000
vt 0.2577 1.2994 0.0000
vt 0.2789 1.2912 0.0000
vt 0.3201 1.2820 0.0000
vt 0.3742 1.2601 0.0000
vt 0.3455 1.2729 0.0000
vt 0.2224 1.2463 0.0000
vt 0.2130 1.2325 0.0000
vt 0.2022 1.2170 0.0000
vt 0.1907 1.1996 0.0000
vt 0.1800 1.1834 0.0000
vt 0.1678 1.1655 0.0000
vt 0.1565 1.1492 0.0000
vt 0.3472 1.1172 0.0000
vt 0.3410 1.0965 0.0000
vt 0.3526 1.1361 0.0000
vt 0.3597 1.1626 0.0000
vt 0.3660 1.1878 0.0000
vt 0.3712 1.2095 0.0000
vt 0.2510 1.2767 0.0000
vt 0.2542 1.2859 0.0000
vt 0.2404 1.2645 0.0000
vt 0.3753 1.2412 0.0000
vt 0.3713 1.2274 0.0000
vt 0.2579 1.2985 0.0000
vt 0.2775 1.2886 0.0000
vt 0.3185 1.2786 0.0000
vt 0.3734 1.2586 0.0000
vt 0.3442 1.2696 0.0000
vt 0.2245 1.2450 0.0000
vt 0.2150 1.2311 0.0000
vt 0.2042 1.2156 0.0000
vt 0.1927 1.1983 0.0000
vt 0.1820 1.1822 0.0000
vt 0.1699 1.1643 0.0000
vt 0.1586 1.1480 0.0000
vt 0.3450 1.1180 0.0000
vt 0.3387 1.0974 0.0000
vt 0.3504 1.1369 0.0000
vt 0.3574 1.1633 0.0000
vt 0.3637 1.1883 0.0000
vt 0.3687 1.2099 0.0000
vt 0.2729 1.2687 0.0000
vt 0.2745 1.2536 0.0000
vt 0.2954 1.2345 0.0000
vt 0.3132 1.2437 0.0000
vt 0.3731 1.2411 0.0000
vt 0.3712 1.2564 0.0000
vt 0.3429 1.2526 0.0000
vt 0.3429 1.2661 0.0000
vt 0.2527 1.1810 0.0000
vt 0.2606 1.1647 0.0000
vt 0.2675 1.1777 0.0000
vt 0.2850 1.1753 0.0000
vt 0.2867 1.1968 0.0000
vt 0.3024 1.1729 0.0000
vt 0.3057 1.1926 0.0000
vt 0.2905 1.2167 0.0000
vt 0.3092 1.2161 0.0000
vt 0.3421 1.2346 0.0000
vt 0.3679 1.2281 0.0000
vt 0.3150 1.2628 0.0000
vt 0.2554 1.2752 0.0000
vt 0.2732 1.2757 0.0000
vt 0.2564 1.2850 0.0000
vt 0.3459 1.1908 0.0000
vt 0.3374 1.1679 0.0000
vt 0.3537 1.1655 0.0000
vt 0.3620 1.1891 0.0000
vt 0.3261 1.1920 0.0000
vt 0.3199 1.1705 0.0000
vt 0.2670 1.1987 0.0000
vt 0.2501 1.2004 0.0000
vt 0.3651 1.2104 0.0000
vt 0.3480 1.2145 0.0000
vt 0.3285 1.2154 0.0000
vt 0.2552 1.2179 0.0000
vt 0.2693 1.2147 0.0000
vt 0.2715 1.2306 0.0000
vt 0.2551 1.2342 0.0000
vt 0.2581 1.2586 0.0000
vt 0.3154 1.1445 0.0000
vt 0.3333 1.1496 0.0000
vt 0.2949 1.1454 0.0000
vt 0.2775 1.1527 0.0000
vt 0.2757 1.2860 0.0000
vt 0.2587 1.2943 0.0000
vt 0.3167 1.2749 0.0000
vt 0.2428 1.2627 0.0000
vt 0.2268 1.2434 0.0000
vt 0.2174 1.2295 0.0000
vt 0.2064 1.2140 0.0000
vt 0.1950 1.1967 0.0000
vt 0.1843 1.1807 0.0000
vt 0.1722 1.1628 0.0000
vt 0.1613 1.1469 0.0000
vt 0.3363 1.0988 0.0000
vt 0.3424 1.1189 0.0000
vt 0.3478 1.1377 0.0000
vt 0.5532 1.8893 0.0000
vt 0.5548 1.8935 0.0000
vt 0.5495 1.8936 0.0000
vt 0.5510 1.8899 0.0000
vt 0.5494 1.8892 0.0000
vt 0.5487 1.8846 0.0000
vt 0.3437 1.7911 0.0000
vt 0.3403 1.8015 0.0000
vt 0.3343 1.8008 0.0000
vt 0.3381 1.7889 0.0000
vt 0.3297 1.7936 0.0000
vt 0.3298 1.7848 0.0000
vt 0.3359 1.7813 0.0000
vt 0.3425 1.7759 0.0000
vt 0.3452 1.7791 0.0000
vt 0.3472 1.7834 0.0000
vt 0.3291 1.8005 0.0000
vt 0.7700 1.4879 0.0000
vt 0.7820 1.4793 0.0000
vt 0.7788 1.4996 0.0000
vt 0.7719 1.4955 0.0000
vt 0.7641 1.5019 0.0000
vt 0.7636 1.4985 0.0000
vt 0.7621 1.4931 0.0000
vt 0.2453 1.9077 0.0000
vt 0.2373 1.8892 0.0000
vt 0.2437 1.8848 0.0000
vt 0.2569 1.9033 0.0000
vt 0.2496 1.8766 0.0000
vt 0.2607 1.8889 0.0000
vt 0.2704 1.8973 0.0000
vt 0.2675 1.9108 0.0000
vt 0.5864 1.8456 0.0000
vt 0.5995 1.8377 0.0000
vt 0.6007 1.8507 0.0000
vt 0.5896 1.8591 0.0000
vt 0.6087 1.8447 0.0000
vt 0.6097 1.8598 0.0000
vt 0.1190 1.6156 0.0000
vt 0.1174 1.6108 0.0000
vt 0.1232 1.6012 0.0000
vt 0.1277 1.6149 0.0000
vt 0.1178 1.6294 0.0000
vt 0.1112 1.6248 0.0000
vt 0.1054 1.6177 0.0000
vt 0.1229 1.6866 0.0000
vt 0.1244 1.6781 0.0000
vt 0.1318 1.6771 0.0000
vt 0.1298 1.6885 0.0000
vt 0.1250 1.6980 0.0000
vt 0.1153 1.6937 0.0000
vt 0.1156 1.6810 0.0000
vt 0.7799 1.6403 0.0000
vt 0.7709 1.6247 0.0000
vt 0.7875 1.6285 0.0000
vt 0.7878 1.6421 0.0000
vt 0.7015 1.4667 0.0000
vt 0.7082 1.4712 0.0000
vt 0.7239 1.4506 0.0000
vt 0.7307 1.4542 0.0000
vt 0.7466 1.4437 0.0000
vt 0.7584 1.4427 0.0000
vt 0.7441 1.4560 0.0000
vt 0.7306 1.4682 0.0000
vt 0.7245 1.4647 0.0000
vt 0.7120 1.4797 0.0000
vt 0.3572 1.8023 0.0000
vt 0.3637 1.7907 0.0000
vt 0.3671 1.8035 0.0000
vt 0.3620 1.8069 0.0000
vt 0.3604 1.8165 0.0000
vt 0.3531 1.8142 0.0000
vt 0.3666 1.8183 0.0000
vt 0.7398 1.4693 0.0000
vt 0.7560 1.4601 0.0000
vt 0.7617 1.4710 0.0000
vt 0.7469 1.4834 0.0000
vt 0.7713 1.4755 0.0000
vt 0.7594 1.4856 0.0000
vt 0.4100 1.8383 0.0000
vt 0.4123 1.8317 0.0000
vt 0.4199 1.8369 0.0000
vt 0.4169 1.8471 0.0000
vt 0.4123 1.8491 0.0000
vt 0.4087 1.8446 0.0000
vt 0.1219 1.7061 0.0000
vt 0.1323 1.7065 0.0000
vt 0.1280 1.7147 0.0000
vt 0.1162 1.7158 0.0000
vt 0.1130 1.7061 0.0000
vt 0.8212 1.6544 0.0000
vt 0.8227 1.6453 0.0000
vt 0.8345 1.6558 0.0000
vt 0.8306 1.6587 0.0000
vt 0.8392 1.6677 0.0000
vt 0.8325 1.6689 0.0000
vt 0.1437 1.6375 0.0000
vt 0.1298 1.6454 0.0000
vt 0.1243 1.6367 0.0000
vt 0.1342 1.6265 0.0000
vt 0.1600 1.6344 0.0000
vt 0.1563 1.6436 0.0000
vt 0.1432 1.6513 0.0000
vt 0.1434 1.6164 0.0000
vt 0.1521 1.6276 0.0000
vt 0.1303 1.6562 0.0000
vt 0.2002 1.8352 0.0000
vt 0.2000 1.8307 0.0000
vt 0.2066 1.8307 0.0000
vt 0.2105 1.8419 0.0000
vt 0.1932 1.8312 0.0000
vt 0.1966 1.8253 0.0000
vt 0.2012 1.8458 0.0000
vt 0.3360 1.7603 0.0000
vt 0.3374 1.7561 0.0000
vt 0.3454 1.7566 0.0000
vt 0.3426 1.7583 0.0000
vt 0.3400 1.7614 0.0000
vt 0.3369 1.7659 0.0000
vt 0.3444 1.7620 0.0000
vt 0.3254 1.8597 0.0000
vt 0.3318 1.8722 0.0000
vt 0.3219 1.8729 0.0000
vt 0.3207 1.8590 0.0000
vt 0.3327 1.8645 0.0000
vt 0.3400 1.8710 0.0000
vt 0.3219 1.8403 0.0000
vt 0.3167 1.8395 0.0000
vt 0.3281 1.8506 0.0000
vt 0.3329 1.8591 0.0000
vt 0.3241 1.8374 0.0000
vt 0.6915 1.7679 0.0000
vt 0.6883 1.7745 0.0000
vt 0.6829 1.7683 0.0000
vt 0.6830 1.7624 0.0000
vt 0.6805 1.7550 0.0000
vt 0.6861 1.7583 0.0000
vt 0.6919 1.7601 0.0000
vt 0.1784 1.6698 0.0000
vt 0.1727 1.6707 0.0000
vt 0.1770 1.6643 0.0000
vt 0.1824 1.6608 0.0000
vt 0.1731 1.6624 0.0000
vt 0.1794 1.6550 0.0000
vt 0.1860 1.6485 0.0000
vt 0.1916 1.6550 0.0000
vt 0.1871 1.6675 0.0000
vt 0.1943 1.6643 0.0000
vt 0.1872 1.8101 0.0000
vt 0.1966 1.8037 0.0000
vt 0.1833 1.7946 0.0000
vt 0.1971 1.7969 0.0000
vt 0.1907 1.7863 0.0000
vt 0.1992 1.7921 0.0000
vt 0.1750 1.7775 0.0000
vt 0.1870 1.7749 0.0000
vt 0.8677 1.9286 0.0000
vt 0.8787 1.9073 0.0000
vt 0.8913 1.9116 0.0000
vt 0.8801 1.9350 0.0000
vt 0.8942 1.9482 0.0000
vt 0.8817 1.9627 0.0000
vt 0.8665 1.9508 0.0000
vt 0.8554 1.9438 0.0000
vt 0.7886 1.6011 0.0000
vt 0.7765 1.6094 0.0000
vt 0.7775 1.5983 0.0000
vt 0.7885 1.5929 0.0000
vt 0.8254 1.6381 0.0000
vt 0.8164 1.6206 0.0000
vt 0.8285 1.6317 0.0000
vt 0.8102 1.6268 0.0000
vt 0.6480 1.7914 0.0000
vt 0.6495 1.7825 0.0000
vt 0.6528 1.7871 0.0000
vt 0.6505 1.7981 0.0000
vt 0.6443 1.7916 0.0000
vt 0.6450 1.8072 0.0000
vt 0.6461 1.7791 0.0000
vt 0.6963 1.6266 0.0000
vt 0.6948 1.6230 0.0000
vt 0.7005 1.6217 0.0000
vt 0.7033 1.6272 0.0000
vt 0.6881 1.6187 0.0000
vt 0.6891 1.6287 0.0000
vt 0.7005 1.6347 0.0000
vt 0.2090 1.6378 0.0000
vt 0.2193 1.6421 0.0000
vt 0.2121 1.6521 0.0000
vt 0.2015 1.6484 0.0000
vt 0.2106 1.6617 0.0000
vt 0.2021 1.6609 0.0000
vt 0.7677 1.6393 0.0000
vt 0.7630 1.6291 0.0000
vt 0.7654 1.6270 0.0000
vt 0.7726 1.6391 0.0000
vt 0.7329 1.8598 0.0000
vt 0.7387 1.8680 0.0000
vt 0.7270 1.8738 0.0000
vt 0.7185 1.8684 0.0000
vt 0.7036 1.8722 0.0000
vt 0.7032 1.8624 0.0000
vt 0.7156 1.8576 0.0000
vt 0.7284 1.8542 0.0000
vt 0.6980 1.7631 0.0000
vt 0.7003 1.7575 0.0000
vt 0.7044 1.7620 0.0000
vt 0.6990 1.7667 0.0000
vt 0.7079 1.7670 0.0000
vt 0.7936 1.6303 0.0000
vt 0.7987 1.6222 0.0000
vt 0.8067 1.6343 0.0000
vt 0.2802 1.9805 0.0000
vt 0.2664 1.9847 0.0000
vt 0.2644 1.9746 0.0000
vt 0.2804 1.9723 0.0000
vt 0.9031 1.9034 0.0000
vt 0.9066 1.9164 0.0000
vt 0.9122 1.9106 0.0000
vt 0.9128 1.9006 0.0000
vt 0.2946 1.9705 0.0000
vt 0.2925 1.9803 0.0000
vt 0.3852 1.7900 0.0000
vt 0.3977 1.7903 0.0000
vt 0.3980 1.8019 0.0000
vt 0.3816 1.8020 0.0000
vt 0.4074 1.7902 0.0000
vt 0.4066 1.7974 0.0000
vt 0.4132 1.8004 0.0000
vt 0.4075 1.8055 0.0000
vt 0.3152 1.7509 0.0000
vt 0.3180 1.7485 0.0000
vt 0.3232 1.7537 0.0000
vt 0.3226 1.7603 0.0000
vt 0.3146 1.7596 0.0000
vt 0.3114 1.7514 0.0000
vt 0.3313 1.7539 0.0000
vt 0.3320 1.7585 0.0000
vt 0.3243 1.7659 0.0000
vt 0.3183 1.7665 0.0000
vt 0.3301 1.7644 0.0000
vt 0.4404 1.8344 0.0000
vt 0.4500 1.8243 0.0000
vt 0.4572 1.8339 0.0000
vt 0.4459 1.8402 0.0000
vt 0.4325 1.8452 0.0000
vt 0.4269 1.8387 0.0000
vt 0.4355 1.8278 0.0000
vt 0.4385 1.8479 0.0000
vt 0.1886 1.7390 0.0000
vt 0.1743 1.7457 0.0000
vt 0.1708 1.7429 0.0000
vt 0.1925 1.7314 0.0000
vt 0.1813 1.7490 0.0000
vt 0.2003 1.7427 0.0000
vt 0.2104 1.7328 0.0000
vt 0.1922 1.9163 0.0000
vt 0.2033 1.9113 0.0000
vt 0.2065 1.9245 0.0000
vt 0.1919 1.9246 0.0000
vt 0.1944 1.9027 0.0000
vt 0.1852 1.9094 0.0000
vt 0.1797 1.9171 0.0000
vt 0.8492 1.8829 0.0000
vt 0.8373 1.9002 0.0000
vt 0.8263 1.8889 0.0000
vt 0.8367 1.8741 0.0000
vt 0.8588 1.8819 0.0000
vt 0.8592 1.9035 0.0000
vt 0.8514 1.9013 0.0000
vt 0.8433 1.9091 0.0000
vt 0.7751 1.4319 0.0000
vt 0.7837 1.4261 0.0000
vt 0.7931 1.4370 0.0000
vt 0.7836 1.4455 0.0000
vt 0.7914 1.4647 0.0000
vt 0.7952 1.4560 0.0000
vt 0.7811 1.4597 0.0000
vt 0.7727 1.4588 0.0000
vt 0.7708 1.4508 0.0000
vt 0.8034 1.4476 0.0000
vt 0.7697 1.4399 0.0000
vt 0.8515 1.9127 0.0000
vt 0.6185 1.8626 0.0000
vt 0.6318 1.8671 0.0000
vt 0.6215 1.8784 0.0000
vt 0.6140 1.8720 0.0000
vt 0.6105 1.8837 0.0000
vt 0.6040 1.8667 0.0000
vt 0.4738 1.9431 0.0000
vt 0.4802 1.9558 0.0000
vt 0.4662 1.9563 0.0000
vt 0.4661 1.9414 0.0000
vt 0.4751 1.9283 0.0000
vt 0.4831 1.9338 0.0000
vt 0.2819 1.8058 0.0000
vt 0.2943 1.7998 0.0000
vt 0.2975 1.8090 0.0000
vt 0.2830 1.8143 0.0000
vt 0.2982 1.8131 0.0000
vt 0.2906 1.8166 0.0000
vt 0.2840 1.8223 0.0000
vt 0.2756 1.8215 0.0000
vt 0.8470 1.7568 0.0000
vt 0.8360 1.7597 0.0000
vt 0.8375 1.7465 0.0000
vt 0.8499 1.7488 0.0000
vt 0.8606 1.7579 0.0000
vt 0.8521 1.7670 0.0000
vt 0.8378 1.7747 0.0000
vt 0.2600 1.9410 0.0000
vt 0.2527 1.9361 0.0000
vt 0.2592 1.9320 0.0000
vt 0.2639 1.9356 0.0000
vt 0.2594 1.9221 0.0000
vt 0.2682 1.9280 0.0000
vt 0.2679 1.9410 0.0000
vt 0.2806 1.8550 0.0000
vt 0.2812 1.8465 0.0000
vt 0.2878 1.8493 0.0000
vt 0.2860 1.8625 0.0000
vt 0.2768 1.8688 0.0000
vt 0.2711 1.8570 0.0000
vt 0.2885 1.8726 0.0000
vt 0.2843 1.8795 0.0000
vt 0.2947 1.8527 0.0000
vt 0.2956 1.8657 0.0000
vt 0.2957 1.8772 0.0000
vt 0.3397 1.7727 0.0000
vt 0.3384 1.7707 0.0000
vt 0.3411 1.7671 0.0000
vt 0.3450 1.7682 0.0000
vt 0.3489 1.7610 0.0000
vt 0.3347 1.7764 0.0000
vt 0.3328 1.7705 0.0000
vt 0.5439 1.9019 0.0000
vt 0.5447 1.8947 0.0000
vt 0.5374 1.9006 0.0000
vt 0.5398 1.8942 0.0000
vt 0.5452 1.8905 0.0000
vt 0.5502 1.9019 0.0000
vt 0.5583 1.8740 0.0000
vt 0.5651 1.8654 0.0000
vt 0.5693 1.8769 0.0000
vt 0.5617 1.8801 0.0000
vt 0.5575 1.8812 0.0000
vt 0.5551 1.8821 0.0000
vt 0.5531 1.8707 0.0000
vt 0.5615 1.8840 0.0000
vt 0.7466 1.4932 0.0000
vt 0.7166 1.6169 0.0000
vt 0.7163 1.6239 0.0000
vt 0.7115 1.6227 0.0000
vt 0.7132 1.6148 0.0000
vt 0.7200 1.6223 0.0000
vt 0.7211 1.6163 0.0000
vt 0.7174 1.6107 0.0000
vt 0.7373 1.7065 0.0000
vt 0.7357 1.7151 0.0000
vt 0.7307 1.7149 0.0000
vt 0.7305 1.7040 0.0000
vt 0.7369 1.6960 0.0000
vt 0.7425 1.6991 0.0000
vt 0.7424 1.7039 0.0000
vt 0.7428 1.7093 0.0000
vt 0.7244 1.7482 0.0000
vt 0.7249 1.7451 0.0000
vt 0.7285 1.7434 0.0000
vt 0.7328 1.7489 0.0000
vt 0.7315 1.7395 0.0000
vt 0.7362 1.7440 0.0000
vt 0.7410 1.7523 0.0000
vt 0.7375 1.7604 0.0000
vt 0.4738 1.8434 0.0000
vt 0.4673 1.8450 0.0000
vt 0.4651 1.8356 0.0000
vt 0.4706 1.8375 0.0000
vt 0.4776 1.8345 0.0000
vt 0.4803 1.8414 0.0000
vt 0.4712 1.8277 0.0000
vt 0.6842 1.7756 0.0000
vt 0.6905 1.7812 0.0000
vt 0.6836 1.7849 0.0000
vt 0.6813 1.7735 0.0000
vt 0.6804 1.7799 0.0000
vt 0.3223 1.7720 0.0000
vt 0.3152 1.7668 0.0000
vt 0.3189 1.7706 0.0000
vt 0.3171 1.7771 0.0000
vt 0.3104 1.7740 0.0000
vt 0.3231 1.7780 0.0000
vt 0.4891 1.9428 0.0000
vt 0.5019 1.9344 0.0000
vt 0.5044 1.9465 0.0000
vt 0.4946 1.9499 0.0000
vt 0.4933 1.9636 0.0000
vt 0.5051 1.9625 0.0000
vt 0.6647 1.8131 0.0000
vt 0.6718 1.8089 0.0000
vt 0.6734 1.8156 0.0000
vt 0.6685 1.8198 0.0000
vt 0.6600 1.8125 0.0000
vt 0.6610 1.8219 0.0000
vt 0.6639 1.8052 0.0000
vt 0.6920 1.5975 0.0000
vt 0.6897 1.5905 0.0000
vt 0.7056 1.5916 0.0000
vt 0.7032 1.5969 0.0000
vt 0.7018 1.6031 0.0000
vt 0.6872 1.6034 0.0000
vt 0.6767 1.5849 0.0000
vt 0.2999 1.8582 0.0000
vt 0.3000 1.8441 0.0000
vt 0.3051 1.8440 0.0000
vt 0.3080 1.8672 0.0000
vt 0.3131 1.8584 0.0000
vt 0.6825 1.7544 0.0000
vt 0.6865 1.7562 0.0000
vt 0.6912 1.7566 0.0000
vt 0.6988 1.7527 0.0000
vt 0.4103 1.8552 0.0000
vt 0.4125 1.8558 0.0000
vt 0.4054 1.8615 0.0000
vt 0.4054 1.8566 0.0000
vt 0.4073 1.8516 0.0000
vt 0.7210 1.6629 0.0000
vt 0.7202 1.6577 0.0000
vt 0.7324 1.6535 0.0000
vt 0.7355 1.6585 0.0000
vt 0.7440 1.6590 0.0000
vt 0.7416 1.6650 0.0000
vt 0.7323 1.6661 0.0000
vt 0.7238 1.6697 0.0000
vt 0.3453 1.9264 0.0000
vt 0.3396 1.9182 0.0000
vt 0.3531 1.9132 0.0000
vt 0.3579 1.9191 0.0000
vt 0.1157 1.8425 0.0000
vt 0.1141 1.8164 0.0000
vt 0.1302 1.8196 0.0000
vt 0.1256 1.8521 0.0000
vt 0.1102 1.8623 0.0000
vt 0.1046 1.8421 0.0000
vt 0.7736 1.8054 0.0000
vt 0.7945 1.7875 0.0000
vt 0.7923 1.8027 0.0000
vt 0.7736 1.8195 0.0000
vt 0.7615 1.8173 0.0000
vt 0.7638 1.8262 0.0000
vt 0.7636 1.8013 0.0000
vt 0.7723 1.7889 0.0000
vt 0.7806 1.7886 0.0000
vt 0.7536 1.8164 0.0000
vt 0.7415 1.6719 0.0000
vt 0.7485 1.6697 0.0000
vt 0.7503 1.6651 0.0000
vt 0.7515 1.6734 0.0000
vt 0.7447 1.6788 0.0000
vt 0.7556 1.6677 0.0000
vt 0.3376 1.7529 0.0000
vt 0.3405 1.7511 0.0000
vt 0.3371 1.7490 0.0000
vt 0.3369 1.7423 0.0000
vt 0.7102 1.5730 0.0000
vt 0.7079 1.5804 0.0000
vt 0.6948 1.5782 0.0000
vt 0.6892 1.5719 0.0000
vt 0.6869 1.5567 0.0000
vt 0.7013 1.5601 0.0000
vt 0.6789 1.5766 0.0000
vt 0.7929 1.5500 0.0000
vt 0.7777 1.5581 0.0000
vt 0.7801 1.5461 0.0000
vt 0.8011 1.5360 0.0000
vt 0.8112 1.5426 0.0000
vt 0.7957 1.5565 0.0000
vt 0.7772 1.5637 0.0000
vt 0.3634 1.7539 0.0000
vt 0.3580 1.7492 0.0000
vt 0.3602 1.7378 0.0000
vt 0.3692 1.7443 0.0000
vt 0.3540 1.7590 0.0000
vt 0.3622 1.7656 0.0000
vt 0.3743 1.7605 0.0000
vt 0.6839 1.7537 0.0000
vt 0.6856 1.7489 0.0000
vt 0.6880 1.7493 0.0000
vt 0.6859 1.7539 0.0000
vt 0.6738 1.7724 0.0000
vt 0.6736 1.7656 0.0000
vt 0.6821 1.7654 0.0000
vt 0.6967 1.9415 0.0000
vt 0.6973 1.9514 0.0000
vt 0.6878 1.9474 0.0000
vt 0.6899 1.9416 0.0000
vt 0.6806 1.9416 0.0000
vt 0.6854 1.9359 0.0000
vt 0.6926 1.9328 0.0000
vt 0.1864 1.6943 0.0000
vt 0.1936 1.7009 0.0000
vt 0.1857 1.7059 0.0000
vt 0.1790 1.7004 0.0000
vt 0.1799 1.6918 0.0000
vt 0.1871 1.6857 0.0000
vt 0.1789 1.6864 0.0000
vt 0.1750 1.6946 0.0000
vt 0.1943 1.6918 0.0000
vt 0.2017 1.6933 0.0000
vt 0.1953 1.6836 0.0000
vt 0.1870 1.8978 0.0000
vt 0.1792 1.8993 0.0000
vt 0.1776 1.8899 0.0000
vt 0.1899 1.8902 0.0000
vt 0.2030 1.8932 0.0000
vt 0.6438 1.7761 0.0000
vt 0.6463 1.7671 0.0000
vt 0.6505 1.7649 0.0000
vt 0.6414 1.7738 0.0000
vt 0.6396 1.7707 0.0000
vt 0.6452 1.7648 0.0000
vt 0.6475 1.7607 0.0000
vt 0.1607 1.6312 0.0000
vt 0.1585 1.6186 0.0000
vt 0.1685 1.6267 0.0000
vt 0.1681 1.6361 0.0000
vt 0.8129 1.9006 0.0000
vt 0.8048 1.8950 0.0000
vt 0.8167 1.8802 0.0000
vt 0.8043 1.8805 0.0000
vt 0.7963 1.8893 0.0000
vt 0.8049 1.8684 0.0000
vt 0.8151 1.8664 0.0000
vt 0.1944 1.8780 0.0000
vt 0.2014 1.8719 0.0000
vt 0.1904 1.8669 0.0000
vt 0.1989 1.8625 0.0000
vt 0.2631 1.7100 0.0000
vt 0.2677 1.7172 0.0000
vt 0.2630 1.7211 0.0000
vt 0.2577 1.7175 0.0000
vt 0.2487 1.7067 0.0000
vt 0.2563 1.7013 0.0000
vt 0.2420 1.7127 0.0000
vt 0.2499 1.7221 0.0000
vt 0.2584 1.7280 0.0000
vt 0.2558 1.7285 0.0000
vt 0.2920 1.8382 0.0000
vt 0.2871 1.8297 0.0000
vt 0.2848 1.8372 0.0000
vt 0.2819 1.8294 0.0000
vt 0.2901 1.8246 0.0000
vt 0.2949 1.8292 0.0000
vt 0.2807 1.9409 0.0000
vt 0.2809 1.9518 0.0000
vt 0.2948 1.9404 0.0000
vt 0.2994 1.9512 0.0000
vt 0.3045 1.9385 0.0000
vt 0.3103 1.9430 0.0000
vt 0.2959 1.9618 0.0000
vt 0.2813 1.9612 0.0000
vt 0.3132 1.9560 0.0000
vt 0.3064 1.9622 0.0000
vt 0.3216 1.9470 0.0000
vt 0.3082 1.9677 0.0000
vt 0.3218 1.9609 0.0000
vt 0.1831 1.5811 0.0000
vt 0.1736 1.5860 0.0000
vt 0.1576 1.5854 0.0000
vt 0.1543 1.5747 0.0000
vt 0.5566 1.8656 0.0000
vt 0.5604 1.8613 0.0000
vt 0.5524 1.8593 0.0000
vt 0.5579 1.8543 0.0000
vt 0.5650 1.8508 0.0000
vt 0.5726 1.8490 0.0000
vt 0.5651 1.8434 0.0000
vt 0.5768 1.8421 0.0000
vt 0.5754 1.8561 0.0000
vt 0.2231 1.7011 0.0000
vt 0.2335 1.7062 0.0000
vt 0.2274 1.7112 0.0000
vt 0.2129 1.7084 0.0000
vt 0.2048 1.7040 0.0000
vt 0.2132 1.6968 0.0000
vt 0.2359 1.7160 0.0000
vt 0.2246 1.7204 0.0000
vt 0.2259 1.8077 0.0000
vt 0.2430 1.8218 0.0000
vt 0.2360 1.8266 0.0000
vt 0.2220 1.8118 0.0000
vt 0.2357 1.8083 0.0000
vt 0.2503 1.8197 0.0000
vt 0.2268 1.7979 0.0000
vt 0.2189 1.7972 0.0000
vt 0.2019 1.8248 0.0000
vt 0.8011 1.9112 0.0000
vt 0.8117 1.9153 0.0000
vt 0.8226 1.9081 0.0000
vt 0.8015 1.9258 0.0000
vt 0.8191 1.9279 0.0000
vt 0.5770 1.8739 0.0000
vt 0.5734 1.8766 0.0000
vt 0.5785 1.8690 0.0000
vt 0.5828 1.8778 0.0000
vt 0.5781 1.8762 0.0000
vt 0.6725 1.7986 0.0000
vt 0.6788 1.7995 0.0000
vt 0.6530 1.8120 0.0000
vt 0.6559 1.8041 0.0000
vt 0.3526 1.7899 0.0000
vt 0.3546 1.7808 0.0000
vt 0.3528 1.7745 0.0000
vt 0.5693 1.8855 0.0000
vt 0.5752 1.8833 0.0000
vt 0.5768 1.8875 0.0000
vt 0.5761 1.8798 0.0000
vt 0.4770 1.8496 0.0000
vt 0.4738 1.8520 0.0000
vt 0.4661 1.8511 0.0000
vt 0.4585 1.8455 0.0000
vt 0.4589 1.8511 0.0000
vt 0.1624 1.5958 0.0000
vt 0.1662 1.6028 0.0000
vt 0.1608 1.6091 0.0000
vt 0.1522 1.6018 0.0000
vt 0.1506 1.6133 0.0000
vt 0.1467 1.5874 0.0000
vt 0.1384 1.6052 0.0000
vt 0.7312 1.7790 0.0000
vt 0.7212 1.7867 0.0000
vt 0.7267 1.7765 0.0000
vt 0.7329 1.7725 0.0000
vt 0.7408 1.7678 0.0000
vt 0.7355 1.7620 0.0000
vt 0.3228 1.7422 0.0000
vt 0.3176 1.7426 0.0000
vt 0.3208 1.7383 0.0000
vt 0.3257 1.7395 0.0000
vt 0.3233 1.7455 0.0000
vt 0.3282 1.7435 0.0000
vt 0.2180 1.8197 0.0000
vt 0.2080 1.8041 0.0000
vt 0.2068 1.8113 0.0000
vt 0.2099 1.7988 0.0000
vt 0.7674 1.5873 0.0000
vt 0.7650 1.5937 0.0000
vt 0.7676 1.5839 0.0000
vt 0.7797 1.5793 0.0000
vt 0.3063 1.8105 0.0000
vt 0.3123 1.8032 0.0000
vt 0.3108 1.8152 0.0000
vt 0.3125 1.8226 0.0000
vt 0.3043 1.8175 0.0000
vt 0.3080 1.8176 0.0000
vt 0.3067 1.8289 0.0000
vt 0.7652 1.6008 0.0000
vt 0.7606 1.6132 0.0000
vt 0.7543 1.5995 0.0000
vt 0.2271 1.6471 0.0000
vt 0.2386 1.6433 0.0000
vt 0.2347 1.6560 0.0000
vt 0.2231 1.6553 0.0000
vt 0.2272 1.6306 0.0000
vt 0.2667 1.7907 0.0000
vt 0.2680 1.7951 0.0000
vt 0.2596 1.7929 0.0000
vt 0.2615 1.7907 0.0000
vt 0.2587 1.7865 0.0000
vt 0.2636 1.7862 0.0000
vt 0.2536 1.7860 0.0000
vt 0.6755 1.7929 0.0000
vt 0.6743 1.7870 0.0000
vt 0.6718 1.7922 0.0000
vt 0.6715 1.7888 0.0000
vt 0.6690 1.7935 0.0000
vt 0.6689 1.7881 0.0000
vt 0.6714 1.7843 0.0000
vt 0.7731 1.7231 0.0000
vt 0.7804 1.7292 0.0000
vt 0.7748 1.7353 0.0000
vt 0.7668 1.7331 0.0000
vt 0.7608 1.7184 0.0000
vt 0.7726 1.7089 0.0000
vt 0.7602 1.7070 0.0000
vt 0.7591 1.7248 0.0000
vt 0.7853 1.7182 0.0000
vt 0.7839 1.7283 0.0000
vt 0.7849 1.7075 0.0000
vt 0.8012 1.6900 0.0000
vt 0.8026 1.6868 0.0000
vt 0.8079 1.6997 0.0000
vt 0.8050 1.7010 0.0000
vt 0.7946 1.6943 0.0000
vt 0.7911 1.6863 0.0000
vt 0.7943 1.6803 0.0000
vt 0.1676 1.7878 0.0000
vt 0.1710 1.8026 0.0000
vt 0.1581 1.7880 0.0000
vt 0.1638 1.7729 0.0000
vt 0.1572 1.8099 0.0000
vt 0.9161 1.6370 0.0000
vt 0.9242 1.6315 0.0000
vt 0.9287 1.6540 0.0000
vt 0.9169 1.6531 0.0000
vt 0.9022 1.6454 0.0000
vt 0.9041 1.6247 0.0000
vt 0.9121 1.6072 0.0000
vt 0.1744 1.5955 0.0000
vt 0.1746 1.6056 0.0000
vt 0.1721 1.6158 0.0000
vt 0.7138 1.6460 0.0000
vt 0.7030 1.6444 0.0000
vt 0.7141 1.6385 0.0000
vt 0.7177 1.6416 0.0000
vt 0.7206 1.6391 0.0000
vt 0.7221 1.6429 0.0000
vt 0.7216 1.6477 0.0000
vt 0.7614 1.6480 0.0000
vt 0.7573 1.6428 0.0000
vt 0.7627 1.6398 0.0000
vt 0.7660 1.6482 0.0000
vt 0.7590 1.6516 0.0000
vt 0.7659 1.6561 0.0000
vt 0.7538 1.6455 0.0000
vt 0.2979 1.7707 0.0000
vt 0.3010 1.7663 0.0000
vt 0.3067 1.7756 0.0000
vt 0.3066 1.7862 0.0000
vt 0.3035 1.7924 0.0000
vt 0.2966 1.7842 0.0000
vt 0.3143 1.8025 0.0000
vt 0.3101 1.7827 0.0000
vt 0.3098 1.7871 0.0000
vt 0.3162 1.7933 0.0000
vt 0.2798 1.9285 0.0000
vt 0.2795 1.9148 0.0000
vt 0.2455 1.6923 0.0000
vt 0.2519 1.6849 0.0000
vt 0.2651 1.6935 0.0000
vt 0.2594 1.6821 0.0000
vt 0.2669 1.6844 0.0000
vt 0.2704 1.7057 0.0000
vt 0.2765 1.6913 0.0000
vt 0.2801 1.7013 0.0000
vt 0.2759 1.6837 0.0000
vt 0.3496 1.7252 0.0000
vt 0.3484 1.7267 0.0000
vt 0.3422 1.7235 0.0000
vt 0.3422 1.7189 0.0000
vt 0.3513 1.7309 0.0000
vt 0.3545 1.7314 0.0000
vt 0.3492 1.7212 0.0000
vt 0.7404 1.7175 0.0000
vt 0.6956 1.6444 0.0000
vt 0.7054 1.6492 0.0000
vt 0.7120 1.6513 0.0000
vt 0.7014 1.6524 0.0000
vt 0.2512 1.7753 0.0000
vt 0.2491 1.7872 0.0000
vt 0.2436 1.7778 0.0000
vt 0.2567 1.7792 0.0000
vt 0.2616 1.7725 0.0000
vt 0.2598 1.7685 0.0000
vt 0.6630 1.7435 0.0000
vt 0.6570 1.7295 0.0000
vt 0.6639 1.7308 0.0000
vt 0.6530 1.7532 0.0000
vt 0.6662 1.7522 0.0000
vt 0.6586 1.7580 0.0000
vt 0.6709 1.7333 0.0000
vt 0.6750 1.7485 0.0000
vt 0.8657 1.9041 0.0000
vt 0.8506 1.9196 0.0000
vt 0.8331 1.9170 0.0000
vt 0.8391 1.9364 0.0000
vt 0.5772 1.9096 0.0000
vt 0.5803 1.9120 0.0000
vt 0.5768 1.9142 0.0000
vt 0.5744 1.9098 0.0000
vt 0.5801 1.9064 0.0000
vt 0.5822 1.9093 0.0000
vt 0.5754 1.9044 0.0000
vt 0.2168 1.7235 0.0000
vt 0.2100 1.7202 0.0000
vt 0.2198 1.6858 0.0000
vt 0.2301 1.6919 0.0000
vt 0.2227 1.6769 0.0000
vt 0.2242 1.6834 0.0000
vt 0.2264 1.6787 0.0000
vt 0.2066 1.6811 0.0000
vt 0.2140 1.6736 0.0000
vt 0.2303 1.6853 0.0000
vt 0.1532 1.6544 0.0000
vt 0.1620 1.6454 0.0000
vt 0.1600 1.6517 0.0000
vt 0.1672 1.6470 0.0000
vt 0.1719 1.6521 0.0000
vt 0.1637 1.6544 0.0000
vt 0.1583 1.6598 0.0000
vt 0.5619 1.8367 0.0000
vt 0.3578 1.8903 0.0000
vt 0.3529 1.8936 0.0000
vt 0.3510 1.8882 0.0000
vt 0.3569 1.8847 0.0000
vt 0.3624 1.8832 0.0000
vt 0.3618 1.8918 0.0000
vt 0.3565 1.8980 0.0000
vt 0.2635 1.8493 0.0000
vt 0.2673 1.8441 0.0000
vt 0.2724 1.8459 0.0000
vt 0.2612 1.8663 0.0000
vt 0.2568 1.8552 0.0000
vt 0.2666 1.8782 0.0000
vt 0.3243 1.7489 0.0000
vt 0.3298 1.7485 0.0000
vt 0.5847 1.9027 0.0000
vt 0.5860 1.9097 0.0000
vt 0.5843 1.9147 0.0000
vt 0.2501 1.6539 0.0000
vt 0.2544 1.6447 0.0000
vt 0.2475 1.6305 0.0000
vt 0.2563 1.6362 0.0000
vt 0.7197 1.5820 0.0000
vt 0.7367 1.5944 0.0000
vt 0.7217 1.5911 0.0000
vt 0.7271 1.5744 0.0000
vt 0.7195 1.5954 0.0000
vt 0.7322 1.6035 0.0000
vt 0.7404 1.5809 0.0000
vt 0.7518 1.5887 0.0000
vt 0.7455 1.6122 0.0000
vt 0.7356 1.6146 0.0000
vt 0.6538 1.8894 0.0000
vt 0.6440 1.8786 0.0000
vt 0.6569 1.8723 0.0000
vt 0.6701 1.8799 0.0000
vt 0.6742 1.8924 0.0000
vt 0.6612 1.8971 0.0000
vt 0.6896 1.8874 0.0000
vt 0.6887 1.8763 0.0000
vt 0.2749 1.8875 0.0000
vt 0.2845 1.8944 0.0000
vt 0.2931 1.8859 0.0000
vt 0.2886 1.8978 0.0000
vt 0.2952 1.8956 0.0000
vt 0.3088 1.8817 0.0000
vt 0.3070 1.8866 0.0000
vt 0.3160 1.8218 0.0000
vt 0.2606 1.6575 0.0000
vt 0.2656 1.6514 0.0000
vt 0.2679 1.6446 0.0000
vt 0.2780 1.6495 0.0000
vt 0.2783 1.6557 0.0000
vt 0.2618 1.6420 0.0000
vt 0.7122 1.7526 0.0000
vt 0.7114 1.7487 0.0000
vt 0.7171 1.7498 0.0000
vt 0.7166 1.7551 0.0000
vt 0.7126 1.7613 0.0000
vt 0.7073 1.7562 0.0000
vt 0.7064 1.7521 0.0000
vt 0.4215 1.8509 0.0000
vt 0.4272 1.8582 0.0000
vt 0.5884 1.9305 0.0000
vt 0.5832 1.9342 0.0000
vt 0.5809 1.9306 0.0000
vt 0.5836 1.9248 0.0000
vt 0.5817 1.9405 0.0000
vt 0.5814 1.9376 0.0000
vt 0.6630 1.9331 0.0000
vt 0.6665 1.9230 0.0000
vt 0.6738 1.9337 0.0000
vt 0.6698 1.9418 0.0000
vt 0.7286 1.8029 0.0000
vt 0.7192 1.8072 0.0000
vt 0.7250 1.7977 0.0000
vt 0.7384 1.7904 0.0000
vt 0.7294 1.8117 0.0000
vt 0.7174 1.8159 0.0000
vt 0.7432 1.7987 0.0000
vt 0.5397 1.8881 0.0000
vt 0.5407 1.8800 0.0000
vt 0.5321 1.8841 0.0000
vt 0.5471 1.8746 0.0000
vt 0.5406 1.8702 0.0000
vt 0.5347 1.8733 0.0000
vt 0.4077 1.8671 0.0000
vt 0.4115 1.8738 0.0000
vt 0.4062 1.8809 0.0000
vt 0.3967 1.8677 0.0000
vt 0.4017 1.8913 0.0000
vt 0.3892 1.8750 0.0000
vt 0.3958 1.8597 0.0000
vt 0.6523 1.7685 0.0000
vt 0.6611 1.7616 0.0000
vt 0.4454 1.8523 0.0000
vt 0.4507 1.8482 0.0000
vt 0.4443 1.8575 0.0000
vt 0.4368 1.8579 0.0000
vt 0.4513 1.8541 0.0000
vt 0.3291 1.6880 0.0000
vt 0.3283 1.6930 0.0000
vt 0.3381 1.6943 0.0000
vt 0.3329 1.6998 0.0000
vt 0.3213 1.6959 0.0000
vt 0.3183 1.6852 0.0000
vt 0.3244 1.7035 0.0000
vt 0.3394 1.8628 0.0000
vt 0.3466 1.8671 0.0000
vt 0.3398 1.8577 0.0000
vt 0.3513 1.8593 0.0000
vt 0.4161 1.8585 0.0000
vt 0.4134 1.8267 0.0000
vt 0.4138 1.8227 0.0000
vt 0.4185 1.8201 0.0000
vt 0.4207 1.8281 0.0000
vt 0.4277 1.8181 0.0000
vt 0.4243 1.8133 0.0000
vt 0.4284 1.8302 0.0000
vt 0.4322 1.8214 0.0000
vt 0.7696 1.5270 0.0000
vt 0.7829 1.5169 0.0000
vt 0.7822 1.5348 0.0000
vt 0.7718 1.5345 0.0000
vt 0.6758 1.7007 0.0000
vt 0.6821 1.6898 0.0000
vt 0.6730 1.7104 0.0000
vt 0.6644 1.7099 0.0000
vt 0.3392 1.8387 0.0000
vt 0.3376 1.8454 0.0000
vt 0.3307 1.8436 0.0000
vt 0.3332 1.8302 0.0000
vt 0.3283 1.8354 0.0000
vt 0.3276 1.8258 0.0000
vt 0.3414 1.8259 0.0000
vt 0.3423 1.8338 0.0000
vt 0.2669 1.8285 0.0000
vt 0.2598 1.8179 0.0000
vt 0.2608 1.8309 0.0000
vt 0.2640 1.8111 0.0000
vt 0.2431 1.8063 0.0000
vt 0.2483 1.8025 0.0000
vt 0.4272 1.9171 0.0000
vt 0.4468 1.9159 0.0000
vt 0.4374 1.9326 0.0000
vt 0.4189 1.9326 0.0000
vt 0.4046 1.9223 0.0000
vt 0.4114 1.9120 0.0000
vt 0.4029 1.9466 0.0000
vt 0.3922 1.9339 0.0000
vt 0.4336 1.9484 0.0000
vt 0.4228 1.9458 0.0000
vt 0.0570 1.7152 0.0000
vt 0.0670 1.7164 0.0000
vt 0.0586 1.7268 0.0000
vt 0.0545 1.7233 0.0000
vt 0.0410 1.7255 0.0000
vt 0.0406 1.7347 0.0000
vt 0.7207 1.7426 0.0000
vt 0.7249 1.7399 0.0000
vt 0.7164 1.7449 0.0000
vt 0.4236 1.8747 0.0000
vt 0.4288 1.8842 0.0000
vt 0.4234 1.8876 0.0000
vt 0.4179 1.8818 0.0000
vt 0.4256 1.8943 0.0000
vt 0.4159 1.8911 0.0000
vt 0.4353 1.8916 0.0000
vt 0.7158 1.7758 0.0000
vt 0.7217 1.7671 0.0000
vt 0.7271 1.7679 0.0000
vt 0.7287 1.7645 0.0000
vt 0.1655 1.6603 0.0000
vt 0.1740 1.6399 0.0000
vt 0.1802 1.6446 0.0000
vt 0.8350 1.9530 0.0000
vt 0.8189 1.9471 0.0000
vt 0.8031 1.9423 0.0000
vt 0.4525 1.8957 0.0000
vt 0.4617 1.9060 0.0000
vt 0.4421 1.9017 0.0000
vt 0.4593 1.9207 0.0000
vt 0.4493 1.9355 0.0000
vt 0.4705 1.9101 0.0000
vt 0.6488 1.8202 0.0000
vt 0.6567 1.8268 0.0000
vt 0.6537 1.8201 0.0000
vt 0.6679 1.8264 0.0000
vt 0.6625 1.8308 0.0000
vt 0.6735 1.8247 0.0000
vt 0.4035 1.8485 0.0000
vt 0.3987 1.8532 0.0000
vt 0.9178 1.7812 0.0000
vt 0.9203 1.7977 0.0000
vt 0.9142 1.7969 0.0000
vt 0.9040 1.7790 0.0000
vt 0.9261 1.7947 0.0000
vt 0.9235 1.7662 0.0000
vt 0.9056 1.7534 0.0000
vt 0.5546 1.8855 0.0000
vt 0.5564 1.8889 0.0000
vt 0.6976 1.7883 0.0000
vt 0.7021 1.7865 0.0000
vt 0.7013 1.7935 0.0000
vt 0.6963 1.7930 0.0000
vt 0.6946 1.7854 0.0000
vt 0.6991 1.7822 0.0000
vt 0.6920 1.7915 0.0000
vt 0.3150 1.7088 0.0000
vt 0.3126 1.7019 0.0000
vt 0.3055 1.7082 0.0000
vt 0.3058 1.7153 0.0000
vt 0.2979 1.7222 0.0000
vt 0.3001 1.7064 0.0000
vt 0.3085 1.6921 0.0000
vt 0.7259 1.7587 0.0000
vt 0.2628 1.7404 0.0000
vt 0.2584 1.7453 0.0000
vt 0.2495 1.7385 0.0000
vt 0.2518 1.7350 0.0000
vt 0.2653 1.7333 0.0000
vt 0.2420 1.7299 0.0000
vt 0.7226 1.6971 0.0000
vt 0.7269 1.6919 0.0000
vt 0.7232 1.7531 0.0000
vt 0.7098 1.7394 0.0000
vt 0.7146 1.7379 0.0000
vt 0.7078 1.7439 0.0000
vt 0.6815 1.6339 0.0000
vt 0.6693 1.6105 0.0000
vt 0.6756 1.5992 0.0000
vt 0.3237 1.9373 0.0000
vt 0.3241 1.9309 0.0000
vt 0.3150 1.9347 0.0000
vt 0.3179 1.9273 0.0000
vt 0.3316 1.9286 0.0000
vt 0.3331 1.9367 0.0000
vt 0.3252 1.9209 0.0000
vt 0.7347 1.8306 0.0000
vt 0.7248 1.8345 0.0000
vt 0.7252 1.8232 0.0000
vt 0.7327 1.8226 0.0000
vt 0.7381 1.8161 0.0000
vt 0.7429 1.8247 0.0000
vt 0.7952 1.5059 0.0000
vt 0.7986 1.5214 0.0000
vt 0.2477 1.7642 0.0000
vt 0.2573 1.7584 0.0000
vt 0.2687 1.7552 0.0000
vt 0.2704 1.7639 0.0000
vt 0.2699 1.7692 0.0000
vt 0.3332 1.7458 0.0000
vt 0.3318 1.7414 0.0000
vt 0.2810 1.9033 0.0000
vt 0.2897 1.9049 0.0000
vt 0.2931 1.9173 0.0000
vt 0.2931 1.9295 0.0000
vt 0.2973 1.9025 0.0000
vt 0.3032 1.9121 0.0000
vt 0.3671 1.7776 0.0000
vt 0.3801 1.7717 0.0000
vt 0.1163 1.6467 0.0000
vt 0.1215 1.6506 0.0000
vt 0.1192 1.6588 0.0000
vt 0.1089 1.6583 0.0000
vt 0.1023 1.6525 0.0000
vt 0.1099 1.6417 0.0000
vt 0.1174 1.6701 0.0000
vt 0.1068 1.6701 0.0000
vt 0.1002 1.6627 0.0000
vt 0.0971 1.6700 0.0000
vt 0.0945 1.6580 0.0000
vt 0.2300 1.6807 0.0000
vt 0.7936 1.6750 0.0000
vt 0.7055 1.6739 0.0000
vt 0.7067 1.6808 0.0000
vt 0.6968 1.6771 0.0000
vt 0.6982 1.6700 0.0000
vt 0.7081 1.6649 0.0000
vt 0.7134 1.6725 0.0000
vt 0.1364 1.6844 0.0000
vt 0.1389 1.6766 0.0000
vt 0.1461 1.6776 0.0000
vt 0.1418 1.6878 0.0000
vt 0.1371 1.6964 0.0000
vt 0.3258 1.9140 0.0000
vt 0.3373 1.9118 0.0000
vt 0.3126 1.9190 0.0000
vt 0.3170 1.9146 0.0000
vt 0.3070 1.9239 0.0000
vt 0.5586 1.8877 0.0000
vt 0.6784 1.8162 0.0000
vt 0.3471 1.8508 0.0000
vt 0.3528 1.8507 0.0000
vt 0.3453 1.8468 0.0000
vt 0.3516 1.8483 0.0000
vt 0.3463 1.8416 0.0000
vt 0.3572 1.8441 0.0000
vt 0.3478 1.8351 0.0000
vt 0.3537 1.8372 0.0000
vt 0.3584 1.8261 0.0000
vt 0.3664 1.8340 0.0000
vt 0.5924 1.8727 0.0000
vt 0.5954 1.8860 0.0000
vt 0.5854 1.8870 0.0000
vt 0.2373 1.6858 0.0000
vt 0.2432 1.6835 0.0000
vt 0.2421 1.6776 0.0000
vt 0.2508 1.6773 0.0000
vt 0.2591 1.6762 0.0000
vt 0.2519 1.7477 0.0000
vt 0.2451 1.7409 0.0000
vt 0.6765 1.9487 0.0000
vt 0.8565 1.7000 0.0000
vt 0.8564 1.7185 0.0000
vt 0.8440 1.7154 0.0000
vt 0.8450 1.6958 0.0000
vt 0.8574 1.6863 0.0000
vt 0.8496 1.6819 0.0000
vt 0.8323 1.6973 0.0000
vt 0.8318 1.7142 0.0000
vt 0.8376 1.6816 0.0000
vt 0.8281 1.6830 0.0000
vt 0.8428 1.6774 0.0000
vt 0.1637 1.7208 0.0000
vt 0.1556 1.7301 0.0000
vt 0.1511 1.7263 0.0000
vt 0.1567 1.7147 0.0000
vt 0.1438 1.7110 0.0000
vt 0.1466 1.7003 0.0000
vt 0.1571 1.7018 0.0000
vt 0.1394 1.7204 0.0000
vt 0.1694 1.7071 0.0000
vt 0.1767 1.7126 0.0000
vt 0.1666 1.6995 0.0000
vt 0.2371 1.7459 0.0000
vt 0.2221 1.7458 0.0000
vt 0.2312 1.7524 0.0000
vt 0.2278 1.7347 0.0000
vt 0.6866 1.6758 0.0000
vt 0.6866 1.6674 0.0000
vt 0.6893 1.6490 0.0000
vt 0.6958 1.6585 0.0000
vt 0.6809 1.6568 0.0000
vt 0.1030 1.6944 0.0000
vt 0.1035 1.7066 0.0000
vt 0.0915 1.7099 0.0000
vt 0.0890 1.6946 0.0000
vt 0.0794 1.7034 0.0000
vt 0.0800 1.7157 0.0000
vt 0.0716 1.6969 0.0000
vt 0.0766 1.6865 0.0000
vt 0.0930 1.6803 0.0000
vt 0.1045 1.6818 0.0000
vt 0.0813 1.6739 0.0000
vt 0.5245 1.8588 0.0000
vt 0.5227 1.8671 0.0000
vt 0.5138 1.8692 0.0000
vt 0.5158 1.8544 0.0000
vt 0.5208 1.8465 0.0000
vt 0.5312 1.8477 0.0000
vt 0.5039 1.8684 0.0000
vt 0.5009 1.8533 0.0000
vt 0.7062 1.7468 0.0000
vt 0.6975 1.7482 0.0000
vt 0.7665 1.5161 0.0000
vt 0.7599 1.5077 0.0000
vt 0.6698 1.8334 0.0000
vt 0.3332 1.9694 0.0000
vt 0.3088 1.9773 0.0000
vt 0.9005 1.9284 0.0000
vt 0.7305 1.7541 0.0000
vt 0.7835 1.8989 0.0000
vt 0.7915 1.9100 0.0000
vt 0.7731 1.9088 0.0000
vt 0.7787 1.9261 0.0000
vt 0.7621 1.9163 0.0000
vt 0.7711 1.9465 0.0000
vt 0.7735 1.8921 0.0000
vt 0.0688 1.7881 0.0000
vt 0.0799 1.7641 0.0000
vt 0.0848 1.7740 0.0000
vt 0.0749 1.8095 0.0000
vt 0.0742 1.7550 0.0000
vt 0.0541 1.7888 0.0000
vt 0.0593 1.8227 0.0000
vt 0.2084 1.7766 0.0000
vt 0.2031 1.7854 0.0000
vt 0.1970 1.7822 0.0000
vt 0.1988 1.7744 0.0000
vt 0.6974 1.6844 0.0000
vt 0.7065 1.6881 0.0000
vt 0.7176 1.6832 0.0000
vt 0.7151 1.6909 0.0000
vt 0.4288 1.8716 0.0000
vt 0.4187 1.8650 0.0000
vt 0.4381 1.8681 0.0000
vt 0.5456 1.9301 0.0000
vt 0.5397 1.9323 0.0000
vt 0.5372 1.9247 0.0000
vt 0.5427 1.9211 0.0000
vt 0.5518 1.9210 0.0000
vt 0.5512 1.9144 0.0000
vt 0.5439 1.9146 0.0000
vt 0.5356 1.9161 0.0000
vt 0.5309 1.9226 0.0000
vt 0.5389 1.9131 0.0000
vt 0.3916 1.8117 0.0000
vt 0.3834 1.8099 0.0000
vt 0.3799 1.8202 0.0000
vt 0.3754 1.8188 0.0000
vt 0.3707 1.8194 0.0000
vt 0.3734 1.8029 0.0000
vt 0.3734 1.7896 0.0000
vt 0.5329 1.9372 0.0000
vt 0.5450 1.9372 0.0000
vt 0.8630 1.7005 0.0000
vt 0.8605 1.6803 0.0000
vt 0.8700 1.7215 0.0000
vt 0.8736 1.6980 0.0000
vt 0.7170 1.8893 0.0000
vt 0.7246 1.8865 0.0000
vt 0.7275 1.8941 0.0000
vt 0.7198 1.8957 0.0000
vt 0.7067 1.8939 0.0000
vt 0.7133 1.9029 0.0000
vt 0.7278 1.9015 0.0000
vt 0.7542 1.7291 0.0000
vt 0.7479 1.7285 0.0000
vt 0.7459 1.7199 0.0000
vt 0.7566 1.7355 0.0000
vt 0.7506 1.7344 0.0000
vt 0.7931 1.9225 0.0000
vt 0.7904 1.9358 0.0000
vt 0.4979 1.9214 0.0000
vt 0.5167 1.9283 0.0000
vt 0.5139 1.9178 0.0000
vt 0.4871 1.9165 0.0000
vt 0.4953 1.9049 0.0000
vt 0.5020 1.9067 0.0000
vt 0.5127 1.9058 0.0000
vt 0.2895 1.7073 0.0000
vt 0.2882 1.6957 0.0000
vt 0.2963 1.6896 0.0000
vt 0.2898 1.7203 0.0000
vt 0.3118 1.8399 0.0000
vt 0.2613 1.6369 0.0000
vt 0.2648 1.6320 0.0000
vt 0.2645 1.6380 0.0000
vt 0.7635 1.4423 0.0000
vt 0.1126 1.6119 0.0000
vt 0.1113 1.5992 0.0000
vt 0.1013 1.6114 0.0000
vt 0.1070 1.6166 0.0000
vt 0.4064 1.8221 0.0000
vt 0.4090 1.8182 0.0000
vt 0.4134 1.8118 0.0000
vt 0.1484 1.8311 0.0000
vt 0.1445 1.8535 0.0000
vt 0.1429 1.8011 0.0000
vt 0.1325 1.7680 0.0000
vt 0.1337 1.7746 0.0000
vt 0.1279 1.7761 0.0000
vt 0.1294 1.7659 0.0000
vt 0.4808 1.8475 0.0000
vt 0.4896 1.8442 0.0000
vt 0.4858 1.8521 0.0000
vt 0.4824 1.8553 0.0000
vt 0.1390 1.7630 0.0000
vt 0.1535 1.7566 0.0000
vt 0.1380 1.7585 0.0000
vt 0.1505 1.7495 0.0000
vt 0.1627 1.7576 0.0000
vt 0.1553 1.7712 0.0000
vt 0.1467 1.7703 0.0000
vt 0.1377 1.7702 0.0000
vt 0.0877 1.6651 0.0000
vt 0.6525 1.8317 0.0000
vt 0.6387 1.8257 0.0000
vt 0.6372 1.8148 0.0000
vt 0.6370 1.8022 0.0000
vt 0.3490 1.7476 0.0000
vt 0.3439 1.7459 0.0000
vt 0.3467 1.7532 0.0000
vt 0.3524 1.7413 0.0000
vt 0.3433 1.7413 0.0000
vt 0.3470 1.7404 0.0000
vt 0.3398 1.7408 0.0000
vt 0.7754 1.7427 0.0000
vt 0.5469 1.9468 0.0000
vt 0.5338 1.9519 0.0000
vt 0.5676 1.8921 0.0000
vt 0.5597 1.8924 0.0000
vt 0.3377 1.8504 0.0000
vt 0.6866 1.6988 0.0000
vt 0.6922 1.7056 0.0000
vt 0.6933 1.6940 0.0000
vt 0.6975 1.7012 0.0000
vt 0.7058 1.6998 0.0000
vt 0.7043 1.7086 0.0000
vt 0.7101 1.7057 0.0000
vt 0.6979 1.6912 0.0000
vt 0.6990 1.6947 0.0000
vt 0.7036 1.6957 0.0000
vt 0.6995 1.7108 0.0000
vt 0.7326 1.8818 0.0000
vt 0.7355 1.8906 0.0000
vt 0.7360 1.8975 0.0000
vt 0.2614 1.6278 0.0000
vt 0.4053 1.8119 0.0000
vt 0.4015 1.8136 0.0000
vt 0.8271 1.8700 0.0000
vt 0.8235 1.8556 0.0000
vt 0.8068 1.8581 0.0000
vt 0.8068 1.8447 0.0000
vt 0.8214 1.8343 0.0000
vt 0.2646 1.8382 0.0000
vt 0.2703 1.8376 0.0000
vt 0.2586 1.8422 0.0000
vt 0.3143 1.7424 0.0000
vt 0.3191 1.7350 0.0000
vt 0.3277 1.7363 0.0000
vt 0.3701 1.8358 0.0000
vt 0.7184 1.4882 0.0000
vt 0.2662 1.6219 0.0000
vt 0.2549 1.6213 0.0000
vt 0.7020 1.7729 0.0000
vt 0.6956 1.7755 0.0000
vt 0.3595 1.8552 0.0000
vt 0.3590 1.8720 0.0000
vt 0.3659 1.8695 0.0000
vt 0.1497 1.7853 0.0000
vt 0.1696 1.8276 0.0000
vt 0.1641 1.8402 0.0000
vt 0.1783 1.8187 0.0000
vt 0.7485 1.8562 0.0000
vt 0.7521 1.8630 0.0000
vt 0.7689 1.8563 0.0000
vt 0.7676 1.8491 0.0000
vt 0.7929 1.8380 0.0000
vt 0.7889 1.8472 0.0000
vt 0.7433 1.8509 0.0000
vt 0.7542 1.8454 0.0000
vt 0.7619 1.8382 0.0000
vt 0.7737 1.8390 0.0000
vt 0.7405 1.8990 0.0000
vt 0.7304 1.9072 0.0000
vt 0.7436 1.8888 0.0000
vt 0.8417 1.6552 0.0000
vt 0.8523 1.6601 0.0000
vt 0.8636 1.6488 0.0000
vt 0.8709 1.6741 0.0000
vt 0.3175 1.7870 0.0000
vt 0.5544 1.8475 0.0000
vt 0.5481 1.8570 0.0000
vt 0.5444 1.8490 0.0000
vt 0.5459 1.8531 0.0000
vt 0.5558 1.8522 0.0000
vt 0.7943 1.4699 0.0000
vt 0.7944 1.4859 0.0000
vt 0.1738 1.6870 0.0000
vt 0.1297 1.8757 0.0000
vt 0.1164 1.8835 0.0000
vt 0.3746 1.7813 0.0000
vt 0.3135 1.7795 0.0000
vt 0.3055 1.7637 0.0000
vt 0.3176 1.7826 0.0000
vt 0.4822 1.9796 0.0000
vt 0.4953 1.9908 0.0000
vt 0.5077 1.9824 0.0000
vt 0.7901 1.9584 0.0000
vt 0.2501 1.9250 0.0000
vt 0.4184 1.7940 0.0000
vt 0.2880 1.7536 0.0000
vt 0.2953 1.7537 0.0000
vt 0.7271 1.6362 0.0000
vt 0.7191 1.6350 0.0000
vt 0.7271 1.6298 0.0000
vt 0.7169 1.6291 0.0000
vt 0.7221 1.6248 0.0000
vt 0.7348 1.6334 0.0000
vt 0.7363 1.6256 0.0000
vt 0.4634 1.8804 0.0000
vt 0.4655 1.8748 0.0000
vt 0.4702 1.8768 0.0000
vt 0.4676 1.8838 0.0000
vt 0.4632 1.8937 0.0000
vt 0.4749 1.8904 0.0000
vt 0.4607 1.8872 0.0000
vt 0.4736 1.8817 0.0000
vt 0.4759 1.8763 0.0000
vt 0.4602 1.8833 0.0000
vt 0.6316 1.7996 0.0000
vt 0.6257 1.8120 0.0000
vt 0.6267 1.8233 0.0000
vt 0.6192 1.8242 0.0000
vt 0.6142 1.8176 0.0000
vt 0.7070 1.5864 0.0000
vt 0.3004 1.8363 0.0000
vt 0.6532 1.8529 0.0000
vt 0.6573 1.8440 0.0000
vt 0.6661 1.8488 0.0000
vt 0.6593 1.8587 0.0000
vt 0.6471 1.8418 0.0000
vt 0.6433 1.8530 0.0000
vt 0.6473 1.8642 0.0000
vt 0.5964 1.8955 0.0000
vt 0.5860 1.8950 0.0000
vt 0.5949 1.9043 0.0000
vt 0.5931 1.9114 0.0000
vt 0.5769 1.8992 0.0000
vt 0.5774 1.8934 0.0000
vt 0.1362 1.6660 0.0000
vt 0.1277 1.6681 0.0000
vt 0.1447 1.6662 0.0000
vt 0.3448 1.7338 0.0000
vt 0.3497 1.7336 0.0000
vt 0.2740 1.7465 0.0000
vt 0.2754 1.7355 0.0000
vt 0.2869 1.7339 0.0000
vt 0.2957 1.7381 0.0000
vt 0.2847 1.7601 0.0000
vt 0.2881 1.7696 0.0000
vt 0.6636 1.8375 0.0000
vt 0.3032 1.7299 0.0000
vt 0.3000 1.7413 0.0000
vt 0.3100 1.7214 0.0000
vt 0.2700 1.6619 0.0000
vt 0.2775 1.6643 0.0000
vt 0.2693 1.6691 0.0000
vt 0.2752 1.6703 0.0000
vt 0.2749 1.6754 0.0000
vt 0.2665 1.6759 0.0000
vt 0.2801 1.6700 0.0000
vt 0.1107 1.5902 0.0000
vt 0.1306 1.5899 0.0000
vt 0.1280 1.5781 0.0000
vt 0.1081 1.5860 0.0000
vt 0.1433 1.5781 0.0000
vt 0.7353 1.5699 0.0000
vt 0.7407 1.5257 0.0000
vt 0.7286 1.5146 0.0000
vt 0.7233 1.5312 0.0000
vt 0.7093 1.5257 0.0000
vt 0.7035 1.5134 0.0000
vt 0.7124 1.5093 0.0000
vt 0.7358 1.5093 0.0000
vt 0.6892 1.5198 0.0000
vt 0.3056 1.9317 0.0000
vt 0.1793 1.8799 0.0000
vt 0.1790 1.8695 0.0000
vt 0.2134 1.8802 0.0000
vt 0.7285 1.5420 0.0000
vt 0.7411 1.5410 0.0000
vt 0.7413 1.5492 0.0000
vt 0.7291 1.5509 0.0000
vt 0.7268 1.5376 0.0000
vt 0.7351 1.5355 0.0000
vt 0.7495 1.7141 0.0000
vt 0.3009 1.8246 0.0000
vt 0.1852 1.7261 0.0000
vt 0.1186 1.7248 0.0000
vt 0.1276 1.7257 0.0000
vt 0.1188 1.7306 0.0000
vt 0.1240 1.7336 0.0000
vt 0.1130 1.7387 0.0000
vt 0.1090 1.7343 0.0000
vt 0.7245 1.6168 0.0000
vt 0.3496 1.8253 0.0000
vt 0.4565 1.8823 0.0000
vt 0.4595 1.8791 0.0000
vt 0.4539 1.8874 0.0000
vt 0.7830 1.6857 0.0000
vt 0.7758 1.6857 0.0000
vt 0.7764 1.6783 0.0000
vt 0.7850 1.6812 0.0000
vt 0.7846 1.6906 0.0000
vt 0.7740 1.6916 0.0000
vt 0.1987 1.8086 0.0000
vt 0.1967 1.8146 0.0000
vt 0.5246 1.9122 0.0000
vt 0.5316 1.9091 0.0000
vt 0.4928 1.8595 0.0000
vt 0.4963 1.8705 0.0000
vt 0.5000 1.8417 0.0000
vt 0.5102 1.8422 0.0000
vt 0.4882 1.8370 0.0000
vt 0.5217 1.8756 0.0000
vt 0.5142 1.8840 0.0000
vt 0.5070 1.8816 0.0000
vt 0.5284 1.8704 0.0000
vt 0.7533 1.9068 0.0000
vt 0.7607 1.8916 0.0000
vt 0.7463 1.9335 0.0000
vt 0.7502 1.9538 0.0000
vt 0.7405 1.9205 0.0000
vt 0.2951 1.8198 0.0000
vt 0.2991 1.8173 0.0000
vt 0.7156 1.5357 0.0000
vt 0.7138 1.5403 0.0000
vt 0.6144 1.8329 0.0000
vt 0.6062 1.8264 0.0000
vt 0.6842 1.7986 0.0000
vt 0.6802 1.8075 0.0000
vt 0.8486 1.6699 0.0000
vt 0.6747 1.7379 0.0000
vt 0.1788 1.7618 0.0000
vt 0.1706 1.7594 0.0000
vt 0.1845 1.7527 0.0000
vt 0.1972 1.7518 0.0000
vt 0.1907 1.7620 0.0000
vt 0.2832 1.7632 0.0000
vt 0.2808 1.7699 0.0000
vt 0.2261 1.7879 0.0000
vt 0.2322 1.7957 0.0000
vt 0.2225 1.7916 0.0000
vt 0.2197 1.7821 0.0000
vt 0.2177 1.7897 0.0000
vt 0.8626 1.8526 0.0000
vt 0.8518 1.8472 0.0000
vt 0.8625 1.8242 0.0000
vt 0.8461 1.8053 0.0000
vt 0.8718 1.8518 0.0000
vt 0.8763 1.8183 0.0000
vt 0.8621 1.7885 0.0000
vt 0.5773 1.9323 0.0000
vt 0.5731 1.9351 0.0000
vt 0.7561 1.6567 0.0000
vt 0.7643 1.6619 0.0000
vt 0.7595 1.6632 0.0000
vt 0.7522 1.6605 0.0000
vt 0.4723 1.9001 0.0000
vt 0.4417 1.8887 0.0000
vt 0.4473 1.8837 0.0000
vt 0.7440 1.8771 0.0000
vt 0.7554 1.8693 0.0000
vt 0.7513 1.8800 0.0000
vt 0.7590 1.8741 0.0000
vt 0.7515 1.8889 0.0000
vt 0.4279 1.8066 0.0000
vt 0.4196 1.8065 0.0000
vt 0.4258 1.7994 0.0000
vt 0.4309 1.8070 0.0000
vt 0.4290 1.7966 0.0000
vt 0.7841 1.7729 0.0000
vt 0.7735 1.7776 0.0000
vt 0.7900 1.7489 0.0000
vt 0.7985 1.7682 0.0000
vt 0.8105 1.7357 0.0000
vt 0.6916 1.5466 0.0000
vt 0.6944 1.7341 0.0000
vt 0.6986 1.7279 0.0000
vt 0.7012 1.7346 0.0000
vt 0.6972 1.7373 0.0000
vt 0.6962 1.7436 0.0000
vt 0.6918 1.7419 0.0000
vt 0.7033 1.7404 0.0000
vt 0.3584 1.7084 0.0000
vt 0.3671 1.7102 0.0000
vt 0.3499 1.7067 0.0000
vt 0.3447 1.7079 0.0000
vt 0.2305 1.6719 0.0000
vt 0.2341 1.6765 0.0000
vt 0.2349 1.6809 0.0000
vt 0.4232 1.7864 0.0000
vt 0.4080 1.7822 0.0000
vt 0.4066 1.7709 0.0000
vt 0.3862 1.7808 0.0000
vt 0.6826 1.7905 0.0000
vt 0.6875 1.7902 0.0000
vt 0.6781 1.7855 0.0000
vt 0.4403 1.8079 0.0000
vt 0.4451 1.8170 0.0000
vt 0.2640 1.7753 0.0000
vt 0.2705 1.7745 0.0000
vt 0.2690 1.7808 0.0000
vt 0.2627 1.7802 0.0000
vt 0.3233 1.8854 0.0000
vt 0.3364 1.8826 0.0000
vt 0.3407 1.8903 0.0000
vt 0.3298 1.8928 0.0000
vt 0.3198 1.8945 0.0000
vt 0.3171 1.8891 0.0000
vt 0.1666 1.6704 0.0000
vt 0.7573 1.5819 0.0000
vt 0.7646 1.5763 0.0000
vt 0.7779 1.5713 0.0000
vt 0.7332 1.6385 0.0000
vt 0.7285 1.6414 0.0000
vt 0.7301 1.6460 0.0000
vt 0.7374 1.6414 0.0000
vt 0.7413 1.6335 0.0000
vt 0.7222 1.8799 0.0000
vt 0.7154 1.8800 0.0000
vt 0.3133 1.9092 0.0000
vt 0.3241 1.9077 0.0000
vt 0.2835 1.7173 0.0000
vt 0.2793 1.7223 0.0000
vt 0.2746 1.7131 0.0000
vt 0.2815 1.7106 0.0000
vt 0.9156 1.8166 0.0000
vt 0.9051 1.8100 0.0000
vt 0.7555 1.8809 0.0000
vt 0.7620 1.8784 0.0000
vt 0.7631 1.8834 0.0000
vt 0.7563 1.8843 0.0000
vt 0.2724 1.7255 0.0000
vt 0.2646 1.7278 0.0000
vt 0.0809 1.6614 0.0000
vt 0.0728 1.6707 0.0000
vt 0.0745 1.6591 0.0000
vt 0.0633 1.6673 0.0000
vt 0.8086 1.4759 0.0000
vt 0.8036 1.4872 0.0000
vt 0.8042 1.4697 0.0000
vt 0.0773 1.6503 0.0000
vt 0.0873 1.6537 0.0000
vt 0.7491 1.6297 0.0000
vt 0.7449 1.6360 0.0000
vt 0.7479 1.6381 0.0000
vt 0.7552 1.6300 0.0000
vt 0.7546 1.6352 0.0000
vt 0.7505 1.6420 0.0000
vt 0.3466 1.7293 0.0000
vt 0.3423 1.7276 0.0000
vt 0.7635 1.7443 0.0000
vt 0.7545 1.7443 0.0000
vt 0.7193 1.5619 0.0000
vt 0.7315 1.5610 0.0000
vt 0.7108 1.6963 0.0000
vt 0.7052 1.6941 0.0000
vt 0.2046 1.8188 0.0000
vt 0.2148 1.8243 0.0000
vt 0.6915 1.7543 0.0000
vt 0.6917 1.7496 0.0000
vt 0.6804 1.8252 0.0000
vt 0.6768 1.8332 0.0000
vt 0.7095 1.6571 0.0000
vt 0.0909 1.7246 0.0000
vt 0.0720 1.7374 0.0000
vt 0.0916 1.7362 0.0000
vt 0.0630 1.7315 0.0000
vt 0.0726 1.7175 0.0000
vt 0.4618 1.8648 0.0000
vt 0.4669 1.8603 0.0000
vt 0.4642 1.8660 0.0000
vt 0.4701 1.8642 0.0000
vt 0.4652 1.8702 0.0000
vt 0.4581 1.8708 0.0000
vt 0.4717 1.8705 0.0000
vt 0.7405 1.5031 0.0000
vt 0.7192 1.5046 0.0000
vt 0.7069 1.4971 0.0000
vt 0.2651 1.6662 0.0000
vt 0.2588 1.6689 0.0000
vt 0.2575 1.6626 0.0000
vt 0.2495 1.6619 0.0000
vt 0.2502 1.6695 0.0000
vt 0.2032 1.6249 0.0000
vt 0.1998 1.6324 0.0000
vt 0.1919 1.6263 0.0000
vt 0.1966 1.6152 0.0000
vt 0.2128 1.6271 0.0000
vt 0.2087 1.6144 0.0000
vt 0.3241 1.8236 0.0000
vt 0.5695 1.8984 0.0000
vt 0.5630 1.8993 0.0000
vt 0.7145 1.5507 0.0000
vt 0.4528 1.8789 0.0000
vt 0.4586 1.8757 0.0000
vt 0.4620 1.8567 0.0000
vt 0.4653 1.8579 0.0000
vt 0.4533 1.8597 0.0000
vt 0.4564 1.8630 0.0000
vt 0.5473 1.8654 0.0000
vt 0.5427 1.8598 0.0000
vt 0.2400 1.6236 0.0000
vt 0.2419 1.6150 0.0000
vt 0.5378 1.9079 0.0000
vt 0.5438 1.9079 0.0000
vt 0.7506 1.7062 0.0000
vt 0.7482 1.6976 0.0000
vt 0.5251 1.8774 0.0000
vt 0.5220 1.8855 0.0000
vt 0.8112 1.6911 0.0000
vt 0.8139 1.7076 0.0000
vt 0.8051 1.7107 0.0000
vt 0.5893 1.9185 0.0000
vt 0.5961 1.9217 0.0000
vt 0.5805 1.9184 0.0000
vt 0.5769 1.9264 0.0000
vt 0.5753 1.9207 0.0000
vt 0.7001 1.4960 0.0000
vt 0.7014 1.4886 0.0000
vt 0.5317 1.8638 0.0000
vt 0.7482 1.7394 0.0000
vt 0.7433 1.7339 0.0000
vt 0.7577 1.6957 0.0000
vt 0.7476 1.6877 0.0000
vt 0.7513 1.6845 0.0000
vt 0.7616 1.6895 0.0000
vt 0.7425 1.6923 0.0000
vt 0.3847 1.8209 0.0000
vt 0.3784 1.8712 0.0000
vt 0.3720 1.8537 0.0000
vt 0.3786 1.8545 0.0000
vt 0.3843 1.8519 0.0000
vt 0.3897 1.8911 0.0000
vt 0.3809 1.8855 0.0000
vt 0.2288 1.8332 0.0000
vt 0.1836 1.6714 0.0000
vt 0.1824 1.6781 0.0000
vt 0.1754 1.6784 0.0000
vt 0.1865 1.6770 0.0000
vt 0.1935 1.7088 0.0000
vt 0.1890 1.7150 0.0000
vt 0.7456 1.9007 0.0000
vt 0.4803 1.8839 0.0000
vt 0.4829 1.8760 0.0000
vt 0.7901 1.8791 0.0000
vt 0.7880 1.8858 0.0000
vt 0.8380 1.8499 0.0000
vt 0.6390 1.7881 0.0000
vt 0.3088 1.8939 0.0000
vt 0.2392 1.6992 0.0000
vt 0.8026 1.6708 0.0000
vt 0.8119 1.6731 0.0000
vt 0.7308 1.7223 0.0000
vt 0.7271 1.7248 0.0000
vt 0.7257 1.7173 0.0000
vt 0.7341 1.7246 0.0000
vt 0.7292 1.7295 0.0000
vt 0.6203 1.8486 0.0000
vt 0.6314 1.8513 0.0000
vt 0.3306 1.7346 0.0000
vt 0.3347 1.7345 0.0000
vt 0.2094 1.6691 0.0000
vt 0.2027 1.6721 0.0000
vt 0.2182 1.6645 0.0000
vt 0.7493 1.6253 0.0000
vt 0.3396 1.7341 0.0000
vt 0.8328 1.8220 0.0000
vt 0.8175 1.7964 0.0000
vt 0.8144 1.8100 0.0000
vt 0.8163 1.7819 0.0000
vt 0.6552 1.7222 0.0000
vt 0.6638 1.7190 0.0000
vt 0.1526 1.6679 0.0000
vt 0.3238 1.8089 0.0000
vt 0.3212 1.8228 0.0000
vt 0.3238 1.7982 0.0000
vt 0.7820 1.7452 0.0000
vt 0.7681 1.7702 0.0000
vt 0.7625 1.7623 0.0000
vt 0.7920 1.7274 0.0000
vt 0.3095 1.7432 0.0000
vt 0.3137 1.7349 0.0000
vt 0.3242 1.7314 0.0000
vt 0.3194 1.7289 0.0000
vt 0.0745 1.7085 0.0000
vt 0.0685 1.7064 0.0000
vt 0.2383 1.6649 0.0000
vt 0.2251 1.6671 0.0000
vt 0.1808 1.8411 0.0000
vt 0.1751 1.8470 0.0000
vt 0.1874 1.8542 0.0000
vt 0.1775 1.8574 0.0000
vt 0.1626 1.8571 0.0000
vt 0.7553 1.8301 0.0000
vt 0.3499 1.7706 0.0000
vt 0.2682 1.7852 0.0000
vt 0.2725 1.7883 0.0000
vt 0.2771 1.7843 0.0000
vt 0.2616 1.9528 0.0000
vt 0.2544 1.9459 0.0000
vt 0.2428 1.9447 0.0000
vt 0.2429 1.9565 0.0000
vt 0.7483 1.8066 0.0000
vt 0.7602 1.7936 0.0000
vt 0.7466 1.8362 0.0000
vt 0.8116 1.7197 0.0000
vt 0.8009 1.7255 0.0000
vt 0.8198 1.7134 0.0000
vt 0.6933 1.6159 0.0000
vt 0.6887 1.6138 0.0000
vt 0.1413 1.7812 0.0000
vt 0.6926 1.6077 0.0000
vt 0.6975 1.6140 0.0000
vt 0.2110 1.6005 0.0000
vt 0.2234 1.6108 0.0000
vt 0.2043 1.6051 0.0000
vt 0.1968 1.6020 0.0000
vt 0.1991 1.5942 0.0000
vt 0.8040 1.4612 0.0000
vt 0.8036 1.5015 0.0000
vt 0.4453 1.8652 0.0000
vt 0.4497 1.8717 0.0000
vt 0.4414 1.8767 0.0000
vt 0.7036 1.6144 0.0000
vt 0.7091 1.6128 0.0000
vt 0.7073 1.6207 0.0000
vt 0.7038 1.6189 0.0000
vt 0.4695 1.9756 0.0000
vt 0.6742 1.7831 0.0000
vt 0.6740 1.7778 0.0000
vt 0.6681 1.7789 0.0000
vt 0.7665 1.8324 0.0000
vt 0.7757 1.8285 0.0000
vt 0.3971 1.8190 0.0000
vt 0.6905 1.4953 0.0000
vt 0.6998 1.5319 0.0000
vt 0.6943 1.5382 0.0000
vt 0.6919 1.4856 0.0000
vt 0.1286 1.5730 0.0000
vt 0.1062 1.5823 0.0000
vt 0.0830 1.6030 0.0000
vt 0.0907 1.6022 0.0000
vt 0.2064 1.5893 0.0000
vt 0.1868 1.5891 0.0000
vt 0.1875 1.5984 0.0000
vt 0.1857 1.6097 0.0000
vt 0.1825 1.6210 0.0000
vt 0.1868 1.6357 0.0000
vt 0.1784 1.6310 0.0000
vt 0.1937 1.6408 0.0000
vt 0.2155 1.5955 0.0000
vt 0.2854 1.6555 0.0000
vt 0.2919 1.6785 0.0000
vt 0.2836 1.6624 0.0000
vt 0.2826 1.6772 0.0000
vt 0.2861 1.6849 0.0000
vt 0.6743 1.6425 0.0000
vt 0.4572 1.8105 0.0000
vt 0.4598 1.8166 0.0000
vt 0.4666 1.8241 0.0000
vt 0.4859 1.8284 0.0000
vt 0.4985 1.8335 0.0000
vt 0.3818 1.7275 0.0000
vt 0.3734 1.7267 0.0000
vt 0.3644 1.7258 0.0000
vt 0.3821 1.7420 0.0000
vt 0.3561 1.7235 0.0000
vt 0.3872 1.7587 0.0000
vt 0.3930 1.7698 0.0000
vt 0.3978 1.7806 0.0000
vt 0.4040 1.8269 0.0000
vt 0.4009 1.8338 0.0000
vt 0.3925 1.8274 0.0000
vt 0.3995 1.8383 0.0000
vt 0.3914 1.8359 0.0000
vt 0.3821 1.8342 0.0000
vt 0.3941 1.8447 0.0000
vt 0.3883 1.8480 0.0000
vt 0.3778 1.8353 0.0000
vt 0.3734 1.8359 0.0000
vt 0.4002 1.8434 0.0000
vt 0.4053 1.8426 0.0000
vt 0.4062 1.8400 0.0000
vt 0.7933 1.8147 0.0000
vt 0.7942 1.8268 0.0000
vt 0.8109 1.8203 0.0000
vt 0.6638 1.7850 0.0000
vt 0.6599 1.7807 0.0000
vt 0.6660 1.7741 0.0000
vt 0.6571 1.7765 0.0000
vt 0.6643 1.7697 0.0000
vt 0.6548 1.7726 0.0000
vt 0.6630 1.7654 0.0000
vt 0.6735 1.7616 0.0000
vt 0.6725 1.7571 0.0000
vt 0.6572 1.7914 0.0000
vt 0.6632 1.7941 0.0000
vt 0.8065 1.9626 0.0000
vt 0.8220 1.9657 0.0000
vt 0.4568 1.9720 0.0000
vt 0.4553 1.9546 0.0000
vt 0.4452 1.9676 0.0000
vt 0.4451 1.9520 0.0000
vt 0.4575 1.9387 0.0000
vt 0.4678 1.9225 0.0000
vt 0.4793 1.9126 0.0000
vt 0.4807 1.9017 0.0000
vt 0.4892 1.9033 0.0000
vt 0.4896 1.8932 0.0000
vt 0.4955 1.8929 0.0000
vt 0.5012 1.8932 0.0000
vt 0.5076 1.8944 0.0000
vt 0.5001 1.8815 0.0000
vt 0.4946 1.8827 0.0000
vt 0.4830 1.8939 0.0000
vt 0.4893 1.8843 0.0000
vt 0.4901 1.8733 0.0000
vt 0.4821 1.8665 0.0000
vt 0.4874 1.8634 0.0000
vt 0.4794 1.8586 0.0000
vt 0.4776 1.8691 0.0000
vt 0.4752 1.8623 0.0000
vt 0.4699 1.8568 0.0000
vt 0.5157 1.8947 0.0000
vt 0.5247 1.8938 0.0000
vt 0.5225 1.9037 0.0000
vt 0.5303 1.9013 0.0000
vt 0.5331 1.8940 0.0000
vt 0.4318 1.9628 0.0000
vt 0.8352 1.9692 0.0000
vt 0.8492 1.9593 0.0000
vt 0.8476 1.9754 0.0000
vt 0.8620 1.9667 0.0000
vt 0.8586 1.9808 0.0000
vt 0.4185 1.9569 0.0000
vt 0.8739 1.9769 0.0000
vt 0.8672 1.9912 0.0000
vt 0.3807 1.9580 0.0000
vt 0.3594 1.9661 0.0000
vt 0.3587 1.9490 0.0000
vt 0.3760 1.9434 0.0000
vt 0.3567 1.9365 0.0000
vt 0.3701 1.9313 0.0000
vt 0.3841 1.9208 0.0000
vt 0.3641 1.9238 0.0000
vt 0.3753 1.9149 0.0000
vt 0.3845 1.9028 0.0000
vt 0.3946 1.9106 0.0000
vt 0.3999 1.9016 0.0000
vt 0.4141 1.9018 0.0000
vt 0.4285 1.9045 0.0000
vt 0.3686 1.9096 0.0000
vt 0.3769 1.8982 0.0000
vt 0.3654 1.9060 0.0000
vt 0.3718 1.8969 0.0000
vt 0.3740 1.8841 0.0000
vt 0.3676 1.8941 0.0000
vt 0.3688 1.8831 0.0000
vt 0.3716 1.8695 0.0000
vt 0.3656 1.8527 0.0000
vt 0.3615 1.9021 0.0000
vt 0.3505 1.9090 0.0000
vt 0.3482 1.9029 0.0000
vt 0.3365 1.9060 0.0000
vt 0.3343 1.8999 0.0000
vt 0.3451 1.8972 0.0000
vt 0.3226 1.9014 0.0000
vt 0.3107 1.9012 0.0000
vt 0.3559 1.9288 0.0000
vt 0.3425 1.9508 0.0000
vt 0.3446 1.9372 0.0000
vt 0.3306 1.9489 0.0000
vt 0.7096 1.6286 0.0000
vt 0.7111 1.6348 0.0000
vt 0.7021 1.6069 0.0000
vt 0.7109 1.6075 0.0000
vt 0.7137 1.6030 0.0000
vt 0.7217 1.6082 0.0000
vt 0.7159 1.5999 0.0000
vt 0.7259 1.6059 0.0000
vt 0.7293 1.6166 0.0000
vt 0.4338 1.8809 0.0000
vt 0.0657 1.6832 0.0000
vt 0.0539 1.6815 0.0000
vt 0.0610 1.6951 0.0000
vt 0.0489 1.6951 0.0000
vt 0.8092 1.5117 0.0000
vt 0.0584 1.7057 0.0000
vt 0.0449 1.7064 0.0000
vt 0.8134 1.5206 0.0000
vt 0.0427 1.7161 0.0000
vt 0.8211 1.5266 0.0000
vt 0.8303 1.5328 0.0000
vt 0.8188 1.5506 0.0000
vt 0.7980 1.5637 0.0000
vt 0.8413 1.5389 0.0000
vt 0.8261 1.5597 0.0000
vt 0.8011 1.5739 0.0000
vt 0.8548 1.5475 0.0000
vt 0.8373 1.5724 0.0000
vt 0.8098 1.5858 0.0000
vt 0.0422 1.7462 0.0000
vt 0.0468 1.7638 0.0000
vt 0.8734 1.5610 0.0000
vt 0.8583 1.5942 0.0000
vt 0.8951 1.5792 0.0000
vt 0.8856 1.6082 0.0000
vt 0.8828 1.6365 0.0000
vt 0.8593 1.6247 0.0000
vt 0.8858 1.6615 0.0000
vt 0.9025 1.6699 0.0000
vt 0.8870 1.6879 0.0000
vt 0.9033 1.6964 0.0000
vt 0.9176 1.6752 0.0000
vt 0.9168 1.7024 0.0000
vt 0.9185 1.7301 0.0000
vt 0.9026 1.7252 0.0000
vt 0.9305 1.6779 0.0000
vt 0.9312 1.7059 0.0000
vt 0.9338 1.7341 0.0000
vt 0.9351 1.7661 0.0000
vt 0.1101 1.9408 0.0000
vt 0.0928 1.9230 0.0000
vt 0.1034 1.9178 0.0000
vt 0.1188 1.9325 0.0000
vt 0.1393 1.9489 0.0000
vt 0.1339 1.9567 0.0000
vt 0.1593 1.9688 0.0000
vt 0.1638 1.9594 0.0000
vt 0.1271 1.9234 0.0000
vt 0.1441 1.9417 0.0000
vt 0.1664 1.9519 0.0000
vt 0.1880 1.9630 0.0000
vt 0.1869 1.9718 0.0000
vt 0.1494 1.9340 0.0000
vt 0.1704 1.9451 0.0000
vt 0.1893 1.9556 0.0000
vt 0.2069 1.9617 0.0000
vt 0.2073 1.9699 0.0000
vt 0.1727 1.9363 0.0000
vt 0.1904 1.9469 0.0000
vt 0.2073 1.9521 0.0000
vt 0.2243 1.9507 0.0000
vt 0.2245 1.9611 0.0000
vt 0.1912 1.9355 0.0000
vt 0.2077 1.9393 0.0000
vt 0.2227 1.9368 0.0000
vt 0.2388 1.9314 0.0000
vt 0.2213 1.9196 0.0000
vt 0.2353 1.9134 0.0000
vt 0.2183 1.9000 0.0000
vt 0.2285 1.8942 0.0000
vt 0.2242 1.8766 0.0000
vt 0.1755 1.9265 0.0000
vt 0.1559 1.9232 0.0000
vt 0.1620 1.9133 0.0000
vt 0.1703 1.9050 0.0000
vt 0.1528 1.8976 0.0000
vt 0.1655 1.8923 0.0000
vt 0.1483 1.8860 0.0000
vt 0.1651 1.8835 0.0000
vt 0.1442 1.8735 0.0000
vt 0.1640 1.8722 0.0000
vt 0.1349 1.8926 0.0000
vt 0.1432 1.9076 0.0000
vt 0.1344 1.9172 0.0000
vt 0.1240 1.9000 0.0000
vt 0.1137 1.9071 0.0000
vt 0.1047 1.8920 0.0000
vt 0.0893 1.8971 0.0000
vt 0.0850 1.8732 0.0000
vt 0.0964 1.8708 0.0000
vt 0.0792 1.8461 0.0000
vt 0.0920 1.8455 0.0000
vt 0.0884 1.8116 0.0000
vt 0.1007 1.8120 0.0000
vt 0.0924 1.7790 0.0000
vt 0.1004 1.7819 0.0000
vt 0.1107 1.7870 0.0000
vt 0.1079 1.7619 0.0000
vt 0.1140 1.7683 0.0000
vt 0.1201 1.7725 0.0000
vt 0.1223 1.7905 0.0000
vt 0.1336 1.7887 0.0000
vt 0.1214 1.7547 0.0000
vt 0.1255 1.7612 0.0000
vt 0.1354 1.7537 0.0000
vt 0.1338 1.7478 0.0000
vt 0.1482 1.7454 0.0000
vt 0.1462 1.7407 0.0000
vt 0.1601 1.7343 0.0000
vt 0.1649 1.7385 0.0000
vt 0.1730 1.7247 0.0000
vt 0.1418 1.7356 0.0000
vt 0.1316 1.7429 0.0000
vt 0.1352 1.7302 0.0000
vt 0.1281 1.7378 0.0000
vt 0.1200 1.7492 0.0000
vt 0.1182 1.7441 0.0000
vt 0.1022 1.7534 0.0000
vt 0.0977 1.7460 0.0000
vt 0.0943 1.7439 0.0000
vt 0.1072 1.7277 0.0000
vt 0.1054 1.7184 0.0000
vt 0.0680 1.8516 0.0000
vt 0.0741 1.8767 0.0000
vt 0.0810 1.9001 0.0000
vt 0.2440 1.9665 0.0000
vt 0.2261 1.9721 0.0000
vt 0.2462 1.9769 0.0000
vt 0.2267 1.9825 0.0000
vt 0.2078 1.9809 0.0000
vt 0.2263 1.9911 0.0000
vt 0.2060 1.9867 0.0000
vt 0.1851 1.9784 0.0000
vt 0.9116 1.8404 0.0000
vt 0.9206 1.8185 0.0000
vt 0.9209 1.8431 0.0000
vt 0.9291 1.8214 0.0000
vt 0.9340 1.7950 0.0000
vt 0.8984 1.8354 0.0000
vt 0.8951 1.8594 0.0000
vt 0.8841 1.8558 0.0000
vt 0.8918 1.8302 0.0000
vt 0.9047 1.8625 0.0000
vt 0.9030 1.8852 0.0000
vt 0.8921 1.8845 0.0000
vt 0.9164 1.8643 0.0000
vt 0.9147 1.8850 0.0000
vt 0.2479 1.9896 0.0000
vt 0.8807 1.8825 0.0000
vt 0.8687 1.8812 0.0000
vt 0.8947 1.7980 0.0000
vt 0.8710 1.7753 0.0000
vt 0.8809 1.7618 0.0000
vt 0.8663 1.7452 0.0000
vt 0.8877 1.7399 0.0000
vt 0.8873 1.7122 0.0000
vt 0.8533 1.7363 0.0000
vt 0.8405 1.7326 0.0000
vt 0.8270 1.7324 0.0000
vt 0.8202 1.7527 0.0000
vt 0.8171 1.7653 0.0000
vt 0.2627 1.9623 0.0000
vt 0.0956 1.6304 0.0000
vt 0.1032 1.6364 0.0000
vt 0.0950 1.6460 0.0000
vt 0.0847 1.6416 0.0000
vt 0.8223 1.6958 0.0000
vt 0.8208 1.6798 0.0000
vt 0.8086 1.6598 0.0000
vt 0.8173 1.6652 0.0000
vt 0.8224 1.6684 0.0000
vt 0.8116 1.6497 0.0000
vt 0.7999 1.6455 0.0000
vt 0.7990 1.6561 0.0000
vt 0.7889 1.6536 0.0000
vt 0.7931 1.6653 0.0000
vt 0.7836 1.6618 0.0000
vt 0.7805 1.6518 0.0000
vt 0.7842 1.6707 0.0000
vt 0.7747 1.6678 0.0000
vt 0.7743 1.6601 0.0000
vt 0.7853 1.6760 0.0000
vt 0.7760 1.6729 0.0000
vt 0.7684 1.6684 0.0000
vt 0.7674 1.6767 0.0000
vt 0.7605 1.6724 0.0000
vt 0.7640 1.6659 0.0000
vt 0.7648 1.6834 0.0000
vt 0.7562 1.6788 0.0000
vt 0.7731 1.6506 0.0000
vt 0.7954 1.7153 0.0000
vt 0.7958 1.7046 0.0000
vt 0.7849 1.6981 0.0000
vt 0.7724 1.6987 0.0000
vt 0.7382 1.8424 0.0000
vt 0.7256 1.8473 0.0000
vt 0.7140 1.8515 0.0000
vt 0.7145 1.8385 0.0000
vt 0.7153 1.8264 0.0000
vt 0.7035 1.8526 0.0000
vt 0.7049 1.8412 0.0000
vt 0.7063 1.8293 0.0000
vt 0.7077 1.8197 0.0000
vt 0.6956 1.8427 0.0000
vt 0.6981 1.8313 0.0000
vt 0.7000 1.8219 0.0000
vt 0.7022 1.8134 0.0000
vt 0.7101 1.8110 0.0000
vt 0.6906 1.8325 0.0000
vt 0.6932 1.8235 0.0000
vt 0.6950 1.8152 0.0000
vt 0.6977 1.8070 0.0000
vt 0.7050 1.8057 0.0000
vt 0.6867 1.8245 0.0000
vt 0.6893 1.8158 0.0000
vt 0.6914 1.8067 0.0000
vt 0.6948 1.7991 0.0000
vt 0.7000 1.7996 0.0000
vt 0.6837 1.8163 0.0000
vt 0.6859 1.8070 0.0000
vt 0.6893 1.7985 0.0000
vt 0.7097 1.7910 0.0000
vt 0.7076 1.7979 0.0000
vt 0.7174 1.7950 0.0000
vt 0.7138 1.8037 0.0000
vt 0.7283 1.7881 0.0000
vt 0.7397 1.7784 0.0000
vt 0.7459 1.7596 0.0000
vt 0.7494 1.7673 0.0000
vt 0.7533 1.7754 0.0000
vt 0.7574 1.7567 0.0000
vt 0.7565 1.7850 0.0000
vt 0.7510 1.7514 0.0000
vt 0.7441 1.7452 0.0000
vt 0.7386 1.7391 0.0000
vt 0.7351 1.7357 0.0000
vt 0.7400 1.7294 0.0000
vt 0.7371 1.7280 0.0000
vt 0.7324 1.7335 0.0000
vt 0.7283 1.7367 0.0000
vt 0.7246 1.7328 0.0000
vt 0.7224 1.7275 0.0000
vt 0.7193 1.7352 0.0000
vt 0.7165 1.7298 0.0000
vt 0.7147 1.7217 0.0000
vt 0.7198 1.7197 0.0000
vt 0.7105 1.7311 0.0000
vt 0.7094 1.7234 0.0000
vt 0.7044 1.7170 0.0000
vt 0.7087 1.7154 0.0000
vt 0.7059 1.7333 0.0000
vt 0.7045 1.7250 0.0000
vt 0.7007 1.7188 0.0000
vt 0.6954 1.7136 0.0000
vt 0.6950 1.7226 0.0000
vt 0.6904 1.7185 0.0000
vt 0.6890 1.7091 0.0000
vt 0.6848 1.7154 0.0000
vt 0.6907 1.7306 0.0000
vt 0.6852 1.7266 0.0000
vt 0.6798 1.7243 0.0000
vt 0.6752 1.7228 0.0000
vt 0.6793 1.7123 0.0000
vt 0.6844 1.7381 0.0000
vt 0.6807 1.7385 0.0000
vt 0.6840 1.7477 0.0000
vt 0.6887 1.7401 0.0000
vt 0.6821 1.7055 0.0000
vt 0.6708 1.7191 0.0000
vt 0.7157 1.7123 0.0000
vt 0.7166 1.7018 0.0000
vt 0.7225 1.7086 0.0000
vt 0.7113 1.7834 0.0000
vt 0.7070 1.7788 0.0000
vt 0.7104 1.7717 0.0000
vt 0.7171 1.7647 0.0000
vt 0.7211 1.7569 0.0000
vt 0.6836 1.8331 0.0000
vt 0.6869 1.8428 0.0000
vt 0.6792 1.8421 0.0000
vt 0.6717 1.8404 0.0000
vt 0.6742 1.8520 0.0000
vt 0.6827 1.8536 0.0000
vt 0.6781 1.8659 0.0000
vt 0.6675 1.8632 0.0000
vt 0.6931 1.8530 0.0000
vt 0.6907 1.8641 0.0000
vt 0.5437 1.8446 0.0000
vt 0.5534 1.8438 0.0000
vt 0.5368 1.8550 0.0000
vt 0.6915 1.5827 0.0000
vt 0.2797 1.7767 0.0000
vt 0.2873 1.7798 0.0000
vt 0.2860 1.7883 0.0000
vt 0.2771 1.7933 0.0000
vt 0.2913 1.7939 0.0000
vt 0.2813 1.8000 0.0000
vt 0.2679 1.8000 0.0000
vt 0.2566 1.7956 0.0000
vt 0.2663 1.8052 0.0000
vt 0.2528 1.7989 0.0000
vt 0.2436 1.7897 0.0000
vt 0.2373 1.7915 0.0000
vt 0.2312 1.7828 0.0000
vt 0.2368 1.7796 0.0000
vt 0.2321 1.7711 0.0000
vt 0.2392 1.7669 0.0000
vt 0.2254 1.7760 0.0000
vt 0.2199 1.7710 0.0000
vt 0.2281 1.7649 0.0000
vt 0.2147 1.7791 0.0000
vt 0.2146 1.7669 0.0000
vt 0.2114 1.7880 0.0000
vt 0.2096 1.7937 0.0000
vt 0.2043 1.7639 0.0000
vt 0.2144 1.7542 0.0000
vt 0.2232 1.7589 0.0000
vt 0.2362 1.7596 0.0000
vt 0.2440 1.7541 0.0000
vt 0.1946 1.8500 0.0000
vt 0.1869 1.8357 0.0000
vt 0.2069 1.8586 0.0000
vt 0.2166 1.8559 0.0000
vt 0.2186 1.8660 0.0000
vt 0.2101 1.8701 0.0000
vt 0.2253 1.8520 0.0000
vt 0.2273 1.8606 0.0000
vt 0.2231 1.8404 0.0000
vt 0.2362 1.8463 0.0000
vt 0.2474 1.8396 0.0000
vt 0.2517 1.8464 0.0000
vt 0.2389 1.8547 0.0000
vt 0.2421 1.8649 0.0000
vt 0.2316 1.8715 0.0000
vt 0.2540 1.8343 0.0000
vt 0.2407 1.6709 0.0000
vt 0.3262 1.7254 0.0000
vt 0.3297 1.7289 0.0000
vt 0.3081 1.7326 0.0000
vt 0.3147 1.7251 0.0000
vt 0.3230 1.7202 0.0000
vt 0.3322 1.7166 0.0000
vt 0.3345 1.7235 0.0000
vt 0.3194 1.7150 0.0000
vt 0.3291 1.7096 0.0000
vt 0.3379 1.7088 0.0000
vt 0.3361 1.7272 0.0000
vt 0.3047 1.7423 0.0000
vt 0.3052 1.7526 0.0000
vt 0.3008 1.7534 0.0000
vt 0.3101 1.7606 0.0000
vt 0.1941 1.6762 0.0000
vt 0.3276 1.8098 0.0000
vt 0.3236 1.7910 0.0000
vt 0.3236 1.7845 0.0000
vt 0.3294 1.7796 0.0000
vt 0.3283 1.7740 0.0000
vt 0.3303 1.8122 0.0000
vt 0.3356 1.8138 0.0000
vt 0.3439 1.8137 0.0000
vt 0.3491 1.8011 0.0000
vt 0.1592 1.6691 0.0000
vt 0.1533 1.6793 0.0000
vt 0.1606 1.6799 0.0000
vt 0.1580 1.6917 0.0000
vt 0.1493 1.6911 0.0000
vt 0.1681 1.6794 0.0000
vt 0.1661 1.6893 0.0000
vt 0.6550 1.7127 0.0000
vt 0.6351 1.8387 0.0000
vt 0.6239 1.8356 0.0000
vt 0.7335 1.6752 0.0000
vt 0.7269 1.6783 0.0000
vt 0.7390 1.6830 0.0000
vt 0.7333 1.6875 0.0000
vt 0.6365 1.7876 0.0000
vt 0.6324 1.7823 0.0000
vt 0.7748 1.8823 0.0000
vt 0.7741 1.8763 0.0000
vt 0.7912 1.8724 0.0000
vt 0.7703 1.8697 0.0000
vt 0.7899 1.8650 0.0000
vt 0.7689 1.8638 0.0000
vt 0.7889 1.8558 0.0000
vt 0.8034 1.8350 0.0000
vt 0.7366 1.9132 0.0000
vt 0.7239 1.9330 0.0000
vt 0.7187 1.9225 0.0000
vt 0.7149 1.9143 0.0000
vt 0.7012 1.9292 0.0000
vt 0.6979 1.9190 0.0000
vt 0.6947 1.9080 0.0000
vt 0.6923 1.8981 0.0000
vt 0.6870 1.9225 0.0000
vt 0.6830 1.9104 0.0000
vt 0.6785 1.9007 0.0000
vt 0.6741 1.9175 0.0000
vt 0.6674 1.9064 0.0000
vt 0.6593 1.9137 0.0000
vt 0.6514 1.9052 0.0000
vt 0.6422 1.8966 0.0000
vt 0.6547 1.9228 0.0000
vt 0.6453 1.9138 0.0000
vt 0.6357 1.9060 0.0000
vt 0.6235 1.8975 0.0000
vt 0.6326 1.8871 0.0000
vt 0.6017 1.9135 0.0000
vt 0.6051 1.9057 0.0000
vt 0.6083 1.8964 0.0000
vt 0.6794 1.9271 0.0000
vt 0.7039 1.8833 0.0000
vt 0.7065 1.9403 0.0000
vt 0.7283 1.9446 0.0000
vt 0.7108 1.9522 0.0000
vt 0.7303 1.9600 0.0000
vt 0.7107 1.9622 0.0000
vt 0.6939 1.9600 0.0000
vt 0.5516 1.9554 0.0000
vt 0.5373 1.9641 0.0000
vt 0.5580 1.9421 0.0000
vt 0.5627 1.9502 0.0000
vt 0.6835 1.9552 0.0000
vt 0.5671 1.9392 0.0000
vt 0.5726 1.9464 0.0000
vt 0.5548 1.9345 0.0000
vt 0.5649 1.9324 0.0000
vt 0.5712 1.9294 0.0000
vt 0.5628 1.9253 0.0000
vt 0.5698 1.9227 0.0000
vt 0.5677 1.9171 0.0000
vt 0.5605 1.9192 0.0000
vt 0.5728 1.9154 0.0000
vt 0.5653 1.9111 0.0000
vt 0.5706 1.9097 0.0000
vt 0.5641 1.9048 0.0000
vt 0.5701 1.9037 0.0000
vt 0.5590 1.9130 0.0000
vt 0.5576 1.9069 0.0000
vt 0.5562 1.9010 0.0000
vt 0.5503 1.9074 0.0000
vt 0.5535 1.9273 0.0000
vt 0.5220 1.9736 0.0000
vt 0.5189 1.9573 0.0000
vt 0.5183 1.9427 0.0000
vt 0.7207 1.6517 0.0000
vt 0.7311 1.6500 0.0000
vt 0.7395 1.6437 0.0000
vt 0.7435 1.6471 0.0000
vt 0.7461 1.6510 0.0000
vt 0.7499 1.6532 0.0000
vt 0.7409 1.5600 0.0000
vt 0.7469 1.5656 0.0000
vt 0.7578 1.5548 0.0000
vt 0.7591 1.5632 0.0000
vt 0.7604 1.5690 0.0000
vt 0.7497 1.5731 0.0000
vt 0.7572 1.5455 0.0000
vt 0.7552 1.5404 0.0000
vt 0.7494 1.5349 0.0000
vt 0.3475 1.8801 0.0000
vt 0.3547 1.8760 0.0000
vt 0.0965 1.6060 0.0000
vt 0.2777 1.8367 0.0000
vt 0.2757 1.8288 0.0000
vt 0.6887 1.6845 0.0000
vt 0.7597 1.6291 0.0000
vt 0.7878 1.6156 0.0000
vt 0.7581 1.6258 0.0000
vt 0.8288 1.6172 0.0000
vt 0.8213 1.6147 0.0000
vt 0.8307 1.6031 0.0000
vt 0.8182 1.6094 0.0000
vt 0.6297 1.7802 0.0000
vt 0.8093 1.6153 0.0000
# 4684 texture coords

o mesh0
g mesh0
usemtl david_head
s 1
f 1/1/1 2/2/2 3/3/3 
f 1/1/1 3/3/3 4/4/4 
f 5/5/5 6/6/6 7/7/7 
f 5/5/5 7/7/7 8/8/8 
f 9/9/9 6/6/6 5/5/5 
f 5/5/5 8/8/8 10/10/10 
f 1/1/1 11/11/11 10/10/10 
f 1/1/1 4/4/4 11/11/11 
f 5/5/5 10/10/10 11/11/11 
f 12/12/12 5/5/5 11/11/11 
f 12/12/12 9/9/9 5/5/5 
f 11/11/11 4/4/4 12/12/12 
f 13/13/13 14/14/14 15/15/15 
f 13/13/13 15/15/15 16/16/16 
f 17/17/17 13/13/13 16/16/16 
f 17/17/17 16/16/16 18/18/18 
f 17/17/17 18/18/18 19/19/19 
f 17/17/17 19/19/19 20/20/20 
f 21/21/21 20/20/20 19/19/19 
f 21/21/21 22/22/22 20/20/20 
f 23/23/23 19/19/19 18/18/18 
f 24/24/24 18/18/18 16/16/16 
f 23/23/23 18/18/18 24/24/24 
f 24/24/24 16/16/16 25/25/25 
f 16/16/16 26/26/26 25/25/25 
f 26/26/26 15/15/15 14/14/14 
f 16/16/16 15/15/15 26/26/26 
f 27/27/27 14/14/14 13/13/13 
f 26/26/26 14/14/14 27/27/27 
f 13/13/13 17/17/17 28/28/28 
f 13/13/13 28/28/28 29/29/29 
f 27/27/27 13/13/13 29/29/29 
f 20/20/20 22/22/22 30/30/30 
f 20/20/20 30/30/30 31/31/31 
f 17/17/17 31/31/31 28/28/28 
f 17/17/17 20/20/20 31/31/31 
f 29/29/29 28/28/28 31/31/31 
f 19/19/19 23/23/23 32/32/32 
f 32/32/32 22/22/22 21/21/21 
f 32/32/32 30/30/30 22/22/22 
f 19/19/19 32/32/32 21/21/21 
f 33/33/33 34/34/34 35/35/35 
f 33/33/33 35/35/35 36/36/36 
f 36/36/36 35/35/35 37/37/37 
f 36/36/36 37/37/37 38/38/38 
f 39/39/39 38/38/38 37/37/37 
f 39/39/39 37/37/37 40/40/40 
f 41/41/41 39/39/39 40/40/40 
f 41/41/41 40/40/40 42/42/42 
f 43/43/43 23/23/23 24/24/24 
f 32/32/32 23/23/23 43/43/43 
f 43/43/43 24/24/24 44/44/44 
f 44/44/44 24/24/24 25/25/25 
f 45/45/45 41/41/41 42/42/42 
f 45/45/45 42/42/42 46/46/46 
f 39/39/39 41/41/41 47/47/47 
f 48/48/48 41/41/41 45/45/45 
f 44/44/44 47/47/47 48/48/48 
f 48/48/48 47/47/47 41/41/41 
f 44/44/44 48/48/48 43/43/43 
f 45/45/45 46/46/46 49/49/49 
f 50/50/50 7/7/7 6/6/6 
f 50/50/50 49/49/49 7/7/7 
f 45/45/45 49/49/49 50/50/50 
f 32/32/32 43/43/43 51/51/51 
f 51/51/51 30/30/30 32/32/32 
f 51/51/51 52/52/52 30/30/30 
f 9/9/9 12/12/12 53/53/53 
f 53/53/53 4/4/4 3/3/3 
f 53/53/53 12/12/12 4/4/4 
f 43/43/43 48/48/48 54/54/54 
f 54/54/54 48/48/48 45/45/45 
f 54/54/54 45/45/45 50/50/50 
f 43/43/43 54/54/54 51/51/51 
f 55/55/55 6/6/6 9/9/9 
f 55/55/55 50/50/50 6/6/6 
f 9/9/9 53/53/53 55/55/55 
f 55/55/55 53/53/53 56/56/56 
f 52/52/52 51/51/51 56/56/56 
f 51/51/51 54/54/54 57/57/57 
f 51/51/51 57/57/57 56/56/56 
f 55/55/55 56/56/56 57/57/57 
f 57/57/57 50/50/50 55/55/55 
f 57/57/57 54/54/54 50/50/50 
f 58/58/58 34/34/34 33/33/33 
f 58/58/58 33/33/33 59/59/59 
f 60/60/60 58/58/58 59/59/59 
f 60/60/60 61/61/61 58/58/58 
f 62/62/62 61/61/61 60/60/60 
f 63/63/63 60/60/60 59/59/59 
f 62/62/62 60/60/60 63/63/63 
f 64/64/64 59/59/59 33/33/33 
f 63/63/63 59/59/59 64/64/64 
f 65/65/65 62/62/62 63/63/63 
f 66/66/66 63/63/63 64/64/64 
f 65/65/65 63/63/63 66/66/66 
f 66/66/66 64/64/64 67/67/67 
f 65/65/65 66/66/66 68/68/68 
f 68/68/68 66/66/66 67/67/67 
f 65/65/65 68/68/68 69/69/69 
f 69/69/69 68/68/68 70/70/70 
f 69/69/69 70/70/70 71/71/71 
f 71/71/71 70/70/70 72/72/72 
f 71/71/71 72/72/72 73/73/73 
f 73/73/73 72/72/72 74/74/74 
f 73/73/73 74/74/74 75/75/75 
f 76/76/76 77/77/77 78/78/78 
f 2/2/2 79/79/79 3/3/3 
f 79/79/79 78/78/78 52/52/52 
f 2/2/2 76/76/76 79/79/79 
f 76/76/76 78/78/78 79/79/79 
f 80/80/80 56/56/56 53/53/53 
f 80/80/80 3/3/3 79/79/79 
f 80/80/80 53/53/53 3/3/3 
f 52/52/52 56/56/56 80/80/80 
f 79/79/79 52/52/52 80/80/80 
f 81/81/81 75/75/75 74/74/74 
f 77/77/77 81/81/81 82/82/82 
f 77/77/77 82/82/82 78/78/78 
f 81/81/81 74/74/74 82/82/82 
f 83/83/83 30/30/30 52/52/52 
f 83/83/83 78/78/78 82/82/82 
f 83/83/83 31/31/31 30/30/30 
f 83/83/83 52/52/52 78/78/78 
f 26/26/26 27/27/27 84/84/84 
f 85/85/85 31/31/31 83/83/83 
f 85/85/85 83/83/83 82/82/82 
f 85/85/85 29/29/29 31/31/31 
f 85/85/85 27/27/27 29/29/29 
f 74/74/74 84/84/84 85/85/85 
f 85/85/85 84/84/84 27/27/27 
f 74/74/74 85/85/85 82/82/82 
f 86/86/86 33/33/33 36/36/36 
f 67/67/67 64/64/64 86/86/86 
f 64/64/64 33/33/33 86/86/86 
f 70/70/70 68/68/68 87/87/87 
f 67/67/67 86/86/86 87/87/87 
f 68/68/68 67/67/67 87/87/87 
f 88/88/88 36/36/36 38/38/38 
f 86/86/86 36/36/36 88/88/88 
f 87/87/87 86/86/86 88/88/88 
f 44/44/44 25/25/25 89/89/89 
f 47/47/47 44/44/44 89/89/89 
f 47/47/47 89/89/89 90/90/90 
f 39/39/39 47/47/47 90/90/90 
f 25/25/25 91/91/91 89/89/89 
f 26/26/26 84/84/84 91/91/91 
f 25/25/25 26/26/26 91/91/91 
f 91/91/91 84/84/84 92/92/92 
f 74/74/74 92/92/92 84/84/84 
f 74/74/74 72/72/72 92/92/92 
f 93/93/93 89/89/89 91/91/91 
f 93/93/93 90/90/90 89/89/89 
f 91/91/91 92/92/92 93/93/93 
f 88/88/88 38/38/38 94/94/94 
f 94/94/94 90/90/90 93/93/93 
f 94/94/94 38/38/38 39/39/39 
f 94/94/94 39/39/39 90/90/90 
f 87/87/87 88/88/88 95/95/95 
f 70/70/70 87/87/87 95/95/95 
f 70/70/70 95/95/95 72/72/72 
f 95/95/95 92/92/92 72/72/72 
f 92/92/92 95/95/95 96/96/96 
f 92/92/92 96/96/96 93/93/93 
f 88/88/88 94/94/94 96/96/96 
f 88/88/88 96/96/96 95/95/95 
f 94/94/94 93/93/93 96/96/96 
f 61/61/61 62/62/62 97/97/97 
f 61/61/61 97/97/97 98/98/98 
f 97/97/97 99/99/99 98/98/98 
f 97/97/97 100/100/100 99/99/99 
f 101/101/101 61/61/61 98/98/98 
f 101/101/101 58/58/58 61/61/61 
f 98/98/98 99/99/99 102/102/102 
f 98/98/98 102/102/102 101/101/101 
f 103/103/103 58/58/58 101/101/101 
f 103/103/103 34/34/34 58/58/58 
f 101/101/101 104/104/104 103/103/103 
f 101/101/101 102/102/102 104/104/104 
f 105/105/105 34/34/34 103/103/103 
f 105/105/105 35/35/35 34/34/34 
f 103/103/103 104/104/104 106/106/106 
f 103/103/103 106/106/106 105/105/105 
f 107/107/107 35/35/35 105/105/105 
f 107/107/107 37/37/37 35/35/35 
f 105/105/105 108/108/108 107/107/107 
f 105/105/105 106/106/106 108/108/108 
f 109/109/109 40/40/40 37/37/37 
f 109/109/109 37/37/37 107/107/107 
f 42/42/42 40/40/40 109/109/109 
f 107/107/107 110/110/110 109/109/109 
f 107/107/107 108/108/108 110/110/110 
f 46/46/46 42/42/42 111/111/111 
f 42/42/42 109/109/109 111/111/111 
f 109/109/109 112/112/112 111/111/111 
f 109/109/109 110/110/110 112/112/112 
f 46/46/46 111/111/111 113/113/113 
f 113/113/113 111/111/111 112/112/112 
f 49/49/49 46/46/46 113/113/113 
f 113/113/113 112/112/112 114/114/114 
f 115/115/115 113/113/113 114/114/114 
f 7/7/7 49/49/49 115/115/115 
f 49/49/49 113/113/113 115/115/115 
f 115/115/115 114/114/114 116/116/116 
f 7/7/7 115/115/115 117/117/117 
f 117/117/117 115/115/115 116/116/116 
f 8/8/8 7/7/7 117/117/117 
f 117/117/117 116/116/116 118/118/118 
f 119/119/119 62/62/62 65/65/65 
f 119/119/119 97/97/97 62/62/62 
f 120/120/120 119/119/119 65/65/65 
f 120/120/120 65/65/65 69/69/69 
f 121/121/121 69/69/69 71/71/71 
f 121/121/121 120/120/120 69/69/69 
f 122/122/122 73/73/73 75/75/75 
f 122/122/122 71/71/71 73/73/73 
f 122/122/122 121/121/121 71/71/71 
f 123/123/123 75/75/75 81/81/81 
f 122/122/122 75/75/75 123/123/123 
f 123/123/123 81/81/81 124/124/124 
f 124/124/124 81/81/81 77/77/77 
f 125/125/125 77/77/77 76/76/76 
f 124/124/124 77/77/77 125/125/125 
f 125/125/125 76/76/76 126/126/126 
f 127/127/127 2/2/2 1/1/1 
f 76/76/76 127/127/127 126/126/126 
f 76/76/76 2/2/2 127/127/127 
f 128/128/128 1/1/1 10/10/10 
f 127/127/127 1/1/1 128/128/128 
f 97/97/97 119/119/119 129/129/129 
f 130/130/130 100/100/100 129/129/129 
f 97/97/97 129/129/129 100/100/100 
f 131/131/131 119/119/119 120/120/120 
f 131/131/131 129/129/129 119/119/119 
f 128/128/128 10/10/10 132/132/132 
f 10/10/10 8/8/8 133/133/133 
f 10/10/10 133/133/133 132/132/132 
f 117/117/117 118/118/118 133/133/133 
f 8/8/8 117/117/117 133/133/133 
f 134/134/134 124/124/124 125/125/125 
f 134/134/134 125/125/125 135/135/135 
f 135/135/135 125/125/125 126/126/126 
f 136/136/136 123/123/123 124/124/124 
f 122/122/122 123/123/123 136/136/136 
f 136/136/136 124/124/124 134/134/134 
f 122/122/122 136/136/136 137/137/137 
f 121/121/121 122/122/122 137/137/137 
f 138/138/138 131/131/131 120/120/120 
f 121/121/121 137/137/137 138/138/138 
f 138/138/138 120/120/120 121/121/121 
f 138/138/138 137/137/137 139/139/139 
f 139/139/139 137/137/137 136/136/136 
f 139/139/139 136/136/136 140/140/140 
f 141/141/141 136/136/136 134/134/134 
f 141/141/141 140/140/140 136/136/136 
f 134/134/134 135/135/135 142/142/142 
f 143/143/143 141/141/141 134/134/134 
f 143/143/143 134/134/134 142/142/142 
f 128/128/128 132/132/132 144/144/144 
f 127/127/127 128/128/128 145/145/145 
f 128/128/128 144/144/144 145/145/145 
f 144/144/144 132/132/132 146/146/146 
f 144/144/144 146/146/146 147/147/147 
f 145/145/145 144/144/144 147/147/147 
f 145/145/145 147/147/147 148/148/148 
f 147/147/147 146/146/146 149/149/149 
f 147/147/147 149/149/149 150/150/150 
f 148/148/148 147/147/147 150/150/150 
f 135/135/135 126/126/126 151/151/151 
f 152/152/152 135/135/135 151/151/151 
f 152/152/152 142/142/142 135/135/135 
f 153/153/153 154/154/154 152/152/152 
f 154/154/154 143/143/143 142/142/142 
f 153/153/153 155/155/155 154/154/154 
f 154/154/154 142/142/142 152/152/152 
f 156/156/156 150/150/150 149/149/149 
f 156/156/156 149/149/149 157/157/157 
f 157/157/157 153/153/153 156/156/156 
f 157/157/157 155/155/155 153/153/153 
f 156/156/156 153/153/153 158/158/158 
f 158/158/158 152/152/152 151/151/151 
f 158/158/158 153/153/153 152/152/152 
f 158/158/158 151/151/151 159/159/159 
f 127/127/127 145/145/145 159/159/159 
f 159/159/159 126/126/126 127/127/127 
f 159/159/159 151/151/151 126/126/126 
f 145/145/145 148/148/148 160/160/160 
f 148/148/148 150/150/150 160/160/160 
f 160/160/160 150/150/150 156/156/156 
f 160/160/160 156/156/156 158/158/158 
f 158/158/158 159/159/159 160/160/160 
f 145/145/145 160/160/160 159/159/159 
f 118/118/118 161/161/161 133/133/133 
f 118/118/118 162/162/162 163/163/163 
f 118/118/118 163/163/163 161/161/161 
f 164/164/164 118/118/118 116/116/116 
f 164/164/164 162/162/162 118/118/118 
f 165/165/165 116/116/116 114/114/114 
f 165/165/165 164/164/164 116/116/116 
f 166/166/166 114/114/114 112/112/112 
f 166/166/166 165/165/165 114/114/114 
f 112/112/112 110/110/110 167/167/167 
f 112/112/112 167/167/167 166/166/166 
f 167/167/167 110/110/110 108/108/108 
f 168/168/168 108/108/108 106/106/106 
f 167/167/167 108/108/108 168/168/168 
f 169/169/169 106/106/106 104/104/104 
f 168/168/168 106/106/106 169/169/169 
f 170/170/170 104/104/104 102/102/102 
f 169/169/169 104/104/104 170/170/170 
f 171/171/171 102/102/102 99/99/99 
f 170/170/170 102/102/102 171/171/171 
f 171/171/171 99/99/99 172/172/172 
f 100/100/100 130/130/130 172/172/172 
f 100/100/100 172/172/172 99/99/99 
f 173/173/173 130/130/130 129/129/129 
f 174/174/174 129/129/129 131/131/131 
f 173/173/173 129/129/129 174/174/174 
f 175/175/175 131/131/131 138/138/138 
f 174/174/174 131/131/131 175/175/175 
f 138/138/138 139/139/139 176/176/176 
f 175/175/175 138/138/138 176/176/176 
f 139/139/139 177/177/177 176/176/176 
f 178/178/178 177/177/177 139/139/139 
f 178/178/178 139/139/139 140/140/140 
f 179/179/179 140/140/140 141/141/141 
f 179/179/179 178/178/178 140/140/140 
f 141/141/141 180/180/180 179/179/179 
f 141/141/141 143/143/143 180/180/180 
f 143/143/143 181/181/181 180/180/180 
f 143/143/143 154/154/154 181/181/181 
f 182/182/182 181/181/181 154/154/154 
f 182/182/182 154/154/154 155/155/155 
f 182/182/182 155/155/155 157/157/157 
f 183/183/183 149/149/149 146/146/146 
f 183/183/183 157/157/157 149/149/149 
f 182/182/182 157/157/157 184/184/184 
f 183/183/183 184/184/184 157/157/157 
f 185/185/185 146/146/146 132/132/132 
f 183/183/183 146/146/146 185/185/185 
f 186/186/186 132/132/132 133/133/133 
f 185/185/185 132/132/132 186/186/186 
f 187/187/187 133/133/133 161/161/161 
f 186/186/186 133/133/133 187/187/187 
f 187/187/187 161/161/161 188/188/188 
f 161/161/161 189/189/189 188/188/188 
f 161/161/161 163/163/163 189/189/189 
f 190/190/190 162/162/162 164/164/164 
f 190/190/190 163/163/163 162/162/162 
f 189/189/189 163/163/163 190/190/190 
f 191/191/191 165/165/165 166/166/166 
f 164/164/164 191/191/191 190/190/190 
f 164/164/164 165/165/165 191/191/191 
f 191/191/191 166/166/166 192/192/192 
f 193/193/193 167/167/167 168/168/168 
f 166/166/166 167/167/167 193/193/193 
f 192/192/192 166/166/166 193/193/193 
f 194/194/194 168/168/168 169/169/169 
f 193/193/193 168/168/168 194/194/194 
f 195/195/195 169/169/169 170/170/170 
f 194/194/194 169/169/169 195/195/195 
f 195/195/195 170/170/170 196/196/196 
f 196/196/196 170/170/170 171/171/171 
f 196/196/196 171/171/171 197/197/197 
f 197/197/197 171/171/171 172/172/172 
f 197/197/197 172/172/172 198/198/198 
f 198/198/198 172/172/172 130/130/130 
f 199/199/199 130/130/130 173/173/173 
f 198/198/198 130/130/130 199/199/199 
f 199/199/199 173/173/173 200/200/200 
f 201/201/201 174/174/174 175/175/175 
f 201/201/201 173/173/173 174/174/174 
f 201/201/201 200/200/200 173/173/173 
f 202/202/202 175/175/175 176/176/176 
f 201/201/201 175/175/175 202/202/202 
f 202/202/202 176/176/176 203/203/203 
f 203/203/203 176/176/176 177/177/177 
f 203/203/203 177/177/177 204/204/204 
f 204/204/204 177/177/177 178/178/178 
f 205/205/205 178/178/178 179/179/179 
f 204/204/204 178/178/178 205/205/205 
f 206/206/206 179/179/179 180/180/180 
f 205/205/205 179/179/179 206/206/206 
f 206/206/206 180/180/180 207/207/207 
f 207/207/207 180/180/180 181/181/181 
f 207/207/207 181/181/181 208/208/208 
f 209/209/209 181/181/181 182/182/182 
f 209/209/209 208/208/208 181/181/181 
f 210/210/210 185/185/185 186/186/186 
f 210/210/210 186/186/186 211/211/211 
f 211/211/211 186/186/186 187/187/187 
f 212/212/212 187/187/187 188/188/188 
f 211/211/211 187/187/187 212/212/212 
f 212/212/212 188/188/188 213/213/213 
f 214/214/214 215/215/215 216/216/216 
f 214/214/214 216/216/216 217/217/217 
f 218/218/218 219/219/219 220/220/220 
f 218/218/218 220/220/220 221/221/221 
f 222/222/222 220/220/220 219/219/219 
f 222/222/222 219/219/219 223/223/223 
f 224/224/224 225/225/225 226/226/226 
f 216/216/216 215/215/215 226/226/226 
f 224/224/224 226/226/226 227/227/227 
f 227/227/227 226/226/226 215/215/215 
f 225/225/225 224/224/224 228/228/228 
f 224/224/224 229/229/229 228/228/228 
f 230/230/230 228/228/228 229/229/229 
f 230/230/230 231/231/231 228/228/228 
f 232/232/232 231/231/231 230/230/230 
f 232/232/232 233/233/233 231/231/231 
f 234/234/234 233/233/233 232/232/232 
f 234/234/234 235/235/235 233/233/233 
f 236/236/236 235/235/235 237/237/237 
f 235/235/235 234/234/234 237/237/237 
f 238/238/238 236/236/236 237/237/237 
f 238/238/238 237/237/237 239/239/239 
f 240/240/240 238/238/238 239/239/239 
f 240/240/240 239/239/239 241/241/241 
f 242/242/242 240/240/240 241/241/241 
f 242/242/242 241/241/241 243/243/243 
f 243/243/243 223/223/223 219/219/219 
f 243/243/243 219/219/219 242/242/242 
f 244/244/244 214/214/214 217/217/217 
f 245/245/245 246/246/246 244/244/244 
f 245/245/245 244/244/244 247/247/247 
f 248/248/248 245/245/245 247/247/247 
f 248/248/248 247/247/247 249/249/249 
f 250/250/250 248/248/248 249/249/249 
f 250/250/250 249/249/249 251/251/251 
f 252/252/252 250/250/250 251/251/251 
f 252/252/252 251/251/251 253/253/253 
f 254/254/254 252/252/252 253/253/253 
f 254/254/254 253/253/253 255/255/255 
f 254/254/254 255/255/255 256/256/256 
f 254/254/254 256/256/256 257/257/257 
f 257/257/257 256/256/256 258/258/258 
f 257/257/257 258/258/258 259/259/259 
f 259/259/259 258/258/258 260/260/260 
f 259/259/259 260/260/260 261/261/261 
f 261/261/261 260/260/260 221/221/221 
f 261/261/261 221/221/221 262/262/262 
f 262/262/262 221/221/221 220/220/220 
f 263/263/263 220/220/220 222/222/222 
f 262/262/262 220/220/220 263/263/263 
f 263/263/263 222/222/222 264/264/264 
f 265/265/265 266/266/266 267/267/267 
f 265/265/265 267/267/267 268/268/268 
f 268/268/268 269/269/269 265/265/265 
f 268/268/268 270/270/270 269/269/269 
f 267/267/267 266/266/266 271/271/271 
f 267/267/267 271/271/271 272/272/272 
f 273/273/273 272/272/272 271/271/271 
f 273/273/273 274/274/274 272/272/272 
f 275/275/275 274/274/274 273/273/273 
f 275/275/275 273/273/273 271/271/271 
f 275/275/275 276/276/276 274/274/274 
f 275/275/275 271/271/271 277/277/277 
f 277/277/277 271/271/271 266/266/266 
f 277/277/277 266/266/266 278/278/278 
f 279/279/279 278/278/278 266/266/266 
f 279/279/279 266/266/266 265/265/265 
f 280/280/280 269/269/269 270/270/270 
f 280/280/280 265/265/265 269/269/269 
f 280/280/280 279/279/279 265/265/265 
f 281/281/281 270/270/270 268/268/268 
f 280/280/280 270/270/270 281/281/281 
f 268/268/268 267/267/267 282/282/282 
f 268/268/268 282/282/282 283/283/283 
f 281/281/281 268/268/268 283/283/283 
f 267/267/267 272/272/272 284/284/284 
f 267/267/267 284/284/284 282/282/282 
f 284/284/284 272/272/272 274/274/274 
f 283/283/283 282/282/282 284/284/284 
f 276/276/276 284/284/284 274/274/274 
f 244/244/244 217/217/217 285/285/285 
f 247/247/247 244/244/244 285/285/285 
f 216/216/216 226/226/226 286/286/286 
f 286/286/286 226/226/226 225/225/225 
f 217/217/217 216/216/216 286/286/286 
f 217/217/217 286/286/286 285/285/285 
f 247/247/247 285/285/285 287/287/287 
f 286/286/286 225/225/225 288/288/288 
f 289/289/289 225/225/225 228/228/228 
f 289/289/289 288/288/288 225/225/225 
f 290/290/290 228/228/228 231/231/231 
f 290/290/290 289/289/289 228/228/228 
f 291/291/291 290/290/290 231/231/231 
f 291/291/291 231/231/231 233/233/233 
f 292/292/292 233/233/233 235/235/235 
f 292/292/292 291/291/291 233/233/233 
f 238/238/238 240/240/240 293/293/293 
f 293/293/293 240/240/240 242/242/242 
f 293/293/293 242/242/242 294/294/294 
f 294/294/294 219/219/219 218/218/218 
f 294/294/294 242/242/242 219/219/219 
f 283/283/283 284/284/284 295/295/295 
f 295/295/295 284/284/284 276/276/276 
f 295/295/295 276/276/276 296/296/296 
f 297/297/297 258/258/258 256/256/256 
f 297/297/297 298/298/298 258/258/258 
f 298/298/298 297/297/297 295/295/295 
f 298/298/298 295/295/295 296/296/296 
f 260/260/260 258/258/258 298/298/298 
f 299/299/299 295/295/295 297/297/297 
f 283/283/283 295/295/295 299/299/299 
f 281/281/281 283/283/283 299/299/299 
f 300/300/300 221/221/221 260/260/260 
f 300/300/300 298/298/298 296/296/296 
f 260/260/260 298/298/298 300/300/300 
f 300/300/300 218/218/218 221/221/221 
f 301/301/301 218/218/218 300/300/300 
f 301/301/301 294/294/294 218/218/218 
f 293/293/293 294/294/294 301/301/301 
f 276/276/276 302/302/302 296/296/296 
f 302/302/302 300/300/300 296/296/296 
f 302/302/302 301/301/301 300/300/300 
f 276/276/276 275/275/275 302/302/302 
f 303/303/303 255/255/255 253/253/253 
f 299/299/299 297/297/297 303/303/303 
f 303/303/303 256/256/256 255/255/255 
f 303/303/303 297/297/297 256/256/256 
f 281/281/281 299/299/299 304/304/304 
f 299/299/299 303/303/303 304/304/304 
f 305/305/305 253/253/253 251/251/251 
f 304/304/304 303/303/303 305/305/305 
f 303/303/303 253/253/253 305/305/305 
f 305/305/305 251/251/251 306/306/306 
f 306/306/306 251/251/251 249/249/249 
f 307/307/307 249/249/249 247/247/247 
f 306/306/306 249/249/249 307/307/307 
f 307/307/307 247/247/247 287/287/287 
f 286/286/286 288/288/288 308/308/308 
f 285/285/285 308/308/308 287/287/287 
f 285/285/285 286/286/286 308/308/308 
f 309/309/309 281/281/281 304/304/304 
f 309/309/309 280/280/280 281/281/281 
f 304/304/304 305/305/305 310/310/310 
f 309/309/309 304/304/304 310/310/310 
f 311/311/311 279/279/279 280/280/280 
f 311/311/311 280/280/280 309/309/309 
f 309/309/309 310/310/310 312/312/312 
f 290/290/290 291/291/291 313/313/313 
f 290/290/290 313/313/313 314/314/314 
f 315/315/315 310/310/310 305/305/305 
f 312/312/312 310/310/310 315/315/315 
f 315/315/315 305/305/305 306/306/306 
f 316/316/316 289/289/289 290/290/290 
f 316/316/316 290/290/290 314/314/314 
f 316/316/316 288/288/288 289/289/289 
f 316/316/316 308/308/308 288/288/288 
f 317/317/317 308/308/308 316/316/316 
f 317/317/317 306/306/306 307/307/307 
f 317/317/317 315/315/315 306/306/306 
f 317/317/317 307/307/307 287/287/287 
f 317/317/317 287/287/287 308/308/308 
f 318/318/318 316/316/316 314/314/314 
f 317/317/317 316/316/316 318/318/318 
f 315/315/315 317/317/317 318/318/318 
f 314/314/314 313/313/313 319/319/319 
f 319/319/319 311/311/311 309/309/309 
f 311/311/311 319/319/319 313/313/313 
f 319/319/319 309/309/309 312/312/312 
f 318/318/318 314/314/314 320/320/320 
f 314/314/314 319/319/319 320/320/320 
f 320/320/320 319/319/319 312/312/312 
f 312/312/312 315/315/315 320/320/320 
f 315/315/315 318/318/318 320/320/320 
f 235/235/235 321/321/321 292/292/292 
f 321/321/321 236/236/236 238/238/238 
f 235/235/235 236/236/236 321/321/321 
f 321/321/321 238/238/238 322/322/322 
f 238/238/238 293/293/293 322/322/322 
f 323/323/323 302/302/302 275/275/275 
f 323/323/323 275/275/275 277/277/277 
f 322/322/322 293/293/293 324/324/324 
f 302/302/302 324/324/324 301/301/301 
f 293/293/293 301/301/301 324/324/324 
f 302/302/302 323/323/323 324/324/324 
f 324/324/324 323/323/323 325/325/325 
f 322/322/322 324/324/324 325/325/325 
f 325/325/325 321/321/321 322/322/322 
f 292/292/292 321/321/321 326/326/326 
f 325/325/325 326/326/326 321/321/321 
f 326/326/326 325/325/325 323/323/323 
f 327/327/327 323/323/323 277/277/277 
f 326/326/326 323/323/323 327/327/327 
f 327/327/327 277/277/277 278/278/278 
f 279/279/279 327/327/327 278/278/278 
f 279/279/279 311/311/311 327/327/327 
f 292/292/292 326/326/326 328/328/328 
f 328/328/328 291/291/291 292/292/292 
f 328/328/328 313/313/313 291/291/291 
f 327/327/327 311/311/311 328/328/328 
f 311/311/311 313/313/313 328/328/328 
f 327/327/327 328/328/328 326/326/326 
f 254/254/254 257/257/257 329/329/329 
f 254/254/254 329/329/329 330/330/330 
f 252/252/252 254/254/254 330/330/330 
f 248/248/248 331/331/331 245/245/245 
f 331/331/331 332/332/332 245/245/245 
f 252/252/252 330/330/330 333/333/333 
f 250/250/250 252/252/252 333/333/333 
f 214/214/214 244/244/244 334/334/334 
f 244/244/244 246/246/246 334/334/334 
f 335/335/335 336/336/336 337/337/337 
f 335/335/335 337/337/337 338/338/338 
f 338/338/338 332/332/332 331/331/331 
f 339/339/339 246/246/246 245/245/245 
f 339/339/339 245/245/245 332/332/332 
f 334/334/334 246/246/246 339/339/339 
f 332/332/332 340/340/340 339/339/339 
f 340/340/340 338/338/338 337/337/337 
f 332/332/332 338/338/338 340/340/340 
f 340/340/340 337/337/337 341/341/341 
f 342/342/342 339/339/339 340/340/340 
f 334/334/334 339/339/339 342/342/342 
f 342/342/342 340/340/340 341/341/341 
f 343/343/343 336/336/336 335/335/335 
f 343/343/343 335/335/335 344/344/344 
f 345/345/345 343/343/343 344/344/344 
f 345/345/345 346/346/346 343/343/343 
f 347/347/347 333/333/333 346/346/346 
f 347/347/347 346/346/346 345/345/345 
f 338/338/338 331/331/331 348/348/348 
f 335/335/335 338/338/338 348/348/348 
f 344/344/344 335/335/335 348/348/348 
f 349/349/349 331/331/331 248/248/248 
f 349/349/349 333/333/333 347/347/347 
f 250/250/250 333/333/333 349/349/349 
f 349/349/349 248/248/248 250/250/250 
f 350/350/350 348/348/348 331/331/331 
f 350/350/350 347/347/347 345/345/345 
f 350/350/350 345/345/345 344/344/344 
f 349/349/349 347/347/347 350/350/350 
f 350/350/350 331/331/331 349/349/349 
f 344/344/344 348/348/348 350/350/350 
f 330/330/330 351/351/351 352/352/352 
f 330/330/330 352/352/352 333/333/333 
f 353/353/353 333/333/333 352/352/352 
f 353/353/353 346/346/346 333/333/333 
f 336/336/336 354/354/354 355/355/355 
f 336/336/336 355/355/355 337/337/337 
f 356/356/356 337/337/337 355/355/355 
f 356/356/356 341/341/341 337/337/337 
f 354/354/354 357/357/357 355/355/355 
f 354/354/354 358/358/358 357/357/357 
f 227/227/227 215/215/215 359/359/359 
f 359/359/359 214/214/214 334/334/334 
f 359/359/359 215/215/215 214/214/214 
f 360/360/360 227/227/227 359/359/359 
f 360/360/360 361/361/361 227/227/227 
f 362/362/362 359/359/359 334/334/334 
f 359/359/359 363/363/363 360/360/360 
f 359/359/359 362/362/362 363/363/363 
f 360/360/360 363/363/363 361/361/361 
f 363/363/363 364/364/364 361/361/361 
f 365/365/365 364/364/364 363/363/363 
f 365/365/365 363/363/363 366/366/366 
f 366/366/366 363/363/363 362/362/362 
f 227/227/227 367/367/367 224/224/224 
f 227/227/227 361/361/361 367/367/367 
f 368/368/368 364/364/364 365/365/365 
f 368/368/368 365/365/365 369/369/369 
f 224/224/224 370/370/370 229/229/229 
f 224/224/224 367/367/367 370/370/370 
f 371/371/371 364/364/364 368/368/368 
f 361/361/361 371/371/371 367/367/367 
f 361/361/361 364/364/364 371/371/371 
f 370/370/370 367/367/367 371/371/371 
f 372/372/372 230/230/230 229/229/229 
f 372/372/372 229/229/229 370/370/370 
f 373/373/373 370/370/370 371/371/371 
f 371/371/371 368/368/368 373/373/373 
f 373/373/373 372/372/372 370/370/370 
f 230/230/230 372/372/372 374/374/374 
f 230/230/230 374/374/374 232/232/232 
f 372/372/372 375/375/375 374/374/374 
f 372/372/372 373/373/373 375/375/375 
f 373/373/373 368/368/368 376/376/376 
f 373/373/373 376/376/376 375/375/375 
f 232/232/232 374/374/374 377/377/377 
f 232/232/232 377/377/377 234/234/234 
f 237/237/237 234/234/234 377/377/377 
f 374/374/374 378/378/378 377/377/377 
f 374/374/374 375/375/375 378/378/378 
f 239/239/239 237/237/237 379/379/379 
f 237/237/237 377/377/377 379/379/379 
f 379/379/379 377/377/377 378/378/378 
f 241/241/241 239/239/239 380/380/380 
f 239/239/239 379/379/379 380/380/380 
f 241/241/241 380/380/380 381/381/381 
f 381/381/381 382/382/382 241/241/241 
f 382/382/382 243/243/243 241/241/241 
f 383/383/383 222/222/222 223/223/223 
f 383/383/383 223/223/223 243/243/243 
f 383/383/383 243/243/243 382/382/382 
f 383/383/383 384/384/384 222/222/222 
f 264/264/264 222/222/222 384/384/384 
f 264/264/264 384/384/384 385/385/385 
f 346/346/346 386/386/386 343/343/343 
f 336/336/336 386/386/386 354/354/354 
f 336/336/336 343/343/343 386/386/386 
f 346/346/346 353/353/353 386/386/386 
f 354/354/354 387/387/387 358/358/358 
f 354/354/354 386/386/386 387/387/387 
f 330/330/330 388/388/388 351/351/351 
f 330/330/330 329/329/329 388/388/388 
f 257/257/257 259/259/259 389/389/389 
f 388/388/388 329/329/329 389/389/389 
f 257/257/257 389/389/389 329/329/329 
f 390/390/390 261/261/261 262/262/262 
f 390/390/390 389/389/389 259/259/259 
f 390/390/390 259/259/259 261/261/261 
f 390/390/390 262/262/262 391/391/391 
f 391/391/391 262/262/262 263/263/263 
f 392/392/392 264/264/264 385/385/385 
f 391/391/391 263/263/263 393/393/393 
f 264/264/264 393/393/393 263/263/263 
f 264/264/264 392/392/392 393/393/393 
f 393/393/393 392/392/392 394/394/394 
f 394/394/394 392/392/392 395/395/395 
f 392/392/392 385/385/385 395/395/395 
f 375/375/375 376/376/376 396/396/396 
f 375/375/375 396/396/396 378/378/378 
f 380/380/380 379/379/379 397/397/397 
f 379/379/379 378/378/378 397/397/397 
f 381/381/381 380/380/380 398/398/398 
f 380/380/380 397/397/397 398/398/398 
f 381/381/381 398/398/398 399/399/399 
f 381/381/381 400/400/400 382/382/382 
f 381/381/381 399/399/399 400/400/400 
f 385/385/385 384/384/384 401/401/401 
f 401/401/401 384/384/384 383/383/383 
f 382/382/382 401/401/401 383/383/383 
f 382/382/382 400/400/400 401/401/401 
f 385/385/385 401/401/401 402/402/402 
f 395/395/395 385/385/385 402/402/402 
f 395/395/395 402/402/402 403/403/403 
f 394/394/394 395/395/395 404/404/404 
f 404/404/404 395/395/395 403/403/403 
f 405/405/405 394/394/394 404/404/404 
f 405/405/405 391/391/391 393/393/393 
f 390/390/390 391/391/391 405/405/405 
f 405/405/405 393/393/393 394/394/394 
f 390/390/390 406/406/406 389/389/389 
f 390/390/390 405/405/405 406/406/406 
f 406/406/406 407/407/407 389/389/389 
f 408/408/408 388/388/388 389/389/389 
f 408/408/408 389/389/389 407/407/407 
f 409/409/409 388/388/388 408/408/408 
f 409/409/409 351/351/351 388/388/388 
f 353/353/353 352/352/352 410/410/410 
f 351/351/351 410/410/410 352/352/352 
f 351/351/351 409/409/409 410/410/410 
f 353/353/353 410/410/410 411/411/411 
f 386/386/386 411/411/411 387/387/387 
f 386/386/386 353/353/353 411/411/411 
f 358/358/358 387/387/387 412/412/412 
f 387/387/387 411/411/411 412/412/412 
f 358/358/358 412/412/412 413/413/413 
f 412/412/412 414/414/414 413/413/413 
f 358/358/358 413/413/413 415/415/415 
f 358/358/358 415/415/415 357/357/357 
f 404/404/404 403/403/403 416/416/416 
f 405/405/405 404/404/404 417/417/417 
f 406/406/406 405/405/405 417/417/417 
f 417/417/417 404/404/404 416/416/416 
f 407/407/407 406/406/406 418/418/418 
f 406/406/406 417/417/417 418/418/418 
f 407/407/407 418/418/418 419/419/419 
f 407/407/407 419/419/419 420/420/420 
f 407/407/407 420/420/420 408/408/408 
f 408/408/408 421/421/421 409/409/409 
f 408/408/408 420/420/420 421/421/421 
f 409/409/409 421/421/421 422/422/422 
f 409/409/409 422/422/422 410/410/410 
f 410/410/410 422/422/422 423/423/423 
f 410/410/410 423/423/423 411/411/411 
f 411/411/411 424/424/424 412/412/412 
f 411/411/411 423/423/423 424/424/424 
f 412/412/412 424/424/424 425/425/425 
f 412/412/412 425/425/425 414/414/414 
f 415/415/415 413/413/413 426/426/426 
f 414/414/414 426/426/426 413/413/413 
f 414/414/414 425/425/425 426/426/426 
f 415/415/415 426/426/426 427/427/427 
f 417/417/417 416/416/416 428/428/428 
f 418/418/418 417/417/417 428/428/428 
f 418/418/418 429/429/429 419/419/419 
f 418/418/418 428/428/428 429/429/429 
f 429/429/429 430/430/430 419/419/419 
f 419/419/419 430/430/430 431/431/431 
f 419/419/419 431/431/431 420/420/420 
f 420/420/420 431/431/431 432/432/432 
f 420/420/420 432/432/432 421/421/421 
f 422/422/422 421/421/421 432/432/432 
f 422/422/422 432/432/432 433/433/433 
f 424/424/424 423/423/423 434/434/434 
f 422/422/422 433/433/433 434/434/434 
f 422/422/422 434/434/434 423/423/423 
f 424/424/424 434/434/434 435/435/435 
f 425/425/425 424/424/424 435/435/435 
f 425/425/425 435/435/435 436/436/436 
f 436/436/436 426/426/426 425/425/425 
f 436/436/436 437/437/437 426/426/426 
f 427/427/427 426/426/426 437/437/437 
f 427/427/427 437/437/437 438/438/438 
f 438/438/438 437/437/437 439/439/439 
f 438/438/438 439/439/439 440/440/440 
f 441/441/441 182/182/182 184/184/184 
f 441/441/441 209/209/209 182/182/182 
f 442/442/442 441/441/441 184/184/184 
f 442/442/442 184/184/184 183/183/183 
f 443/443/443 185/185/185 210/210/210 
f 442/442/442 183/183/183 443/443/443 
f 443/443/443 183/183/183 185/185/185 
f 444/444/444 441/441/441 442/442/442 
f 444/444/444 209/209/209 441/441/441 
f 444/444/444 445/445/445 209/209/209 
f 208/208/208 209/209/209 445/445/445 
f 446/446/446 191/191/191 192/192/192 
f 447/447/447 192/192/192 193/193/193 
f 446/446/446 192/192/192 447/447/447 
f 447/447/447 193/193/193 448/448/448 
f 448/448/448 193/193/193 194/194/194 
f 448/448/448 194/194/194 449/449/449 
f 449/449/449 194/194/194 195/195/195 
f 449/449/449 195/195/195 450/450/450 
f 450/450/450 195/195/195 196/196/196 
f 450/450/450 196/196/196 451/451/451 
f 451/451/451 196/196/196 197/197/197 
f 452/452/452 197/197/197 198/198/198 
f 451/451/451 197/197/197 452/452/452 
f 453/453/453 198/198/198 199/199/199 
f 452/452/452 198/198/198 453/453/453 
f 453/453/453 199/199/199 454/454/454 
f 199/199/199 455/455/455 454/454/454 
f 199/199/199 200/200/200 455/455/455 
f 456/456/456 188/188/188 189/189/189 
f 456/456/456 213/213/213 188/188/188 
f 189/189/189 190/190/190 457/457/457 
f 457/457/457 191/191/191 446/446/446 
f 456/456/456 189/189/189 457/457/457 
f 457/457/457 190/190/190 191/191/191 
f 378/378/378 396/396/396 458/458/458 
f 378/378/378 458/458/458 397/397/397 
f 398/398/398 397/397/397 458/458/458 
f 398/398/398 458/458/458 459/459/459 
f 399/399/399 398/398/398 459/459/459 
f 400/400/400 399/399/399 460/460/460 
f 399/399/399 459/459/459 460/460/460 
f 401/401/401 400/400/400 461/461/461 
f 400/400/400 460/460/460 461/461/461 
f 401/401/401 461/461/461 462/462/462 
f 402/402/402 401/401/401 462/462/462 
f 402/402/402 462/462/462 463/463/463 
f 403/403/403 402/402/402 463/463/463 
f 403/403/403 463/463/463 464/464/464 
f 416/416/416 403/403/403 464/464/464 
f 428/428/428 416/416/416 465/465/465 
f 416/416/416 464/464/464 465/465/465 
f 428/428/428 465/465/465 466/466/466 
f 467/467/467 430/430/430 429/429/429 
f 428/428/428 467/467/467 429/429/429 
f 428/428/428 466/466/466 467/467/467 
f 467/467/467 468/468/468 430/430/430 
f 468/468/468 469/469/469 430/430/430 
f 432/432/432 431/431/431 469/469/469 
f 469/469/469 431/431/431 430/430/430 
f 432/432/432 469/469/469 470/470/470 
f 433/433/433 432/432/432 470/470/470 
f 471/471/471 434/434/434 433/433/433 
f 433/433/433 470/470/470 471/471/471 
f 471/471/471 472/472/472 434/434/434 
f 435/435/435 434/434/434 472/472/472 
f 436/436/436 435/435/435 473/473/473 
f 435/435/435 472/472/472 473/473/473 
f 436/436/436 473/473/473 474/474/474 
f 437/437/437 474/474/474 439/439/439 
f 437/437/437 436/436/436 474/474/474 
f 440/440/440 439/439/439 475/475/475 
f 440/440/440 475/475/475 476/476/476 
f 477/477/477 476/476/476 475/475/475 
f 477/477/477 475/475/475 478/478/478 
f 439/439/439 479/479/479 475/475/475 
f 439/439/439 474/474/474 479/479/479 
f 478/478/478 475/475/475 479/479/479 
f 474/474/474 473/473/473 480/480/480 
f 474/474/474 480/480/480 479/479/479 
f 473/473/473 481/481/481 480/480/480 
f 473/473/473 472/472/472 481/481/481 
f 472/472/472 482/482/482 481/481/481 
f 472/472/472 471/471/471 482/482/482 
f 471/471/471 483/483/483 482/482/482 
f 471/471/471 470/470/470 483/483/483 
f 470/470/470 469/469/469 484/484/484 
f 469/469/469 468/468/468 484/484/484 
f 470/470/470 484/484/484 483/483/483 
f 485/485/485 483/483/483 484/484/484 
f 486/486/486 484/484/484 468/468/468 
f 485/485/485 484/484/484 486/486/486 
f 487/487/487 482/482/482 483/483/483 
f 487/487/487 483/483/483 485/485/485 
f 488/488/488 481/481/481 482/482/482 
f 488/488/488 482/482/482 487/487/487 
f 489/489/489 480/480/480 481/481/481 
f 479/479/479 480/480/480 489/489/489 
f 489/489/489 481/481/481 488/488/488 
f 478/478/478 479/479/479 490/490/490 
f 479/479/479 489/489/489 490/490/490 
f 491/491/491 205/205/205 206/206/206 
f 491/491/491 206/206/206 207/207/207 
f 491/491/491 207/207/207 492/492/492 
f 492/492/492 207/207/207 208/208/208 
f 208/208/208 445/445/445 493/493/493 
f 492/492/492 208/208/208 493/493/493 
f 445/445/445 444/444/444 494/494/494 
f 445/445/445 494/494/494 495/495/495 
f 496/496/496 455/455/455 200/200/200 
f 496/496/496 200/200/200 201/201/201 
f 497/497/497 496/496/496 201/201/201 
f 497/497/497 201/201/201 202/202/202 
f 496/496/496 497/497/497 498/498/498 
f 455/455/455 496/496/496 499/499/499 
f 496/496/496 498/498/498 499/499/499 
f 500/500/500 497/497/497 202/202/202 
f 500/500/500 202/202/202 203/203/203 
f 497/497/497 501/501/501 498/498/498 
f 497/497/497 500/500/500 501/501/501 
f 501/501/501 500/500/500 502/502/502 
f 502/502/502 500/500/500 203/203/203 
f 502/502/502 203/203/203 204/204/204 
f 503/503/503 204/204/204 205/205/205 
f 503/503/503 502/502/502 204/204/204 
f 504/504/504 503/503/503 205/205/205 
f 504/504/504 205/205/205 491/491/491 
f 504/504/504 491/491/491 492/492/492 
f 505/505/505 492/492/492 493/493/493 
f 504/504/504 492/492/492 505/505/505 
f 506/506/506 493/493/493 445/445/445 
f 506/506/506 445/445/445 495/495/495 
f 505/505/505 493/493/493 506/506/506 
f 494/494/494 507/507/507 508/508/508 
f 494/494/494 508/508/508 495/495/495 
f 501/501/501 502/502/502 509/509/509 
f 502/502/502 503/503/503 510/510/510 
f 509/509/509 502/502/502 510/510/510 
f 503/503/503 504/504/504 510/510/510 
f 511/511/511 504/504/504 505/505/505 
f 504/504/504 511/511/511 510/510/510 
f 512/512/512 505/505/505 506/506/506 
f 511/511/511 505/505/505 512/512/512 
f 513/513/513 506/506/506 495/495/495 
f 513/513/513 495/495/495 508/508/508 
f 512/512/512 506/506/506 513/513/513 
f 507/507/507 514/514/514 515/515/515 
f 507/507/507 515/515/515 508/508/508 
f 516/516/516 517/517/517 518/518/518 
f 516/516/516 518/518/518 519/519/519 
f 516/516/516 519/519/519 520/520/520 
f 516/516/516 520/520/520 521/521/521 
f 522/522/522 521/521/521 520/520/520 
f 522/522/522 520/520/520 523/523/523 
f 524/524/524 522/522/522 523/523/523 
f 524/524/524 523/523/523 525/525/525 
f 524/524/524 525/525/525 526/526/526 
f 524/524/524 526/526/526 527/527/527 
f 528/528/528 527/527/527 526/526/526 
f 528/528/528 526/526/526 529/529/529 
f 528/528/528 529/529/529 530/530/530 
f 528/528/528 530/530/530 531/531/531 
f 531/531/531 530/530/530 532/532/532 
f 531/531/531 532/532/532 533/533/533 
f 534/534/534 529/529/529 526/526/526 
f 529/529/529 534/534/534 535/535/535 
f 529/529/529 535/535/535 530/530/530 
f 534/534/534 526/526/526 536/536/536 
f 536/536/536 526/526/526 525/525/525 
f 536/536/536 525/525/525 537/537/537 
f 525/525/525 523/523/523 538/538/538 
f 525/525/525 538/538/538 537/537/537 
f 517/517/517 539/539/539 540/540/540 
f 517/517/517 540/540/540 518/518/518 
f 519/519/519 518/518/518 541/541/541 
f 520/520/520 519/519/519 542/542/542 
f 519/519/519 541/541/541 542/542/542 
f 520/520/520 542/542/542 543/543/543 
f 523/523/523 520/520/520 543/543/543 
f 523/523/523 543/543/543 538/538/538 
f 530/530/530 535/535/535 544/544/544 
f 530/530/530 544/544/544 532/532/532 
f 545/545/545 539/539/539 517/517/517 
f 545/545/545 517/517/517 546/546/546 
f 546/546/546 517/517/517 516/516/516 
f 546/546/546 516/516/516 547/547/547 
f 547/547/547 516/516/516 521/521/521 
f 548/548/548 521/521/521 522/522/522 
f 547/547/547 521/521/521 548/548/548 
f 549/549/549 522/522/522 524/524/524 
f 548/548/548 522/522/522 549/549/549 
f 549/549/549 524/524/524 550/550/550 
f 524/524/524 527/527/527 551/551/551 
f 524/524/524 551/551/551 550/550/550 
f 527/527/527 552/552/552 551/551/551 
f 527/527/527 528/528/528 552/552/552 
f 528/528/528 553/553/553 552/552/552 
f 528/528/528 531/531/531 553/553/553 
f 531/531/531 533/533/533 554/554/554 
f 531/531/531 554/554/554 553/553/553 
f 555/555/555 545/545/545 546/546/546 
f 555/555/555 546/546/546 556/556/556 
f 556/556/556 546/546/546 547/547/547 
f 557/557/557 555/555/555 556/556/556 
f 557/557/557 556/556/556 558/558/558 
f 556/556/556 547/547/547 559/559/559 
f 558/558/558 556/556/556 559/559/559 
f 559/559/559 547/547/547 548/548/548 
f 558/558/558 559/559/559 560/560/560 
f 559/559/559 548/548/548 561/561/561 
f 549/549/549 561/561/561 548/548/548 
f 559/559/559 561/561/561 562/562/562 
f 559/559/559 562/562/562 560/560/560 
f 549/549/549 563/563/563 561/561/561 
f 563/563/563 549/549/549 550/550/550 
f 563/563/563 550/550/550 564/564/564 
f 565/565/565 563/563/563 564/564/564 
f 565/565/565 564/564/564 566/566/566 
f 550/550/550 567/567/567 564/564/564 
f 550/550/550 551/551/551 567/567/567 
f 568/568/568 564/564/564 567/567/567 
f 568/568/568 566/566/566 564/564/564 
f 552/552/552 553/553/553 569/569/569 
f 570/570/570 551/551/551 552/552/552 
f 552/552/552 569/569/569 570/570/570 
f 570/570/570 567/567/567 551/551/551 
f 571/571/571 568/568/568 567/567/567 
f 571/571/571 567/567/567 570/570/570 
f 572/572/572 570/570/570 569/569/569 
f 570/570/570 572/572/572 571/571/571 
f 563/563/563 573/573/573 561/561/561 
f 563/563/563 565/565/565 573/573/573 
f 573/573/573 562/562/562 561/561/561 
f 574/574/574 553/553/553 554/554/554 
f 574/574/574 569/569/569 553/553/553 
f 572/572/572 569/569/569 575/575/575 
f 575/575/575 569/569/569 574/574/574 
f 576/576/576 539/539/539 545/545/545 
f 576/576/576 577/577/577 539/539/539 
f 578/578/578 576/576/576 545/545/545 
f 578/578/578 545/545/545 555/555/555 
f 579/579/579 578/578/578 555/555/555 
f 579/579/579 555/555/555 557/557/557 
f 580/580/580 558/558/558 560/560/560 
f 580/580/580 579/579/579 557/557/557 
f 580/580/580 557/557/557 558/558/558 
f 581/581/581 560/560/560 562/562/562 
f 580/580/580 560/560/560 581/581/581 
f 581/581/581 562/562/562 582/582/582 
f 582/582/582 562/562/562 573/573/573 
f 582/582/582 573/573/573 583/583/583 
f 584/584/584 583/583/583 573/573/573 
f 584/584/584 573/573/573 565/565/565 
f 585/585/585 584/584/584 565/565/565 
f 585/585/585 565/565/565 566/566/566 
f 586/586/586 566/566/566 568/568/568 
f 586/586/586 585/585/585 566/566/566 
f 587/587/587 586/586/586 568/568/568 
f 587/587/587 568/568/568 571/571/571 
f 588/588/588 587/587/587 571/571/571 
f 588/588/588 571/571/571 572/572/572 
f 588/588/588 572/572/572 575/575/575 
f 589/589/589 575/575/575 574/574/574 
f 588/588/588 575/575/575 589/589/589 
f 589/589/589 574/574/574 590/590/590 
f 590/590/590 574/574/574 554/554/554 
f 590/590/590 554/554/554 591/591/591 
f 591/591/591 554/554/554 533/533/533 
f 591/591/591 533/533/533 592/592/592 
f 593/593/593 592/592/592 533/533/533 
f 593/593/593 533/533/533 532/532/532 
f 594/594/594 532/532/532 544/544/544 
f 594/594/594 593/593/593 532/532/532 
f 595/595/595 594/594/594 544/544/544 
f 595/595/595 544/544/544 535/535/535 
f 595/595/595 535/535/535 596/596/596 
f 596/596/596 535/535/535 534/534/534 
f 596/596/596 534/534/534 597/597/597 
f 597/597/597 534/534/534 536/536/536 
f 598/598/598 536/536/536 537/537/537 
f 597/597/597 536/536/536 598/598/598 
f 599/599/599 537/537/537 538/538/538 
f 598/598/598 537/537/537 599/599/599 
f 599/599/599 538/538/538 600/600/600 
f 601/601/601 538/538/538 543/543/543 
f 601/601/601 543/543/543 542/542/542 
f 601/601/601 600/600/600 538/538/538 
f 601/601/601 542/542/542 602/602/602 
f 602/602/602 542/542/542 541/541/541 
f 518/518/518 603/603/603 541/541/541 
f 518/518/518 540/540/540 603/603/603 
f 602/602/602 541/541/541 603/603/603 
f 604/604/604 603/603/603 540/540/540 
f 539/539/539 577/577/577 604/604/604 
f 539/539/539 604/604/604 540/540/540 
f 605/605/605 583/583/583 584/584/584 
f 605/605/605 584/584/584 606/606/606 
f 585/585/585 586/586/586 607/607/607 
f 584/584/584 585/585/585 608/608/608 
f 585/585/585 607/607/607 608/608/608 
f 584/584/584 608/608/608 606/606/606 
f 609/609/609 583/583/583 605/605/605 
f 582/582/582 583/583/583 609/609/609 
f 609/609/609 605/605/605 610/610/610 
f 605/605/605 606/606/606 611/611/611 
f 611/611/611 606/606/606 608/608/608 
f 605/605/605 611/611/611 610/610/610 
f 612/612/612 608/608/608 607/607/607 
f 611/611/611 608/608/608 612/612/612 
f 612/612/612 607/607/607 613/613/613 
f 586/586/586 613/613/613 607/607/607 
f 586/586/586 614/614/614 613/613/613 
f 614/614/614 586/586/586 587/587/587 
f 610/610/610 611/611/611 615/615/615 
f 615/615/615 611/611/611 612/612/612 
f 610/610/610 615/615/615 616/616/616 
f 617/617/617 616/616/616 615/615/615 
f 617/617/617 615/615/615 618/618/618 
f 615/615/615 612/612/612 619/619/619 
f 618/618/618 615/615/615 619/619/619 
f 619/619/619 612/612/612 613/613/613 
f 620/620/620 613/613/613 614/614/614 
f 619/619/619 613/613/613 620/620/620 
f 618/618/618 619/619/619 621/621/621 
f 621/621/621 619/619/619 620/620/620 
f 621/621/621 620/620/620 622/622/622 
f 623/623/623 610/610/610 616/616/616 
f 623/623/623 609/609/609 610/610/610 
f 624/624/624 609/609/609 623/623/623 
f 582/582/582 609/609/609 624/624/624 
f 581/581/581 582/582/582 624/624/624 
f 581/581/581 624/624/624 625/625/625 
f 580/580/580 581/581/581 625/625/625 
f 580/580/580 625/625/625 626/626/626 
f 579/579/579 580/580/580 626/626/626 
f 578/578/578 579/579/579 627/627/627 
f 579/579/579 626/626/626 627/627/627 
f 578/578/578 627/627/627 628/628/628 
f 576/576/576 578/578/578 628/628/628 
f 577/577/577 576/576/576 629/629/629 
f 576/576/576 628/628/628 629/629/629 
f 577/577/577 629/629/629 630/630/630 
f 631/631/631 577/577/577 630/630/630 
f 631/631/631 604/604/604 577/577/577 
f 632/632/632 603/603/603 604/604/604 
f 632/632/632 604/604/604 631/631/631 
f 633/633/633 603/603/603 632/632/632 
f 633/633/633 602/602/602 603/603/603 
f 634/634/634 602/602/602 633/633/633 
f 634/634/634 601/601/601 602/602/602 
f 635/635/635 600/600/600 601/601/601 
f 635/635/635 601/601/601 634/634/634 
f 636/636/636 599/599/599 600/600/600 
f 636/636/636 600/600/600 635/635/635 
f 637/637/637 598/598/598 599/599/599 
f 637/637/637 599/599/599 636/636/636 
f 596/596/596 597/597/597 638/638/638 
f 638/638/638 597/597/597 598/598/598 
f 638/638/638 598/598/598 637/637/637 
f 596/596/596 638/638/638 639/639/639 
f 595/595/595 596/596/596 639/639/639 
f 594/594/594 595/595/595 640/640/640 
f 595/595/595 639/639/639 640/640/640 
f 593/593/593 594/594/594 641/641/641 
f 594/594/594 640/640/640 641/641/641 
f 593/593/593 641/641/641 642/642/642 
f 592/592/592 593/593/593 642/642/642 
f 592/592/592 642/642/642 643/643/643 
f 644/644/644 591/591/591 592/592/592 
f 644/644/644 592/592/592 643/643/643 
f 645/645/645 590/590/590 591/591/591 
f 645/645/645 591/591/591 644/644/644 
f 646/646/646 590/590/590 645/645/645 
f 646/646/646 589/589/589 590/590/590 
f 647/647/647 588/588/588 589/589/589 
f 647/647/647 589/589/589 646/646/646 
f 648/648/648 587/587/587 588/588/588 
f 648/648/648 588/588/588 647/647/647 
f 614/614/614 587/587/587 648/648/648 
f 620/620/620 614/614/614 649/649/649 
f 622/622/622 620/620/620 649/649/649 
f 649/649/649 614/614/614 648/648/648 
f 650/650/650 623/623/623 616/616/616 
f 650/650/650 616/616/616 617/617/617 
f 624/624/624 623/623/623 651/651/651 
f 625/625/625 624/624/624 651/651/651 
f 626/626/626 625/625/625 652/652/652 
f 625/625/625 651/651/651 652/652/652 
f 626/626/626 652/652/652 653/653/653 
f 653/653/653 627/627/627 626/626/626 
f 653/653/653 654/654/654 627/627/627 
f 628/628/628 627/627/627 654/654/654 
f 629/629/629 628/628/628 655/655/655 
f 628/628/628 654/654/654 655/655/655 
f 629/629/629 655/655/655 656/656/656 
f 629/629/629 656/656/656 657/657/657 
f 631/631/631 630/630/630 657/657/657 
f 629/629/629 657/657/657 630/630/630 
f 631/631/631 657/657/657 658/658/658 
f 631/631/631 659/659/659 632/632/632 
f 631/631/631 658/658/658 659/659/659 
f 632/632/632 660/660/660 633/633/633 
f 632/632/632 659/659/659 660/660/660 
f 633/633/633 660/660/660 661/661/661 
f 633/633/633 661/661/661 634/634/634 
f 634/634/634 662/662/662 635/635/635 
f 634/634/634 661/661/661 662/662/662 
f 635/635/635 663/663/663 636/636/636 
f 635/635/635 662/662/662 663/663/663 
f 636/636/636 663/663/663 664/664/664 
f 636/636/636 664/664/664 637/637/637 
f 638/638/638 637/637/637 664/664/664 
f 639/639/639 638/638/638 665/665/665 
f 638/638/638 664/664/664 665/665/665 
f 639/639/639 665/665/665 666/666/666 
f 640/640/640 639/639/639 666/666/666 
f 641/641/641 640/640/640 667/667/667 
f 640/640/640 666/666/666 667/667/667 
f 642/642/642 641/641/641 668/668/668 
f 641/641/641 667/667/667 668/668/668 
f 642/642/642 668/668/668 669/669/669 
f 642/642/642 670/670/670 643/643/643 
f 644/644/644 643/643/643 670/670/670 
f 642/642/642 669/669/669 670/670/670 
f 644/644/644 670/670/670 671/671/671 
f 644/644/644 672/672/672 645/645/645 
f 644/644/644 671/671/671 672/672/672 
f 645/645/645 672/672/672 673/673/673 
f 645/645/645 673/673/673 646/646/646 
f 646/646/646 673/673/673 674/674/674 
f 646/646/646 674/674/674 647/647/647 
f 647/647/647 675/675/675 648/648/648 
f 647/647/647 674/674/674 675/675/675 
f 649/649/649 648/648/648 675/675/675 
f 623/623/623 676/676/676 651/651/651 
f 676/676/676 652/652/652 651/651/651 
f 623/623/623 650/650/650 676/676/676 
f 676/676/676 677/677/677 652/652/652 
f 653/653/653 652/652/652 677/677/677 
f 653/653/653 677/677/677 678/678/678 
f 654/654/654 653/653/653 678/678/678 
f 654/654/654 678/678/678 679/679/679 
f 655/655/655 654/654/654 679/679/679 
f 655/655/655 679/679/679 680/680/680 
f 656/656/656 655/655/655 680/680/680 
f 656/656/656 680/680/680 681/681/681 
f 656/656/656 681/681/681 682/682/682 
f 656/656/656 682/682/682 657/657/657 
f 658/658/658 657/657/657 682/682/682 
f 658/658/658 682/682/682 683/683/683 
f 658/658/658 683/683/683 684/684/684 
f 658/658/658 684/684/684 659/659/659 
f 659/659/659 684/684/684 685/685/685 
f 659/659/659 685/685/685 660/660/660 
f 660/660/660 685/685/685 686/686/686 
f 660/660/660 686/686/686 661/661/661 
f 661/661/661 687/687/687 662/662/662 
f 661/661/661 686/686/686 687/687/687 
f 662/662/662 687/687/687 688/688/688 
f 662/662/662 688/688/688 663/663/663 
f 665/665/665 664/664/664 689/689/689 
f 663/663/663 688/688/688 689/689/689 
f 663/663/663 689/689/689 664/664/664 
f 666/666/666 665/665/665 690/690/690 
f 665/665/665 689/689/689 690/690/690 
f 667/667/667 666/666/666 691/691/691 
f 666/666/666 690/690/690 691/691/691 
f 667/667/667 691/691/691 692/692/692 
f 668/668/668 667/667/667 692/692/692 
f 669/669/669 668/668/668 693/693/693 
f 668/668/668 692/692/692 693/693/693 
f 670/670/670 669/669/669 694/694/694 
f 669/669/669 693/693/693 694/694/694 
f 670/670/670 694/694/694 695/695/695 
f 671/671/671 670/670/670 695/695/695 
f 671/671/671 695/695/695 696/696/696 
f 671/671/671 697/697/697 672/672/672 
f 671/671/671 696/696/696 697/697/697 
f 672/672/672 697/697/697 698/698/698 
f 672/672/672 698/698/698 673/673/673 
f 673/673/673 699/699/699 674/674/674 
f 673/673/673 698/698/698 699/699/699 
f 674/674/674 699/699/699 700/700/700 
f 674/674/674 700/700/700 675/675/675 
f 701/701/701 702/702/702 703/703/703 
f 701/701/701 703/703/703 704/704/704 
f 705/705/705 706/706/706 707/707/707 
f 708/708/708 705/705/705 707/707/707 
f 708/708/708 707/707/707 709/709/709 
f 709/709/709 710/710/710 708/708/708 
f 709/709/709 711/711/711 710/710/710 
f 712/712/712 710/710/710 711/711/711 
f 712/712/712 711/711/711 713/713/713 
f 714/714/714 709/709/709 707/707/707 
f 714/714/714 711/711/711 709/709/709 
f 714/714/714 713/713/713 711/711/711 
f 714/714/714 707/707/707 715/715/715 
f 715/715/715 707/707/707 706/706/706 
f 715/715/715 706/706/706 716/716/716 
f 716/716/716 703/703/703 702/702/702 
f 716/716/716 702/702/702 715/715/715 
f 717/717/717 713/713/713 714/714/714 
f 715/715/715 702/702/702 717/717/717 
f 715/715/715 717/717/717 714/714/714 
f 717/717/717 712/712/712 713/713/713 
f 702/702/702 701/701/701 718/718/718 
f 717/717/717 718/718/718 712/712/712 
f 702/702/702 718/718/718 717/717/717 
f 701/701/701 719/719/719 718/718/718 
f 701/701/701 704/704/704 719/719/719 
f 720/720/720 719/719/719 704/704/704 
f 720/720/720 704/704/704 721/721/721 
f 722/722/722 704/704/704 703/703/703 
f 722/722/722 721/721/721 704/704/704 
f 723/723/723 703/703/703 716/716/716 
f 723/723/723 722/722/722 703/703/703 
f 724/724/724 723/723/723 716/716/716 
f 724/724/724 716/716/716 706/706/706 
f 725/725/725 706/706/706 705/705/705 
f 725/725/725 724/724/724 706/706/706 
f 726/726/726 710/710/710 712/712/712 
f 710/710/710 726/726/726 727/727/727 
f 710/710/710 727/727/727 708/708/708 
f 727/727/727 728/728/728 708/708/708 
f 728/728/728 725/725/725 705/705/705 
f 728/728/728 705/705/705 708/708/708 
f 718/718/718 729/729/729 712/712/712 
f 718/718/718 719/719/719 729/729/729 
f 726/726/726 712/712/712 729/729/729 
f 622/622/622 649/649/649 730/730/730 
f 730/730/730 649/649/649 675/675/675 
f 730/730/730 675/675/675 700/700/700 
f 731/731/731 700/700/700 699/699/699 
f 727/727/727 726/726/726 731/731/731 
f 726/726/726 729/729/729 732/732/732 
f 726/726/726 732/732/732 731/731/731 
f 700/700/700 732/732/732 730/730/730 
f 700/700/700 731/731/731 732/732/732 
f 732/732/732 729/729/729 719/719/719 
f 731/731/731 699/699/699 733/733/733 
f 733/733/733 699/699/699 698/698/698 
f 727/727/727 731/731/731 734/734/734 
f 734/734/734 731/731/731 733/733/733 
f 728/728/728 727/727/727 734/734/734 
f 728/728/728 734/734/734 735/735/735 
f 725/725/725 728/728/728 735/735/735 
f 734/734/734 733/733/733 736/736/736 
f 735/735/735 734/734/734 736/736/736 
f 725/725/725 735/735/735 737/737/737 
f 738/738/738 723/723/723 724/724/724 
f 738/738/738 722/722/722 723/723/723 
f 738/738/738 739/739/739 722/722/722 
f 721/721/721 722/722/722 739/739/739 
f 740/740/740 741/741/741 742/742/742 
f 738/738/738 743/743/743 742/742/742 
f 740/740/740 742/742/742 743/743/743 
f 744/744/744 725/725/725 737/737/737 
f 738/738/738 724/724/724 744/744/744 
f 744/744/744 724/724/724 725/725/725 
f 743/743/743 738/738/738 744/744/744 
f 745/745/745 746/746/746 747/747/747 
f 745/745/745 747/747/747 748/748/748 
f 737/737/737 735/735/735 749/749/749 
f 749/749/749 745/745/745 748/748/748 
f 737/737/737 749/749/749 748/748/748 
f 747/747/747 746/746/746 750/750/750 
f 747/747/747 750/750/750 751/751/751 
f 743/743/743 744/744/744 752/752/752 
f 752/752/752 748/748/748 747/747/747 
f 752/752/752 737/737/737 748/748/748 
f 740/740/740 752/752/752 751/751/751 
f 740/740/740 743/743/743 752/752/752 
f 752/752/752 744/744/744 737/737/737 
f 752/752/752 747/747/747 751/751/751 
f 751/751/751 750/750/750 753/753/753 
f 753/753/753 741/741/741 740/740/740 
f 753/753/753 740/740/740 751/751/751 
f 738/738/738 742/742/742 754/754/754 
f 739/739/739 738/738/738 754/754/754 
f 735/735/735 755/755/755 749/749/749 
f 755/755/755 736/736/736 733/733/733 
f 735/735/735 736/736/736 755/755/755 
f 749/749/749 755/755/755 756/756/756 
f 749/749/749 756/756/756 745/745/745 
f 745/745/745 756/756/756 757/757/757 
f 745/745/745 757/757/757 746/746/746 
f 746/746/746 758/758/758 750/750/750 
f 753/753/753 750/750/750 758/758/758 
f 746/746/746 757/757/757 758/758/758 
f 753/753/753 758/758/758 759/759/759 
f 753/753/753 759/759/759 741/741/741 
f 759/759/759 760/760/760 741/741/741 
f 761/761/761 754/754/754 742/742/742 
f 741/741/741 760/760/760 761/761/761 
f 741/741/741 761/761/761 742/742/742 
f 761/761/761 762/762/762 754/754/754 
f 739/739/739 754/754/754 763/763/763 
f 754/754/754 762/762/762 763/763/763 
f 755/755/755 733/733/733 764/764/764 
f 765/765/765 698/698/698 697/697/697 
f 764/764/764 733/733/733 765/765/765 
f 733/733/733 698/698/698 765/765/765 
f 765/765/765 697/697/697 766/766/766 
f 766/766/766 697/697/697 696/696/696 
f 766/766/766 696/696/696 767/767/767 
f 767/767/767 696/696/696 695/695/695 
f 767/767/767 695/695/695 768/768/768 
f 695/695/695 694/694/694 769/769/769 
f 695/695/695 769/769/769 768/768/768 
f 694/694/694 693/693/693 770/770/770 
f 694/694/694 770/770/770 769/769/769 
f 693/693/693 771/771/771 770/770/770 
f 693/693/693 692/692/692 771/771/771 
f 692/692/692 691/691/691 772/772/772 
f 692/692/692 772/772/772 771/771/771 
f 691/691/691 690/690/690 773/773/773 
f 691/691/691 773/773/773 772/772/772 
f 690/690/690 689/689/689 774/774/774 
f 690/690/690 774/774/774 773/773/773 
f 689/689/689 775/775/775 774/774/774 
f 689/689/689 688/688/688 775/775/775 
f 775/775/775 688/688/688 687/687/687 
f 776/776/776 687/687/687 686/686/686 
f 775/775/775 687/687/687 776/776/776 
f 777/777/777 686/686/686 685/685/685 
f 776/776/776 686/686/686 777/777/777 
f 778/778/778 685/685/685 684/684/684 
f 777/777/777 685/685/685 778/778/778 
f 778/778/778 684/684/684 779/779/779 
f 779/779/779 684/684/684 683/683/683 
f 682/682/682 780/780/780 683/683/683 
f 779/779/779 683/683/683 780/780/780 
f 682/682/682 781/781/781 780/780/780 
f 682/682/682 782/782/782 781/781/781 
f 682/682/682 681/681/681 782/782/782 
f 681/681/681 680/680/680 783/783/783 
f 681/681/681 783/783/783 782/782/782 
f 680/680/680 679/679/679 784/784/784 
f 680/680/680 784/784/784 783/783/783 
f 679/679/679 785/785/785 784/784/784 
f 679/679/679 678/678/678 785/785/785 
f 786/786/786 787/787/787 788/788/788 
f 786/786/786 788/788/788 789/789/789 
f 790/790/790 791/791/791 792/792/792 
f 786/786/786 789/789/789 793/793/793 
f 786/786/786 793/793/793 794/794/794 
f 792/792/792 791/791/791 794/794/794 
f 792/792/792 794/794/794 793/793/793 
f 795/795/795 792/792/792 793/793/793 
f 795/795/795 790/790/790 792/792/792 
f 795/795/795 796/796/796 790/790/790 
f 789/789/789 788/788/788 797/797/797 
f 789/789/789 797/797/797 798/798/798 
f 789/789/789 799/799/799 793/793/793 
f 795/795/795 793/793/793 799/799/799 
f 789/789/789 798/798/798 799/799/799 
f 800/800/800 795/795/795 799/799/799 
f 800/800/800 799/799/799 801/801/801 
f 801/801/801 799/799/799 798/798/798 
f 801/801/801 798/798/798 802/802/802 
f 797/797/797 802/802/802 798/798/798 
f 797/797/797 803/803/803 802/802/802 
f 801/801/801 804/804/804 800/800/800 
f 802/802/802 803/803/803 804/804/804 
f 801/801/801 802/802/802 804/804/804 
f 804/804/804 803/803/803 805/805/805 
f 804/804/804 805/805/805 806/806/806 
f 806/806/806 800/800/800 804/804/804 
f 806/806/806 807/807/807 800/800/800 
f 808/808/808 795/795/795 800/800/800 
f 808/808/808 800/800/800 807/807/807 
f 796/796/796 795/795/795 808/808/808 
f 796/796/796 808/808/808 809/809/809 
f 790/790/790 796/796/796 809/809/809 
f 790/790/790 809/809/809 810/810/810 
f 791/791/791 790/790/790 810/810/810 
f 791/791/791 810/810/810 811/811/811 
f 791/791/791 812/812/812 794/794/794 
f 791/791/791 811/811/811 812/812/812 
f 794/794/794 812/812/812 813/813/813 
f 787/787/787 786/786/786 813/813/813 
f 794/794/794 813/813/813 786/786/786 
f 787/787/787 813/813/813 814/814/814 
f 787/787/787 814/814/814 815/815/815 
f 787/787/787 815/815/815 788/788/788 
f 788/788/788 815/815/815 816/816/816 
f 816/816/816 805/805/805 803/803/803 
f 788/788/788 816/816/816 797/797/797 
f 816/816/816 803/803/803 797/797/797 
f 817/817/817 811/811/811 810/810/810 
f 818/818/818 817/817/817 810/810/810 
f 819/819/819 730/730/730 732/732/732 
f 819/819/819 622/622/622 730/730/730 
f 820/820/820 719/719/719 720/720/720 
f 732/732/732 719/719/719 820/820/820 
f 819/819/819 732/732/732 820/820/820 
f 820/820/820 720/720/720 821/821/821 
f 821/821/821 720/720/720 721/721/721 
f 821/821/821 721/721/721 822/822/822 
f 721/721/721 739/739/739 822/822/822 
f 823/823/823 824/824/824 818/818/818 
f 817/817/817 818/818/818 824/824/824 
f 810/810/810 825/825/825 818/818/818 
f 810/810/810 809/809/809 825/825/825 
f 823/823/823 818/818/818 825/825/825 
f 826/826/826 617/617/617 618/618/618 
f 617/617/617 827/827/827 650/650/650 
f 617/617/617 826/826/826 827/827/827 
f 807/807/807 806/806/806 828/828/828 
f 808/808/808 807/807/807 829/829/829 
f 827/827/827 829/829/829 828/828/828 
f 807/807/807 828/828/828 829/829/829 
f 808/808/808 829/829/829 809/809/809 
f 830/830/830 809/809/809 829/829/829 
f 830/830/830 827/827/827 826/826/826 
f 830/830/830 825/825/825 809/809/809 
f 829/829/829 827/827/827 830/830/830 
f 831/831/831 618/618/618 621/621/621 
f 826/826/826 618/618/618 831/831/831 
f 831/831/831 621/621/621 832/832/832 
f 832/832/832 621/621/621 622/622/622 
f 832/832/832 622/622/622 819/819/819 
f 833/833/833 823/823/823 825/825/825 
f 830/830/830 826/826/826 833/833/833 
f 833/833/833 826/826/826 831/831/831 
f 833/833/833 831/831/831 832/832/832 
f 833/833/833 825/825/825 830/830/830 
f 834/834/834 820/820/820 821/821/821 
f 819/819/819 820/820/820 834/834/834 
f 819/819/819 834/834/834 832/832/832 
f 834/834/834 821/821/821 835/835/835 
f 834/834/834 836/836/836 832/832/832 
f 823/823/823 836/836/836 835/835/835 
f 836/836/836 834/834/834 835/835/835 
f 823/823/823 833/833/833 836/836/836 
f 833/833/833 832/832/832 836/836/836 
f 811/811/811 837/837/837 812/812/812 
f 811/811/811 817/817/817 837/837/837 
f 812/812/812 838/838/838 813/813/813 
f 814/814/814 813/813/813 838/838/838 
f 812/812/812 837/837/837 838/838/838 
f 814/814/814 838/838/838 839/839/839 
f 814/814/814 839/839/839 840/840/840 
f 814/814/814 840/840/840 815/815/815 
f 815/815/815 840/840/840 841/841/841 
f 815/815/815 841/841/841 816/816/816 
f 806/806/806 805/805/805 842/842/842 
f 816/816/816 842/842/842 805/805/805 
f 816/816/816 841/841/841 842/842/842 
f 806/806/806 842/842/842 828/828/828 
f 827/827/827 828/828/828 843/843/843 
f 843/843/843 828/828/828 842/842/842 
f 677/677/677 676/676/676 843/843/843 
f 650/650/650 843/843/843 676/676/676 
f 650/650/650 827/827/827 843/843/843 
f 678/678/678 677/677/677 844/844/844 
f 677/677/677 843/843/843 844/844/844 
f 678/678/678 844/844/844 785/785/785 
f 845/845/845 842/842/842 841/841/841 
f 843/843/843 842/842/842 845/845/845 
f 844/844/844 843/843/843 845/845/845 
f 844/844/844 845/845/845 846/846/846 
f 845/845/845 841/841/841 846/846/846 
f 846/846/846 841/841/841 840/840/840 
f 444/444/444 442/442/442 847/847/847 
f 442/442/442 443/443/443 848/848/848 
f 442/442/442 848/848/848 847/847/847 
f 849/849/849 210/210/210 211/211/211 
f 849/849/849 848/848/848 443/443/443 
f 849/849/849 443/443/443 210/210/210 
f 849/849/849 211/211/211 850/850/850 
f 850/850/850 211/211/211 212/212/212 
f 851/851/851 212/212/212 213/213/213 
f 850/850/850 212/212/212 851/851/851 
f 851/851/851 213/213/213 852/852/852 
f 846/846/846 840/840/840 853/853/853 
f 840/840/840 839/839/839 854/854/854 
f 840/840/840 854/854/854 853/853/853 
f 839/839/839 838/838/838 855/855/855 
f 855/855/855 838/838/838 837/837/837 
f 839/839/839 855/855/855 854/854/854 
f 855/855/855 837/837/837 856/856/856 
f 856/856/856 837/837/837 817/817/817 
f 855/855/855 856/856/856 857/857/857 
f 854/854/854 855/855/855 858/858/858 
f 855/855/855 857/857/857 858/858/858 
f 859/859/859 853/853/853 854/854/854 
f 854/854/854 858/858/858 860/860/860 
f 859/859/859 854/854/854 860/860/860 
f 858/858/858 861/861/861 862/862/862 
f 858/858/858 862/862/862 860/860/860 
f 863/863/863 859/859/859 860/860/860 
f 863/863/863 860/860/860 862/862/862 
f 863/863/863 864/864/864 859/859/859 
f 865/865/865 864/864/864 863/863/863 
f 865/865/865 863/863/863 866/866/866 
f 863/863/863 867/867/867 866/866/866 
f 863/863/863 862/862/862 867/867/867 
f 785/785/785 844/844/844 868/868/868 
f 844/844/844 846/846/846 868/868/868 
f 869/869/869 846/846/846 853/853/853 
f 869/869/869 853/853/853 859/859/859 
f 869/869/869 859/859/859 864/864/864 
f 868/868/868 846/846/846 869/869/869 
f 869/869/869 864/864/864 870/870/870 
f 871/871/871 864/864/864 865/865/865 
f 871/871/871 870/870/870 864/864/864 
f 872/872/872 871/871/871 865/865/865 
f 872/872/872 865/865/865 866/866/866 
f 873/873/873 866/866/866 867/867/867 
f 873/873/873 872/872/872 866/866/866 
f 874/874/874 867/867/867 862/862/862 
f 874/874/874 873/873/873 867/867/867 
f 875/875/875 862/862/862 861/861/861 
f 875/875/875 874/874/874 862/862/862 
f 858/858/858 857/857/857 876/876/876 
f 858/858/858 876/876/876 861/861/861 
f 876/876/876 875/875/875 861/861/861 
f 877/877/877 876/876/876 857/857/857 
f 877/877/877 857/857/857 856/856/856 
f 877/877/877 856/856/856 878/878/878 
f 817/817/817 824/824/824 878/878/878 
f 856/856/856 817/817/817 878/878/878 
f 823/823/823 879/879/879 824/824/824 
f 823/823/823 835/835/835 879/879/879 
f 879/879/879 821/821/821 822/822/822 
f 879/879/879 835/835/835 821/821/821 
f 880/880/880 822/822/822 739/739/739 
f 880/880/880 739/739/739 763/763/763 
f 881/881/881 824/824/824 879/879/879 
f 881/881/881 878/878/878 824/824/824 
f 877/877/877 878/878/878 882/882/882 
f 882/882/882 878/878/878 881/881/881 
f 883/883/883 851/851/851 852/852/852 
f 883/883/883 852/852/852 884/884/884 
f 851/851/851 883/883/883 885/885/885 
f 851/851/851 885/885/885 850/850/850 
f 850/850/850 886/886/886 849/849/849 
f 848/848/848 849/849/849 886/886/886 
f 850/850/850 885/885/885 886/886/886 
f 847/847/847 848/848/848 887/887/887 
f 848/848/848 886/886/886 887/887/887 
f 847/847/847 887/887/887 888/888/888 
f 444/444/444 847/847/847 889/889/889 
f 889/889/889 847/847/847 888/888/888 
f 444/444/444 889/889/889 494/494/494 
f 494/494/494 889/889/889 890/890/890 
f 494/494/494 890/890/890 507/507/507 
f 514/514/514 507/507/507 890/890/890 
f 514/514/514 890/890/890 891/891/891 
f 881/881/881 879/879/879 892/892/892 
f 892/892/892 822/822/822 880/880/880 
f 892/892/892 879/879/879 822/822/822 
f 882/882/882 881/881/881 893/893/893 
f 893/893/893 881/881/881 892/892/892 
f 882/882/882 893/893/893 894/894/894 
f 882/882/882 894/894/894 895/895/895 
f 877/877/877 882/882/882 895/895/895 
f 884/884/884 896/896/896 897/897/897 
f 884/884/884 897/897/897 883/883/883 
f 883/883/883 897/897/897 898/898/898 
f 886/886/886 885/885/885 898/898/898 
f 883/883/883 898/898/898 885/885/885 
f 887/887/887 886/886/886 899/899/899 
f 886/886/886 898/898/898 899/899/899 
f 887/887/887 899/899/899 900/900/900 
f 888/888/888 887/887/887 900/900/900 
f 888/888/888 900/900/900 901/901/901 
f 889/889/889 888/888/888 901/901/901 
f 890/890/890 889/889/889 902/902/902 
f 889/889/889 901/901/901 902/902/902 
f 894/894/894 893/893/893 903/903/903 
f 903/903/903 892/892/892 880/880/880 
f 893/893/893 892/892/892 903/903/903 
f 894/894/894 903/903/903 904/904/904 
f 897/897/897 896/896/896 905/905/905 
f 898/898/898 897/897/897 906/906/906 
f 897/897/897 905/905/905 906/906/906 
f 899/899/899 898/898/898 907/907/907 
f 898/898/898 906/906/906 907/907/907 
f 900/900/900 899/899/899 908/908/908 
f 899/899/899 907/907/907 908/908/908 
f 906/906/906 905/905/905 909/909/909 
f 907/907/907 906/906/906 910/910/910 
f 906/906/906 909/909/909 910/910/910 
f 908/908/908 907/907/907 911/911/911 
f 907/907/907 910/910/910 911/911/911 
f 910/910/910 909/909/909 912/912/912 
f 910/910/910 912/912/912 913/913/913 
f 911/911/911 910/910/910 913/913/913 
f 911/911/911 913/913/913 914/914/914 
f 913/913/913 912/912/912 915/915/915 
f 914/914/914 913/913/913 916/916/916 
f 913/913/913 915/915/915 916/916/916 
f 914/914/914 916/916/916 917/917/917 
f 916/916/916 915/915/915 918/918/918 
f 917/917/917 916/916/916 919/919/919 
f 916/916/916 918/918/918 919/919/919 
f 366/366/366 362/362/362 920/920/920 
f 918/918/918 920/920/920 919/919/919 
f 918/918/918 366/366/366 920/920/920 
f 917/917/917 919/919/919 921/921/921 
f 921/921/921 919/919/919 920/920/920 
f 900/900/900 908/908/908 922/922/922 
f 901/901/901 900/900/900 922/922/922 
f 901/901/901 922/922/922 923/923/923 
f 922/922/922 908/908/908 924/924/924 
f 908/908/908 911/911/911 924/924/924 
f 924/924/924 911/911/911 914/914/914 
f 440/440/440 476/476/476 925/925/925 
f 440/440/440 925/925/925 926/926/926 
f 923/923/923 926/926/926 925/925/925 
f 922/922/922 924/924/924 927/927/927 
f 927/927/927 926/926/926 923/923/923 
f 927/927/927 923/923/923 922/922/922 
f 928/928/928 914/914/914 917/917/917 
f 927/927/927 924/924/924 928/928/928 
f 924/924/924 914/914/914 928/928/928 
f 929/929/929 440/440/440 926/926/926 
f 929/929/929 438/438/438 440/440/440 
f 930/930/930 926/926/926 927/927/927 
f 930/930/930 929/929/929 926/926/926 
f 927/927/927 928/928/928 930/930/930 
f 928/928/928 917/917/917 931/931/931 
f 931/931/931 917/917/917 921/921/921 
f 930/930/930 928/928/928 931/931/931 
f 932/932/932 427/427/427 438/438/438 
f 932/932/932 438/438/438 929/929/929 
f 933/933/933 929/929/929 930/930/930 
f 930/930/930 931/931/931 933/933/933 
f 933/933/933 932/932/932 929/929/929 
f 357/357/357 415/415/415 934/934/934 
f 934/934/934 427/427/427 932/932/932 
f 934/934/934 415/415/415 427/427/427 
f 933/933/933 931/931/931 935/935/935 
f 931/931/931 921/921/921 935/935/935 
f 933/933/933 935/935/935 936/936/936 
f 932/932/932 933/933/933 936/936/936 
f 932/932/932 936/936/936 934/934/934 
f 921/921/921 937/937/937 935/935/935 
f 921/921/921 920/920/920 937/937/937 
f 938/938/938 934/934/934 936/936/936 
f 355/355/355 938/938/938 356/356/356 
f 355/355/355 357/357/357 938/938/938 
f 357/357/357 934/934/934 938/938/938 
f 939/939/939 936/936/936 935/935/935 
f 938/938/938 936/936/936 939/939/939 
f 939/939/939 935/935/935 937/937/937 
f 341/341/341 940/940/940 342/342/342 
f 940/940/940 938/938/938 939/939/939 
f 940/940/940 356/356/356 938/938/938 
f 341/341/341 356/356/356 940/940/940 
f 941/941/941 937/937/937 920/920/920 
f 941/941/941 920/920/920 362/362/362 
f 334/334/334 342/342/342 941/941/941 
f 362/362/362 334/334/334 941/941/941 
f 940/940/940 941/941/941 342/342/342 
f 940/940/940 939/939/939 942/942/942 
f 940/940/940 942/942/942 941/941/941 
f 942/942/942 937/937/937 941/941/941 
f 942/942/942 939/939/939 937/937/937 
f 891/891/891 890/890/890 943/943/943 
f 890/890/890 902/902/902 943/943/943 
f 944/944/944 925/925/925 476/476/476 
f 944/944/944 476/476/476 477/477/477 
f 923/923/923 925/925/925 945/945/945 
f 923/923/923 945/945/945 901/901/901 
f 945/945/945 902/902/902 901/901/901 
f 945/945/945 925/925/925 944/944/944 
f 943/943/943 902/902/902 945/945/945 
f 943/943/943 945/945/945 944/944/944 
f 896/896/896 884/884/884 946/946/946 
f 946/946/946 884/884/884 852/852/852 
f 896/896/896 946/946/946 947/947/947 
f 948/948/948 894/894/894 904/904/904 
f 895/895/895 894/894/894 948/948/948 
f 948/948/948 904/904/904 949/949/949 
f 896/896/896 947/947/947 950/950/950 
f 896/896/896 950/950/950 905/905/905 
f 951/951/951 948/948/948 949/949/949 
f 947/947/947 952/952/952 950/950/950 
f 951/951/951 949/949/949 952/952/952 
f 947/947/947 951/951/951 952/952/952 
f 953/953/953 909/909/909 905/905/905 
f 953/953/953 905/905/905 950/950/950 
f 954/954/954 880/880/880 763/763/763 
f 904/904/904 903/903/903 954/954/954 
f 903/903/903 880/880/880 954/954/954 
f 955/955/955 763/763/763 762/762/762 
f 954/954/954 763/763/763 955/955/955 
f 784/784/784 785/785/785 956/956/956 
f 785/785/785 868/868/868 956/956/956 
f 956/956/956 868/868/868 957/957/957 
f 868/868/868 869/869/869 957/957/957 
f 958/958/958 869/869/869 870/870/870 
f 958/958/958 957/957/957 869/869/869 
f 959/959/959 958/958/958 870/870/870 
f 959/959/959 870/870/870 871/871/871 
f 960/960/960 959/959/959 871/871/871 
f 960/960/960 872/872/872 873/873/873 
f 960/960/960 871/871/871 872/872/872 
f 960/960/960 873/873/873 961/961/961 
f 961/961/961 873/873/873 874/874/874 
f 961/961/961 874/874/874 962/962/962 
f 962/962/962 874/874/874 875/875/875 
f 962/962/962 875/875/875 963/963/963 
f 964/964/964 948/948/948 951/951/951 
f 895/895/895 948/948/948 964/964/964 
f 965/965/965 963/963/963 875/875/875 
f 965/965/965 875/875/875 876/876/876 
f 966/966/966 876/876/876 877/877/877 
f 877/877/877 895/895/895 966/966/966 
f 966/966/966 895/895/895 964/964/964 
f 966/966/966 965/965/965 876/876/876 
f 963/963/963 965/965/965 967/967/967 
f 966/966/966 964/964/964 967/967/967 
f 967/967/967 965/965/965 966/966/966 
f 946/946/946 852/852/852 968/968/968 
f 968/968/968 852/852/852 213/213/213 
f 968/968/968 213/213/213 456/456/456 
f 963/963/963 967/967/967 969/969/969 
f 969/969/969 946/946/946 968/968/968 
f 964/964/964 951/951/951 970/970/970 
f 969/969/969 970/970/970 946/946/946 
f 967/967/967 964/964/964 970/970/970 
f 967/967/967 970/970/970 969/969/969 
f 947/947/947 946/946/946 970/970/970 
f 947/947/947 970/970/970 951/951/951 
f 764/764/764 765/765/765 971/971/971 
f 971/971/971 765/765/765 766/766/766 
f 755/755/755 764/764/764 972/972/972 
f 972/972/972 764/764/764 971/971/971 
f 755/755/755 972/972/972 756/756/756 
f 756/756/756 973/973/973 757/757/757 
f 756/756/756 972/972/972 973/973/973 
f 757/757/757 974/974/974 758/758/758 
f 757/757/757 973/973/973 974/974/974 
f 758/758/758 974/974/974 975/975/975 
f 758/758/758 975/975/975 759/759/759 
f 759/759/759 976/976/976 760/760/760 
f 759/759/759 975/975/975 976/976/976 
f 760/760/760 976/976/976 761/761/761 
f 976/976/976 977/977/977 761/761/761 
f 762/762/762 761/761/761 977/977/977 
f 978/978/978 912/912/912 909/909/909 
f 978/978/978 909/909/909 953/953/953 
f 979/979/979 915/915/915 912/912/912 
f 979/979/979 912/912/912 978/978/978 
f 980/980/980 915/915/915 979/979/979 
f 980/980/980 918/918/918 915/915/915 
f 365/365/365 981/981/981 369/369/369 
f 981/981/981 366/366/366 918/918/918 
f 981/981/981 918/918/918 980/980/980 
f 365/365/365 366/366/366 981/981/981 
f 368/368/368 369/369/369 982/982/982 
f 368/368/368 982/982/982 376/376/376 
f 983/983/983 978/978/978 953/953/953 
f 978/978/978 984/984/984 979/979/979 
f 978/978/978 983/983/983 984/984/984 
f 985/985/985 975/975/975 974/974/974 
f 986/986/986 984/984/984 983/983/983 
f 975/975/975 985/985/985 986/986/986 
f 975/975/975 986/986/986 976/976/976 
f 987/987/987 981/981/981 980/980/980 
f 369/369/369 987/987/987 982/982/982 
f 982/982/982 987/987/987 985/985/985 
f 369/369/369 981/981/981 987/987/987 
f 979/979/979 988/988/988 980/980/980 
f 985/985/985 988/988/988 986/986/986 
f 987/987/987 980/980/980 988/988/988 
f 985/985/985 987/987/987 988/988/988 
f 988/988/988 984/984/984 986/986/986 
f 979/979/979 984/984/984 988/988/988 
f 973/973/973 989/989/989 974/974/974 
f 985/985/985 974/974/974 989/989/989 
f 982/982/982 985/985/985 989/989/989 
f 990/990/990 766/766/766 767/767/767 
f 971/971/971 766/766/766 990/990/990 
f 991/991/991 767/767/767 768/768/768 
f 990/990/990 767/767/767 991/991/991 
f 991/991/991 768/768/768 992/992/992 
f 993/993/993 768/768/768 769/769/769 
f 993/993/993 992/992/992 768/768/768 
f 994/994/994 993/993/993 769/769/769 
f 994/994/994 769/769/769 770/770/770 
f 995/995/995 994/994/994 770/770/770 
f 995/995/995 770/770/770 771/771/771 
f 996/996/996 995/995/995 771/771/771 
f 996/996/996 771/771/771 772/772/772 
f 997/997/997 996/996/996 772/772/772 
f 997/997/997 772/772/772 773/773/773 
f 998/998/998 997/997/997 773/773/773 
f 998/998/998 773/773/773 774/774/774 
f 999/999/999 998/998/998 774/774/774 
f 999/999/999 774/774/774 775/775/775 
f 999/999/999 775/775/775 776/776/776 
f 1000/1000/1000 776/776/776 777/777/777 
f 999/999/999 776/776/776 1000/1000/1000 
f 1001/1001/1001 777/777/777 778/778/778 
f 1000/1000/1000 777/777/777 1001/1001/1001 
f 1002/1002/1002 778/778/778 779/779/779 
f 1001/1001/1001 778/778/778 1002/1002/1002 
f 1002/1002/1002 779/779/779 1003/1003/1003 
f 1003/1003/1003 779/779/779 780/780/780 
f 1004/1004/1004 780/780/780 781/781/781 
f 1003/1003/1003 780/780/780 1004/1004/1004 
f 1004/1004/1004 781/781/781 1005/1005/1005 
f 1005/1005/1005 781/781/781 782/782/782 
f 1005/1005/1005 782/782/782 1006/1006/1006 
f 1007/1007/1007 782/782/782 783/783/783 
f 1007/1007/1007 1006/1006/1006 782/782/782 
f 1008/1008/1008 783/783/783 784/784/784 
f 1008/1008/1008 1007/1007/1007 783/783/783 
f 784/784/784 956/956/956 1008/1008/1008 
f 1008/1008/1008 956/956/956 1009/1009/1009 
f 1009/1009/1009 957/957/957 958/958/958 
f 956/956/956 957/957/957 1009/1009/1009 
f 1009/1009/1009 958/958/958 1010/1010/1010 
f 1010/1010/1010 958/958/958 959/959/959 
f 1011/1011/1011 1009/1009/1009 1010/1010/1010 
f 1008/1008/1008 1009/1009/1009 1011/1011/1011 
f 1007/1007/1007 1008/1008/1008 1011/1011/1011 
f 1006/1006/1006 1007/1007/1007 1012/1012/1012 
f 1007/1007/1007 1011/1011/1011 1012/1012/1012 
f 1005/1005/1005 1006/1006/1006 1013/1013/1013 
f 1006/1006/1006 1012/1012/1012 1013/1013/1013 
f 1005/1005/1005 1013/1013/1013 1014/1014/1014 
f 1015/1015/1015 1005/1005/1005 1014/1014/1014 
f 1015/1015/1015 1004/1004/1004 1005/1005/1005 
f 1016/1016/1016 1000/1000/1000 1001/1001/1001 
f 1017/1017/1017 1001/1001/1001 1002/1002/1002 
f 1016/1016/1016 1001/1001/1001 1017/1017/1017 
f 998/998/998 999/999/999 1018/1018/1018 
f 1018/1018/1018 1000/1000/1000 1016/1016/1016 
f 1018/1018/1018 999/999/999 1000/1000/1000 
f 997/997/997 998/998/998 1019/1019/1019 
f 998/998/998 1018/1018/1018 1019/1019/1019 
f 997/997/997 1019/1019/1019 1020/1020/1020 
f 996/996/996 997/997/997 1020/1020/1020 
f 995/995/995 996/996/996 1021/1021/1021 
f 996/996/996 1020/1020/1020 1021/1021/1021 
f 994/994/994 995/995/995 1022/1022/1022 
f 995/995/995 1021/1021/1021 1022/1022/1022 
f 994/994/994 1022/1022/1022 1023/1023/1023 
f 993/993/993 994/994/994 1023/1023/1023 
f 992/992/992 993/993/993 1024/1024/1024 
f 993/993/993 1023/1023/1023 1024/1024/1024 
f 992/992/992 1024/1024/1024 1025/1025/1025 
f 992/992/992 1025/1025/1025 1026/1026/1026 
f 990/990/990 991/991/991 1026/1026/1026 
f 992/992/992 1026/1026/1026 991/991/991 
f 971/971/971 990/990/990 1027/1027/1027 
f 990/990/990 1026/1026/1026 1027/1027/1027 
f 972/972/972 971/971/971 1028/1028/1028 
f 971/971/971 1027/1027/1027 1028/1028/1028 
f 973/973/973 1029/1029/1029 989/989/989 
f 1029/1029/1029 972/972/972 1028/1028/1028 
f 1029/1029/1029 973/973/973 972/972/972 
f 1030/1030/1030 989/989/989 1029/1029/1029 
f 376/376/376 982/982/982 1030/1030/1030 
f 376/376/376 1030/1030/1030 396/396/396 
f 1030/1030/1030 982/982/982 989/989/989 
f 1031/1031/1031 1029/1029/1029 1028/1028/1028 
f 1030/1030/1030 1029/1029/1029 1031/1031/1031 
f 1031/1031/1031 1028/1028/1028 1027/1027/1027 
f 1032/1032/1032 458/458/458 396/396/396 
f 1030/1030/1030 1032/1032/1032 396/396/396 
f 459/459/459 458/458/458 1032/1032/1032 
f 1032/1032/1032 1030/1030/1030 1031/1031/1031 
f 1032/1032/1032 1031/1031/1031 1033/1033/1033 
f 1031/1031/1031 1027/1027/1027 1033/1033/1033 
f 459/459/459 1032/1032/1032 1034/1034/1034 
f 460/460/460 459/459/459 1034/1034/1034 
f 1034/1034/1034 1032/1032/1032 1033/1033/1033 
f 460/460/460 1034/1034/1034 1035/1035/1035 
f 461/461/461 460/460/460 1035/1035/1035 
f 462/462/462 461/461/461 1036/1036/1036 
f 461/461/461 1035/1035/1035 1036/1036/1036 
f 462/462/462 1036/1036/1036 1037/1037/1037 
f 463/463/463 462/462/462 1037/1037/1037 
f 464/464/464 463/463/463 1038/1038/1038 
f 463/463/463 1037/1037/1037 1038/1038/1038 
f 465/465/465 464/464/464 1039/1039/1039 
f 464/464/464 1038/1038/1038 1039/1039/1039 
f 465/465/465 1039/1039/1039 1040/1040/1040 
f 1041/1041/1041 466/466/466 465/465/465 
f 467/467/467 466/466/466 1041/1041/1041 
f 1041/1041/1041 465/465/465 1040/1040/1040 
f 1042/1042/1042 448/448/448 449/449/449 
f 447/447/447 448/448/448 1042/1042/1042 
f 1042/1042/1042 449/449/449 1043/1043/1043 
f 1043/1043/1043 449/449/449 450/450/450 
f 1044/1044/1044 450/450/450 451/451/451 
f 1043/1043/1043 450/450/450 1044/1044/1044 
f 1045/1045/1045 451/451/451 452/452/452 
f 1044/1044/1044 451/451/451 1045/1045/1045 
f 1045/1045/1045 452/452/452 1046/1046/1046 
f 1046/1046/1046 452/452/452 453/453/453 
f 1047/1047/1047 453/453/453 454/454/454 
f 1046/1046/1046 453/453/453 1047/1047/1047 
f 1047/1047/1047 454/454/454 1048/1048/1048 
f 454/454/454 455/455/455 1049/1049/1049 
f 454/454/454 1049/1049/1049 1048/1048/1048 
f 455/455/455 499/499/499 1049/1049/1049 
f 1050/1050/1050 1049/1049/1049 499/499/499 
f 1051/1051/1051 1049/1049/1049 1050/1050/1050 
f 1048/1048/1048 1049/1049/1049 1051/1051/1051 
f 1051/1051/1051 1050/1050/1050 1052/1052/1052 
f 1053/1053/1053 1050/1050/1050 499/499/499 
f 1053/1053/1053 499/499/499 498/498/498 
f 1054/1054/1054 1050/1050/1050 1053/1053/1053 
f 1054/1054/1054 1052/1052/1052 1050/1050/1050 
f 1055/1055/1055 1053/1053/1053 498/498/498 
f 1055/1055/1055 498/498/498 501/501/501 
f 1056/1056/1056 1054/1054/1054 1053/1053/1053 
f 1056/1056/1056 1053/1053/1053 1055/1055/1055 
f 1057/1057/1057 1055/1055/1055 501/501/501 
f 1057/1057/1057 501/501/501 509/509/509 
f 1058/1058/1058 1057/1057/1057 509/509/509 
f 1058/1058/1058 509/509/509 510/510/510 
f 1059/1059/1059 511/511/511 512/512/512 
f 1059/1059/1059 510/510/510 511/511/511 
f 1059/1059/1059 1058/1058/1058 510/510/510 
f 1059/1059/1059 512/512/512 1060/1060/1060 
f 1060/1060/1060 512/512/512 513/513/513 
f 1061/1061/1061 508/508/508 515/515/515 
f 1061/1061/1061 513/513/513 508/508/508 
f 1060/1060/1060 513/513/513 1061/1061/1061 
f 1062/1062/1062 478/478/478 490/490/490 
f 1063/1063/1063 490/490/490 489/489/489 
f 1062/1062/1062 490/490/490 1063/1063/1063 
f 1063/1063/1063 489/489/489 1064/1064/1064 
f 1064/1064/1064 489/489/489 488/488/488 
f 1064/1064/1064 488/488/488 1065/1065/1065 
f 1065/1065/1065 488/488/488 487/487/487 
f 1065/1065/1065 487/487/487 1066/1066/1066 
f 1066/1066/1066 487/487/487 485/485/485 
f 1067/1067/1067 485/485/485 486/486/486 
f 1066/1066/1066 485/485/485 1067/1067/1067 
f 1067/1067/1067 486/486/486 1068/1068/1068 
f 486/486/486 468/468/468 1069/1069/1069 
f 1069/1069/1069 468/468/468 467/467/467 
f 1068/1068/1068 486/486/486 1069/1069/1069 
f 467/467/467 1041/1041/1041 1070/1070/1070 
f 1069/1069/1069 467/467/467 1070/1070/1070 
f 1071/1071/1071 1042/1042/1042 1043/1043/1043 
f 1072/1072/1072 1043/1043/1043 1044/1044/1044 
f 1071/1071/1071 1043/1043/1043 1072/1072/1072 
f 1010/1010/1010 959/959/959 1073/1073/1073 
f 1074/1074/1074 1010/1010/1010 1073/1073/1073 
f 1011/1011/1011 1010/1010/1010 1074/1074/1074 
f 1012/1012/1012 1011/1011/1011 1074/1074/1074 
f 1072/1072/1072 1074/1074/1074 1071/1071/1071 
f 1012/1012/1012 1074/1074/1074 1075/1075/1075 
f 1072/1072/1072 1075/1075/1075 1074/1074/1074 
f 1013/1013/1013 1012/1012/1012 1075/1075/1075 
f 1042/1042/1042 1071/1071/1071 1076/1076/1076 
f 1076/1076/1076 1074/1074/1074 1073/1073/1073 
f 1076/1076/1076 1071/1071/1071 1074/1074/1074 
f 1077/1077/1077 1073/1073/1073 959/959/959 
f 1077/1077/1077 959/959/959 960/960/960 
f 1076/1076/1076 1073/1073/1073 1077/1077/1077 
f 1042/1042/1042 1076/1076/1076 1078/1078/1078 
f 1078/1078/1078 446/446/446 447/447/447 
f 447/447/447 1042/1042/1042 1078/1078/1078 
f 1079/1079/1079 457/457/457 446/446/446 
f 1078/1078/1078 1079/1079/1079 446/446/446 
f 1079/1079/1079 456/456/456 457/457/457 
f 1080/1080/1080 962/962/962 963/963/963 
f 1080/1080/1080 963/963/963 969/969/969 
f 1080/1080/1080 969/969/969 968/968/968 
f 960/960/960 1081/1081/1081 1077/1077/1077 
f 960/960/960 961/961/961 1081/1081/1081 
f 1081/1081/1081 962/962/962 1080/1080/1080 
f 1081/1081/1081 961/961/961 962/962/962 
f 1080/1080/1080 968/968/968 1082/1082/1082 
f 1082/1082/1082 968/968/968 456/456/456 
f 1082/1082/1082 456/456/456 1079/1079/1079 
f 1081/1081/1081 1080/1080/1080 1082/1082/1082 
f 1078/1078/1078 1076/1076/1076 1083/1083/1083 
f 1076/1076/1076 1077/1077/1077 1083/1083/1083 
f 1079/1079/1079 1078/1078/1078 1083/1083/1083 
f 1077/1077/1077 1084/1084/1084 1083/1083/1083 
f 1077/1077/1077 1081/1081/1081 1084/1084/1084 
f 1084/1084/1084 1082/1082/1082 1079/1079/1079 
f 1081/1081/1081 1082/1082/1082 1084/1084/1084 
f 1079/1079/1079 1083/1083/1083 1084/1084/1084 
f 955/955/955 762/762/762 1085/1085/1085 
f 762/762/762 977/977/977 1085/1085/1085 
f 986/986/986 983/983/983 1086/1086/1086 
f 976/976/976 986/986/986 1086/1086/1086 
f 976/976/976 1086/1086/1086 977/977/977 
f 952/952/952 949/949/949 1087/1087/1087 
f 977/977/977 1087/1087/1087 1085/1085/1085 
f 977/977/977 1086/1086/1086 1087/1087/1087 
f 1088/1088/1088 1085/1085/1085 1087/1087/1087 
f 954/954/954 955/955/955 1088/1088/1088 
f 949/949/949 1088/1088/1088 1087/1087/1087 
f 949/949/949 904/904/904 1088/1088/1088 
f 1088/1088/1088 955/955/955 1085/1085/1085 
f 904/904/904 954/954/954 1088/1088/1088 
f 983/983/983 953/953/953 1089/1089/1089 
f 1086/1086/1086 1089/1089/1089 1087/1087/1087 
f 950/950/950 1089/1089/1089 953/953/953 
f 1086/1086/1086 983/983/983 1089/1089/1089 
f 952/952/952 1087/1087/1087 1089/1089/1089 
f 950/950/950 952/952/952 1089/1089/1089 
f 1027/1027/1027 1026/1026/1026 1090/1090/1090 
f 1027/1027/1027 1090/1090/1090 1033/1033/1033 
f 1090/1090/1090 1026/1026/1026 1025/1025/1025 
f 1035/1035/1035 1034/1034/1034 1091/1091/1091 
f 1034/1034/1034 1033/1033/1033 1091/1091/1091 
f 1091/1091/1091 1033/1033/1033 1090/1090/1090 
f 1036/1036/1036 1035/1035/1035 1092/1092/1092 
f 1035/1035/1035 1091/1091/1091 1092/1092/1092 
f 1037/1037/1037 1036/1036/1036 1093/1093/1093 
f 1036/1036/1036 1092/1092/1092 1093/1093/1093 
f 1037/1037/1037 1093/1093/1093 1094/1094/1094 
f 1038/1038/1038 1037/1037/1037 1094/1094/1094 
f 1038/1038/1038 1094/1094/1094 1095/1095/1095 
f 1095/1095/1095 1039/1039/1039 1038/1038/1038 
f 1096/1096/1096 1095/1095/1095 1094/1094/1094 
f 1096/1096/1096 1097/1097/1097 1095/1095/1095 
f 1095/1095/1095 1098/1098/1098 1039/1039/1039 
f 1098/1098/1098 1095/1095/1095 1097/1097/1097 
f 1098/1098/1098 1097/1097/1097 1099/1099/1099 
f 1039/1039/1039 1100/1100/1100 1040/1040/1040 
f 1039/1039/1039 1098/1098/1098 1100/1100/1100 
f 1098/1098/1098 1101/1101/1101 1100/1100/1100 
f 1098/1098/1098 1099/1099/1099 1101/1101/1101 
f 1090/1090/1090 1025/1025/1025 1102/1102/1102 
f 1102/1102/1102 1025/1025/1025 1024/1024/1024 
f 1091/1091/1091 1090/1090/1090 1103/1103/1103 
f 1092/1092/1092 1091/1091/1091 1103/1103/1103 
f 1093/1093/1093 1092/1092/1092 1104/1104/1104 
f 1092/1092/1092 1103/1103/1103 1104/1104/1104 
f 1093/1093/1093 1104/1104/1104 1105/1105/1105 
f 1094/1094/1094 1105/1105/1105 1096/1096/1096 
f 1094/1094/1094 1093/1093/1093 1105/1105/1105 
f 1090/1090/1090 1106/1106/1106 1103/1103/1103 
f 1090/1090/1090 1102/1102/1102 1106/1106/1106 
f 1103/1103/1103 1106/1106/1106 1107/1107/1107 
f 1103/1103/1103 1107/1107/1107 1104/1104/1104 
f 1104/1104/1104 1107/1107/1107 1108/1108/1108 
f 1104/1104/1104 1108/1108/1108 1105/1105/1105 
f 1075/1075/1075 1072/1072/1072 1109/1109/1109 
f 1072/1072/1072 1044/1044/1044 1109/1109/1109 
f 1109/1109/1109 1044/1044/1044 1045/1045/1045 
f 1110/1110/1110 1045/1045/1045 1046/1046/1046 
f 1109/1109/1109 1045/1045/1045 1110/1110/1110 
f 1111/1111/1111 1046/1046/1046 1047/1047/1047 
f 1110/1110/1110 1046/1046/1046 1111/1111/1111 
f 1111/1111/1111 1047/1047/1047 1112/1112/1112 
f 1112/1112/1112 1047/1047/1047 1048/1048/1048 
f 1048/1048/1048 1051/1051/1051 1113/1113/1113 
f 1112/1112/1112 1048/1048/1048 1113/1113/1113 
f 1111/1111/1111 1112/1112/1112 1114/1114/1114 
f 1115/1115/1115 1112/1112/1112 1113/1113/1113 
f 1114/1114/1114 1112/1112/1112 1115/1115/1115 
f 1021/1021/1021 1020/1020/1020 1116/1116/1116 
f 1022/1022/1022 1021/1021/1021 1117/1117/1117 
f 1021/1021/1021 1116/1116/1116 1117/1117/1117 
f 1017/1017/1017 1118/1118/1118 1119/1119/1119 
f 1017/1017/1017 1119/1119/1119 1016/1016/1016 
f 1019/1019/1019 1018/1018/1018 1120/1120/1120 
f 1016/1016/1016 1120/1120/1120 1018/1018/1018 
f 1016/1016/1016 1119/1119/1119 1120/1120/1120 
f 1019/1019/1019 1120/1120/1120 1121/1121/1121 
f 1020/1020/1020 1019/1019/1019 1121/1121/1121 
f 1020/1020/1020 1121/1121/1121 1116/1116/1116 
f 1119/1119/1119 1118/1118/1118 1122/1122/1122 
f 1119/1119/1119 1122/1122/1122 1123/1123/1123 
f 1120/1120/1120 1123/1123/1123 1121/1121/1121 
f 1120/1120/1120 1119/1119/1119 1123/1123/1123 
f 1116/1116/1116 1121/1121/1121 1124/1124/1124 
f 1123/1123/1123 1124/1124/1124 1121/1121/1121 
f 1116/1116/1116 1124/1124/1124 1125/1125/1125 
f 1117/1117/1117 1116/1116/1116 1125/1125/1125 
f 1126/1126/1126 1107/1107/1107 1106/1106/1106 
f 1126/1126/1126 1106/1106/1106 1127/1127/1127 
f 1127/1127/1127 1106/1106/1106 1102/1102/1102 
f 1102/1102/1102 1024/1024/1024 1128/1128/1128 
f 1127/1127/1127 1102/1102/1102 1128/1128/1128 
f 1117/1117/1117 1125/1125/1125 1129/1129/1129 
f 1130/1130/1130 1125/1125/1125 1124/1124/1124 
f 1130/1130/1130 1129/1129/1129 1125/1125/1125 
f 1131/1131/1131 1123/1123/1123 1122/1122/1122 
f 1124/1124/1124 1131/1131/1131 1130/1130/1130 
f 1124/1124/1124 1123/1123/1123 1131/1131/1131 
f 1131/1131/1131 1122/1122/1122 1132/1132/1132 
f 1122/1122/1122 1133/1133/1133 1132/1132/1132 
f 1122/1122/1122 1118/1118/1118 1133/1133/1133 
f 1118/1118/1118 1017/1017/1017 1134/1134/1134 
f 1017/1017/1017 1002/1002/1002 1134/1134/1134 
f 1118/1118/1118 1134/1134/1134 1133/1133/1133 
f 1135/1135/1135 1002/1002/1002 1003/1003/1003 
f 1135/1135/1135 1134/1134/1134 1002/1002/1002 
f 1136/1136/1136 1004/1004/1004 1015/1015/1015 
f 1003/1003/1003 1136/1136/1136 1135/1135/1135 
f 1136/1136/1136 1003/1003/1003 1004/1004/1004 
f 1137/1137/1137 1136/1136/1136 1015/1015/1015 
f 1138/1138/1138 1134/1134/1134 1135/1135/1135 
f 1138/1138/1138 1133/1133/1133 1134/1134/1134 
f 1136/1136/1136 1138/1138/1138 1135/1135/1135 
f 1136/1136/1136 1137/1137/1137 1138/1138/1138 
f 1139/1139/1139 1133/1133/1133 1138/1138/1138 
f 1139/1139/1139 1132/1132/1132 1133/1133/1133 
f 1138/1138/1138 1137/1137/1137 1140/1140/1140 
f 1138/1138/1138 1140/1140/1140 1139/1139/1139 
f 1130/1130/1130 1131/1131/1131 1141/1141/1141 
f 1141/1141/1141 1131/1131/1131 1132/1132/1132 
f 1141/1141/1141 1132/1132/1132 1139/1139/1139 
f 1142/1142/1142 1140/1140/1140 1137/1137/1137 
f 1140/1140/1140 1142/1142/1142 1143/1143/1143 
f 1140/1140/1140 1143/1143/1143 1144/1144/1144 
f 1139/1139/1139 1144/1144/1144 1141/1141/1141 
f 1139/1139/1139 1140/1140/1140 1144/1144/1144 
f 1145/1145/1145 1141/1141/1141 1144/1144/1144 
f 1130/1130/1130 1141/1141/1141 1145/1145/1145 
f 1129/1129/1129 1130/1130/1130 1145/1145/1145 
f 1143/1143/1143 1146/1146/1146 1144/1144/1144 
f 1145/1145/1145 1144/1144/1144 1146/1146/1146 
f 1143/1143/1143 1147/1147/1147 1146/1146/1146 
f 1148/1148/1148 1145/1145/1145 1146/1146/1146 
f 1117/1117/1117 1129/1129/1129 1148/1148/1148 
f 1129/1129/1129 1145/1145/1145 1148/1148/1148 
f 1147/1147/1147 1149/1149/1149 1146/1146/1146 
f 1148/1148/1148 1146/1146/1146 1149/1149/1149 
f 1024/1024/1024 1150/1150/1150 1128/1128/1128 
f 1024/1024/1024 1023/1023/1023 1150/1150/1150 
f 1149/1149/1149 1151/1151/1151 1150/1150/1150 
f 1150/1150/1150 1151/1151/1151 1128/1128/1128 
f 1127/1127/1127 1128/1128/1128 1152/1152/1152 
f 1151/1151/1151 1152/1152/1152 1128/1128/1128 
f 1153/1153/1153 1148/1148/1148 1149/1149/1149 
f 1149/1149/1149 1150/1150/1150 1153/1153/1153 
f 1023/1023/1023 1153/1153/1153 1150/1150/1150 
f 1022/1022/1022 1117/1117/1117 1153/1153/1153 
f 1023/1023/1023 1022/1022/1022 1153/1153/1153 
f 1117/1117/1117 1148/1148/1148 1153/1153/1153 
f 1147/1147/1147 1154/1154/1154 1149/1149/1149 
f 1154/1154/1154 1151/1151/1151 1149/1149/1149 
f 1154/1154/1154 1152/1152/1152 1151/1151/1151 
f 1054/1054/1054 1056/1056/1056 1155/1155/1155 
f 1156/1156/1156 1155/1155/1155 1157/1157/1157 
f 1157/1157/1157 1155/1155/1155 1056/1056/1056 
f 1156/1156/1156 1157/1157/1157 1158/1158/1158 
f 1159/1159/1159 1069/1069/1069 1070/1070/1070 
f 1159/1159/1159 1070/1070/1070 1160/1160/1160 
f 1157/1157/1157 1056/1056/1056 1161/1161/1161 
f 1161/1161/1161 1057/1057/1057 1058/1058/1058 
f 1055/1055/1055 1057/1057/1057 1161/1161/1161 
f 1158/1158/1158 1157/1157/1157 1161/1161/1161 
f 1055/1055/1055 1161/1161/1161 1056/1056/1056 
f 1161/1161/1161 1058/1058/1058 1162/1162/1162 
f 1158/1158/1158 1161/1161/1161 1162/1162/1162 
f 1058/1058/1058 1163/1163/1163 1162/1162/1162 
f 1058/1058/1058 1059/1059/1059 1163/1163/1163 
f 1163/1163/1163 1059/1059/1059 1060/1060/1060 
f 1164/1164/1164 1066/1066/1066 1067/1067/1067 
f 1164/1164/1164 1067/1067/1067 1165/1165/1165 
f 1165/1165/1165 1067/1067/1067 1068/1068/1068 
f 1165/1165/1165 1068/1068/1068 1166/1166/1166 
f 1166/1166/1166 1068/1068/1068 1069/1069/1069 
f 1166/1166/1166 1069/1069/1069 1159/1159/1159 
f 1166/1166/1166 1159/1159/1159 1167/1167/1167 
f 1168/1168/1168 1165/1165/1165 1166/1166/1166 
f 1166/1166/1166 1167/1167/1167 1168/1168/1168 
f 1168/1168/1168 1169/1169/1169 1165/1165/1165 
f 1170/1170/1170 1064/1064/1064 1065/1065/1065 
f 1171/1171/1171 1065/1065/1065 1066/1066/1066 
f 1171/1171/1171 1066/1066/1066 1164/1164/1164 
f 1170/1170/1170 1065/1065/1065 1171/1171/1171 
f 515/515/515 514/514/514 1172/1172/1172 
f 1172/1172/1172 514/514/514 891/891/891 
f 515/515/515 1172/1172/1172 1173/1173/1173 
f 1174/1174/1174 515/515/515 1173/1173/1173 
f 1174/1174/1174 1061/1061/1061 515/515/515 
f 1175/1175/1175 1176/1176/1176 1177/1177/1177 
f 1175/1175/1175 1177/1177/1177 1178/1178/1178 
f 1165/1165/1165 1169/1169/1169 1179/1179/1179 
f 1165/1165/1165 1179/1179/1179 1164/1164/1164 
f 1180/1180/1180 1171/1171/1171 1164/1164/1164 
f 1180/1180/1180 1164/1164/1164 1179/1179/1179 
f 1181/1181/1181 1171/1171/1171 1180/1180/1180 
f 1181/1181/1181 1170/1170/1170 1171/1171/1171 
f 1182/1182/1182 1180/1180/1180 1179/1179/1179 
f 1182/1182/1182 1181/1181/1181 1180/1180/1180 
f 1182/1182/1182 1179/1179/1179 1183/1183/1183 
f 1184/1184/1184 1182/1182/1182 1183/1183/1183 
f 1183/1183/1183 1179/1179/1179 1169/1169/1169 
f 1184/1184/1184 1183/1183/1183 1185/1185/1185 
f 1182/1182/1182 1186/1186/1186 1181/1181/1181 
f 1187/1187/1187 1181/1181/1181 1186/1186/1186 
f 1187/1187/1187 1186/1186/1186 1188/1188/1188 
f 1181/1181/1181 1187/1187/1187 1189/1189/1189 
f 1181/1181/1181 1189/1189/1189 1170/1170/1170 
f 1189/1189/1189 1064/1064/1064 1170/1170/1170 
f 1189/1189/1189 1063/1063/1063 1064/1064/1064 
f 1188/1188/1188 1190/1190/1190 1187/1187/1187 
f 1189/1189/1189 1187/1187/1187 1190/1190/1190 
f 1188/1188/1188 1191/1191/1191 1190/1190/1190 
f 1188/1188/1188 1186/1186/1186 1192/1192/1192 
f 1182/1182/1182 1192/1192/1192 1186/1186/1186 
f 1182/1182/1182 1184/1184/1184 1192/1192/1192 
f 1188/1188/1188 1192/1192/1192 1193/1193/1193 
f 1191/1191/1191 1188/1188/1188 1193/1193/1193 
f 1173/1173/1173 1172/1172/1172 1194/1194/1194 
f 1172/1172/1172 891/891/891 1194/1194/1194 
f 891/891/891 943/943/943 1195/1195/1195 
f 1194/1194/1194 891/891/891 1195/1195/1195 
f 1195/1195/1195 943/943/943 944/944/944 
f 1194/1194/1194 1195/1195/1195 1196/1196/1196 
f 1174/1174/1174 1173/1173/1173 1197/1197/1197 
f 1196/1196/1196 1197/1197/1197 1194/1194/1194 
f 1197/1197/1197 1173/1173/1173 1194/1194/1194 
f 1195/1195/1195 944/944/944 1198/1198/1198 
f 1195/1195/1195 1198/1198/1198 1196/1196/1196 
f 1198/1198/1198 944/944/944 477/477/477 
f 1196/1196/1196 1199/1199/1199 1197/1197/1197 
f 1199/1199/1199 1190/1190/1190 1191/1191/1191 
f 1199/1199/1199 1191/1191/1191 1200/1200/1200 
f 1201/1201/1201 1196/1196/1196 1198/1198/1198 
f 1201/1201/1201 478/478/478 1062/1062/1062 
f 1198/1198/1198 477/477/477 1201/1201/1201 
f 1201/1201/1201 477/477/477 478/478/478 
f 1202/1202/1202 1063/1063/1063 1189/1189/1189 
f 1199/1199/1199 1196/1196/1196 1202/1202/1202 
f 1199/1199/1199 1202/1202/1202 1190/1190/1190 
f 1202/1202/1202 1062/1062/1062 1063/1063/1063 
f 1189/1189/1189 1190/1190/1190 1202/1202/1202 
f 1062/1062/1062 1202/1202/1202 1201/1201/1201 
f 1201/1201/1201 1202/1202/1202 1196/1196/1196 
f 1203/1203/1203 1158/1158/1158 1162/1162/1162 
f 1176/1176/1176 1203/1203/1203 1204/1204/1204 
f 1203/1203/1203 1162/1162/1162 1204/1204/1204 
f 1163/1163/1163 1204/1204/1204 1162/1162/1162 
f 1176/1176/1176 1204/1204/1204 1177/1177/1177 
f 1174/1174/1174 1197/1197/1197 1205/1205/1205 
f 1205/1205/1205 1199/1199/1199 1200/1200/1200 
f 1197/1197/1197 1199/1199/1199 1205/1205/1205 
f 1206/1206/1206 1178/1178/1178 1177/1177/1177 
f 1206/1206/1206 1207/1207/1207 1178/1178/1178 
f 1191/1191/1191 1193/1193/1193 1208/1208/1208 
f 1200/1200/1200 1191/1191/1191 1208/1208/1208 
f 1200/1200/1200 1208/1208/1208 1209/1209/1209 
f 1207/1207/1207 1206/1206/1206 1210/1210/1210 
f 1210/1210/1210 1200/1200/1200 1209/1209/1209 
f 1205/1205/1205 1200/1200/1200 1210/1210/1210 
f 1163/1163/1163 1060/1060/1060 1211/1211/1211 
f 1211/1211/1211 1061/1061/1061 1174/1174/1174 
f 1211/1211/1211 1060/1060/1060 1061/1061/1061 
f 1212/1212/1212 1205/1205/1205 1210/1210/1210 
f 1174/1174/1174 1205/1205/1205 1212/1212/1212 
f 1174/1174/1174 1212/1212/1212 1211/1211/1211 
f 1206/1206/1206 1212/1212/1212 1210/1210/1210 
f 1213/1213/1213 1177/1177/1177 1204/1204/1204 
f 1213/1213/1213 1211/1211/1211 1212/1212/1212 
f 1206/1206/1206 1213/1213/1213 1212/1212/1212 
f 1213/1213/1213 1206/1206/1206 1177/1177/1177 
f 1163/1163/1163 1213/1213/1213 1204/1204/1204 
f 1213/1213/1213 1163/1163/1163 1211/1211/1211 
f 1147/1147/1147 1214/1214/1214 1154/1154/1154 
f 1152/1152/1152 1154/1154/1154 1215/1215/1215 
f 1214/1214/1214 1215/1215/1215 1154/1154/1154 
f 1147/1147/1147 1216/1216/1216 1214/1214/1214 
f 1217/1217/1217 1218/1218/1218 1219/1219/1219 
f 1217/1217/1217 1219/1219/1219 1220/1220/1220 
f 1219/1219/1219 1218/1218/1218 1221/1221/1221 
f 1219/1219/1219 1221/1221/1221 1222/1222/1222 
f 1223/1223/1223 1224/1224/1224 1225/1225/1225 
f 1223/1223/1223 1225/1225/1225 1226/1226/1226 
f 1227/1227/1227 1223/1223/1223 1226/1226/1226 
f 1227/1227/1227 1226/1226/1226 1228/1228/1228 
f 1229/1229/1229 1147/1147/1147 1143/1143/1143 
f 1229/1229/1229 1216/1216/1216 1147/1147/1147 
f 1230/1230/1230 1216/1216/1216 1229/1229/1229 
f 1230/1230/1230 1227/1227/1227 1228/1228/1228 
f 1231/1231/1231 1216/1216/1216 1230/1230/1230 
f 1231/1231/1231 1214/1214/1214 1216/1216/1216 
f 1230/1230/1230 1228/1228/1228 1231/1231/1231 
f 1143/1143/1143 1232/1232/1232 1229/1229/1229 
f 1143/1143/1143 1142/1142/1142 1232/1232/1232 
f 1230/1230/1230 1229/1229/1229 1233/1233/1233 
f 1227/1227/1227 1230/1230/1230 1233/1233/1233 
f 1223/1223/1223 1227/1227/1227 1234/1234/1234 
f 1227/1227/1227 1233/1233/1233 1234/1234/1234 
f 1225/1225/1225 1224/1224/1224 1235/1235/1235 
f 1236/1236/1236 1235/1235/1235 1224/1224/1224 
f 1222/1222/1222 1221/1221/1221 1235/1235/1235 
f 1222/1222/1222 1235/1235/1235 1236/1236/1236 
f 1236/1236/1236 1224/1224/1224 1237/1237/1237 
f 1237/1237/1237 1224/1224/1224 1223/1223/1223 
f 1223/1223/1223 1234/1234/1234 1238/1238/1238 
f 1237/1237/1237 1223/1223/1223 1238/1238/1238 
f 1239/1239/1239 1237/1237/1237 1238/1238/1238 
f 1239/1239/1239 1238/1238/1238 1234/1234/1234 
f 1240/1240/1240 1234/1234/1234 1233/1233/1233 
f 1239/1239/1239 1234/1234/1234 1240/1240/1240 
f 1237/1237/1237 1239/1239/1239 1241/1241/1241 
f 1237/1237/1237 1241/1241/1241 1236/1236/1236 
f 1241/1241/1241 1239/1239/1239 1240/1240/1240 
f 1242/1242/1242 1236/1236/1236 1241/1241/1241 
f 1242/1242/1242 1222/1222/1222 1236/1236/1236 
f 1219/1219/1219 1222/1222/1222 1243/1243/1243 
f 1220/1220/1220 1219/1219/1219 1243/1243/1243 
f 1222/1222/1222 1242/1242/1242 1243/1243/1243 
f 1220/1220/1220 1243/1243/1243 1244/1244/1244 
f 1244/1244/1244 1243/1243/1243 1245/1245/1245 
f 1244/1244/1244 1245/1245/1245 1246/1246/1246 
f 1229/1229/1229 1247/1247/1247 1233/1233/1233 
f 1229/1229/1229 1232/1232/1232 1247/1247/1247 
f 1240/1240/1240 1233/1233/1233 1247/1247/1247 
f 1241/1241/1241 1240/1240/1240 1248/1248/1248 
f 1242/1242/1242 1241/1241/1241 1248/1248/1248 
f 1248/1248/1248 1240/1240/1240 1247/1247/1247 
f 1248/1248/1248 1247/1247/1247 1249/1249/1249 
f 1249/1249/1249 1247/1247/1247 1232/1232/1232 
f 1243/1243/1243 1242/1242/1242 1250/1250/1250 
f 1243/1243/1243 1250/1250/1250 1245/1245/1245 
f 1242/1242/1242 1248/1248/1248 1250/1250/1250 
f 1250/1250/1250 1248/1248/1248 1249/1249/1249 
f 1251/1251/1251 1246/1246/1246 1245/1245/1245 
f 1251/1251/1251 1252/1252/1252 1246/1246/1246 
f 1245/1245/1245 1250/1250/1250 1253/1253/1253 
f 1250/1250/1250 1249/1249/1249 1253/1253/1253 
f 1245/1245/1245 1253/1253/1253 1251/1251/1251 
f 1253/1253/1253 1249/1249/1249 1254/1254/1254 
f 1254/1254/1254 1232/1232/1232 1142/1142/1142 
f 1249/1249/1249 1232/1232/1232 1254/1254/1254 
f 1253/1253/1253 1254/1254/1254 1255/1255/1255 
f 1255/1255/1255 1251/1251/1251 1253/1253/1253 
f 1255/1255/1255 1256/1256/1256 1251/1251/1251 
f 1142/1142/1142 1137/1137/1137 1257/1257/1257 
f 1254/1254/1254 1142/1142/1142 1257/1257/1257 
f 1256/1256/1256 1255/1255/1255 1258/1258/1258 
f 1254/1254/1254 1259/1259/1259 1255/1255/1255 
f 1254/1254/1254 1257/1257/1257 1259/1259/1259 
f 1255/1255/1255 1259/1259/1259 1258/1258/1258 
f 1137/1137/1137 1015/1015/1015 1260/1260/1260 
f 1257/1257/1257 1137/1137/1137 1260/1260/1260 
f 1260/1260/1260 1259/1259/1259 1257/1257/1257 
f 1260/1260/1260 1261/1261/1261 1259/1259/1259 
f 1262/1262/1262 1259/1259/1259 1261/1261/1261 
f 1262/1262/1262 1258/1258/1258 1259/1259/1259 
f 1015/1015/1015 1263/1263/1263 1260/1260/1260 
f 1261/1261/1261 1260/1260/1260 1263/1263/1263 
f 1015/1015/1015 1014/1014/1014 1263/1263/1263 
f 1262/1262/1262 1261/1261/1261 1264/1264/1264 
f 1261/1261/1261 1263/1263/1263 1264/1264/1264 
f 1262/1262/1262 1264/1264/1264 1265/1265/1265 
f 1014/1014/1014 1266/1266/1266 1263/1263/1263 
f 1013/1013/1013 1075/1075/1075 1266/1266/1266 
f 1014/1014/1014 1013/1013/1013 1266/1266/1266 
f 1075/1075/1075 1109/1109/1109 1267/1267/1267 
f 1268/1268/1268 1263/1263/1263 1266/1266/1266 
f 1265/1265/1265 1264/1264/1264 1268/1268/1268 
f 1075/1075/1075 1267/1267/1267 1268/1268/1268 
f 1075/1075/1075 1268/1268/1268 1266/1266/1266 
f 1268/1268/1268 1264/1264/1264 1263/1263/1263 
f 1265/1265/1265 1268/1268/1268 1267/1267/1267 
f 1109/1109/1109 1269/1269/1269 1267/1267/1267 
f 1269/1269/1269 1110/1110/1110 1111/1111/1111 
f 1265/1265/1265 1267/1267/1267 1269/1269/1269 
f 1109/1109/1109 1110/1110/1110 1269/1269/1269 
f 1270/1270/1270 1221/1221/1221 1218/1218/1218 
f 1225/1225/1225 1235/1235/1235 1271/1271/1271 
f 1221/1221/1221 1270/1270/1270 1271/1271/1271 
f 1221/1221/1221 1271/1271/1271 1235/1235/1235 
f 1271/1271/1271 1270/1270/1270 1272/1272/1272 
f 1273/1273/1273 1271/1271/1271 1272/1272/1272 
f 1273/1273/1273 1274/1274/1274 1271/1271/1271 
f 1225/1225/1225 1271/1271/1271 1274/1274/1274 
f 1218/1218/1218 1217/1217/1217 1275/1275/1275 
f 1218/1218/1218 1275/1275/1275 1276/1276/1276 
f 1270/1270/1270 1218/1218/1218 1276/1276/1276 
f 1277/1277/1277 1276/1276/1276 1275/1275/1275 
f 1277/1277/1277 1278/1278/1278 1276/1276/1276 
f 1279/1279/1279 1270/1270/1270 1276/1276/1276 
f 1279/1279/1279 1272/1272/1272 1270/1270/1270 
f 1278/1278/1278 1279/1279/1279 1276/1276/1276 
f 1280/1280/1280 1272/1272/1272 1279/1279/1279 
f 1280/1280/1280 1273/1273/1273 1272/1272/1272 
f 1281/1281/1281 1273/1273/1273 1280/1280/1280 
f 1274/1274/1274 1273/1273/1273 1282/1282/1282 
f 1281/1281/1281 1282/1282/1282 1273/1273/1273 
f 1278/1278/1278 1283/1283/1283 1279/1279/1279 
f 1280/1280/1280 1279/1279/1279 1283/1283/1283 
f 1278/1278/1278 1277/1277/1277 1284/1284/1284 
f 1283/1283/1283 1278/1278/1278 1285/1285/1285 
f 1278/1278/1278 1284/1284/1284 1285/1285/1285 
f 1283/1283/1283 1285/1285/1285 1286/1286/1286 
f 1287/1287/1287 1280/1280/1280 1283/1283/1283 
f 1287/1287/1287 1283/1283/1283 1286/1286/1286 
f 1288/1288/1288 1286/1286/1286 1285/1285/1285 
f 1288/1288/1288 1285/1285/1285 1289/1289/1289 
f 1289/1289/1289 1285/1285/1285 1284/1284/1284 
f 1290/1290/1290 1277/1277/1277 1275/1275/1275 
f 1291/1291/1291 1275/1275/1275 1217/1217/1217 
f 1290/1290/1290 1275/1275/1275 1291/1291/1291 
f 1292/1292/1292 1217/1217/1217 1220/1220/1220 
f 1291/1291/1291 1217/1217/1217 1292/1292/1292 
f 1293/1293/1293 1220/1220/1220 1244/1244/1244 
f 1292/1292/1292 1220/1220/1220 1293/1293/1293 
f 1293/1293/1293 1244/1244/1244 1294/1294/1294 
f 1294/1294/1294 1244/1244/1244 1246/1246/1246 
f 1295/1295/1295 1246/1246/1246 1252/1252/1252 
f 1294/1294/1294 1246/1246/1246 1295/1295/1295 
f 1295/1295/1295 1252/1252/1252 1296/1296/1296 
f 1297/1297/1297 1298/1298/1298 1299/1299/1299 
f 1297/1297/1297 1299/1299/1299 1300/1300/1300 
f 1296/1296/1296 1301/1301/1301 1302/1302/1302 
f 1296/1296/1296 1302/1302/1302 1303/1303/1303 
f 1295/1295/1295 1296/1296/1296 1303/1303/1303 
f 1303/1303/1303 1302/1302/1302 1304/1304/1304 
f 1305/1305/1305 1304/1304/1304 1302/1302/1302 
f 1305/1305/1305 1302/1302/1302 1306/1306/1306 
f 1301/1301/1301 1306/1306/1306 1302/1302/1302 
f 1298/1298/1298 1305/1305/1305 1306/1306/1306 
f 1298/1298/1298 1306/1306/1306 1299/1299/1299 
f 1307/1307/1307 1308/1308/1308 1309/1309/1309 
f 1307/1307/1307 1309/1309/1309 1310/1310/1310 
f 1310/1310/1310 1311/1311/1311 1307/1307/1307 
f 1310/1310/1310 1312/1312/1312 1311/1311/1311 
f 1301/1301/1301 1313/1313/1313 1306/1306/1306 
f 1313/1313/1313 1299/1299/1299 1306/1306/1306 
f 1313/1313/1313 1314/1314/1314 1299/1299/1299 
f 1314/1314/1314 1300/1300/1300 1299/1299/1299 
f 1314/1314/1314 1315/1315/1315 1300/1300/1300 
f 1314/1314/1314 1316/1316/1316 1315/1315/1315 
f 1317/1317/1317 1315/1315/1315 1316/1316/1316 
f 1317/1317/1317 1316/1316/1316 1318/1318/1318 
f 1296/1296/1296 1319/1319/1319 1301/1301/1301 
f 1296/1296/1296 1252/1252/1252 1319/1319/1319 
f 1320/1320/1320 1251/1251/1251 1256/1256/1256 
f 1252/1252/1252 1320/1320/1320 1319/1319/1319 
f 1252/1252/1252 1251/1251/1251 1320/1320/1320 
f 1321/1321/1321 1313/1313/1313 1301/1301/1301 
f 1321/1321/1321 1314/1314/1314 1313/1313/1313 
f 1321/1321/1321 1301/1301/1301 1319/1319/1319 
f 1320/1320/1320 1321/1321/1321 1319/1319/1319 
f 1320/1320/1320 1322/1322/1322 1321/1321/1321 
f 1321/1321/1321 1322/1322/1322 1314/1314/1314 
f 1323/1323/1323 1322/1322/1322 1320/1320/1320 
f 1320/1320/1320 1256/1256/1256 1323/1323/1323 
f 1256/1256/1256 1258/1258/1258 1324/1324/1324 
f 1256/1256/1256 1324/1324/1324 1323/1323/1323 
f 1325/1325/1325 1323/1323/1323 1324/1324/1324 
f 1323/1323/1323 1325/1325/1325 1326/1326/1326 
f 1323/1323/1323 1326/1326/1326 1322/1322/1322 
f 1258/1258/1258 1262/1262/1262 1327/1327/1327 
f 1258/1258/1258 1327/1327/1327 1324/1324/1324 
f 1328/1328/1328 1329/1329/1329 1330/1330/1330 
f 1325/1325/1325 1324/1324/1324 1330/1330/1330 
f 1324/1324/1324 1331/1331/1331 1330/1330/1330 
f 1328/1328/1328 1330/1330/1330 1331/1331/1331 
f 1324/1324/1324 1327/1327/1327 1331/1331/1331 
f 1265/1265/1265 1269/1269/1269 1332/1332/1332 
f 1332/1332/1332 1327/1327/1327 1262/1262/1262 
f 1265/1265/1265 1332/1332/1332 1262/1262/1262 
f 1332/1332/1332 1331/1331/1331 1327/1327/1327 
f 1111/1111/1111 1114/1114/1114 1333/1333/1333 
f 1269/1269/1269 1111/1111/1111 1333/1333/1333 
f 1334/1334/1334 1332/1332/1332 1269/1269/1269 
f 1332/1332/1332 1334/1334/1334 1331/1331/1331 
f 1334/1334/1334 1269/1269/1269 1333/1333/1333 
f 1328/1328/1328 1331/1331/1331 1335/1335/1335 
f 1335/1335/1335 1331/1331/1331 1334/1334/1334 
f 1335/1335/1335 1334/1334/1334 1336/1336/1336 
f 1337/1337/1337 1330/1330/1330 1329/1329/1329 
f 1337/1337/1337 1326/1326/1326 1325/1325/1325 
f 1337/1337/1337 1325/1325/1325 1330/1330/1330 
f 1337/1337/1337 1338/1338/1338 1326/1326/1326 
f 1339/1339/1339 1322/1322/1322 1326/1326/1326 
f 1339/1339/1339 1326/1326/1326 1338/1338/1338 
f 1318/1318/1318 1316/1316/1316 1339/1339/1339 
f 1314/1314/1314 1322/1322/1322 1339/1339/1339 
f 1316/1316/1316 1314/1314/1314 1339/1339/1339 
f 1338/1338/1338 1340/1340/1340 1339/1339/1339 
f 1318/1318/1318 1339/1339/1339 1340/1340/1340 
f 1214/1214/1214 1231/1231/1231 1341/1341/1341 
f 1214/1214/1214 1341/1341/1341 1215/1215/1215 
f 1127/1127/1127 1152/1152/1152 1342/1342/1342 
f 1152/1152/1152 1215/1215/1215 1342/1342/1342 
f 1127/1127/1127 1342/1342/1342 1343/1343/1343 
f 1126/1126/1126 1127/1127/1127 1343/1343/1343 
f 1126/1126/1126 1343/1343/1343 1344/1344/1344 
f 1345/1345/1345 1346/1346/1346 1347/1347/1347 
f 1108/1108/1108 1107/1107/1107 1348/1348/1348 
f 1344/1344/1344 1348/1348/1348 1126/1126/1126 
f 1107/1107/1107 1126/1126/1126 1348/1348/1348 
f 1346/1346/1346 1348/1348/1348 1347/1347/1347 
f 1108/1108/1108 1348/1348/1348 1346/1346/1346 
f 1344/1344/1344 1347/1347/1347 1348/1348/1348 
f 1349/1349/1349 1347/1347/1347 1344/1344/1344 
f 1349/1349/1349 1350/1350/1350 1351/1351/1351 
f 1347/1347/1347 1349/1349/1349 1351/1351/1351 
f 1347/1347/1347 1351/1351/1351 1345/1345/1345 
f 1352/1352/1352 1353/1353/1353 1354/1354/1354 
f 1352/1352/1352 1354/1354/1354 1350/1350/1350 
f 1350/1350/1350 1355/1355/1355 1352/1352/1352 
f 1349/1349/1349 1344/1344/1344 1355/1355/1355 
f 1350/1350/1350 1349/1349/1349 1355/1355/1355 
f 1355/1355/1355 1344/1344/1344 1343/1343/1343 
f 1355/1355/1355 1343/1343/1343 1356/1356/1356 
f 1352/1352/1352 1355/1355/1355 1356/1356/1356 
f 1342/1342/1342 1356/1356/1356 1343/1343/1343 
f 1357/1357/1357 1341/1341/1341 1231/1231/1231 
f 1357/1357/1357 1231/1231/1231 1228/1228/1228 
f 1342/1342/1342 1358/1358/1358 1356/1356/1356 
f 1215/1215/1215 1341/1341/1341 1358/1358/1358 
f 1215/1215/1215 1358/1358/1358 1342/1342/1342 
f 1359/1359/1359 1353/1353/1353 1352/1352/1352 
f 1360/1360/1360 1356/1356/1356 1358/1358/1358 
f 1352/1352/1352 1356/1356/1356 1360/1360/1360 
f 1359/1359/1359 1352/1352/1352 1360/1360/1360 
f 1341/1341/1341 1361/1361/1361 1358/1358/1358 
f 1360/1360/1360 1358/1358/1358 1361/1361/1361 
f 1341/1341/1341 1357/1357/1357 1361/1361/1361 
f 1362/1362/1362 1360/1360/1360 1361/1361/1361 
f 1363/1363/1363 1361/1361/1361 1357/1357/1357 
f 1363/1363/1363 1357/1357/1357 1364/1364/1364 
f 1364/1364/1364 1357/1357/1357 1228/1228/1228 
f 1364/1364/1364 1228/1228/1228 1226/1226/1226 
f 1365/1365/1365 1363/1363/1363 1364/1364/1364 
f 1366/1366/1366 1364/1364/1364 1226/1226/1226 
f 1225/1225/1225 1274/1274/1274 1366/1366/1366 
f 1366/1366/1366 1226/1226/1226 1225/1225/1225 
f 1365/1365/1365 1364/1364/1364 1366/1366/1366 
f 1367/1367/1367 1368/1368/1368 1369/1369/1369 
f 1363/1363/1363 1365/1365/1365 1370/1370/1370 
f 1367/1367/1367 1369/1369/1369 1370/1370/1370 
f 1367/1367/1367 1370/1370/1370 1365/1365/1365 
f 1274/1274/1274 1282/1282/1282 1371/1371/1371 
f 1282/1282/1282 1281/1281/1281 1372/1372/1372 
f 1282/1282/1282 1372/1372/1372 1371/1371/1371 
f 1373/1373/1373 1366/1366/1366 1274/1274/1274 
f 1373/1373/1373 1274/1274/1274 1371/1371/1371 
f 1365/1365/1365 1366/1366/1366 1373/1373/1373 
f 1367/1367/1367 1365/1365/1365 1373/1373/1373 
f 1371/1371/1371 1372/1372/1372 1374/1374/1374 
f 1368/1368/1368 1367/1367/1367 1375/1375/1375 
f 1371/1371/1371 1374/1374/1374 1375/1375/1375 
f 1373/1373/1373 1371/1371/1371 1375/1375/1375 
f 1373/1373/1373 1375/1375/1375 1367/1367/1367 
f 1368/1368/1368 1375/1375/1375 1374/1374/1374 
f 1303/1303/1303 1304/1304/1304 1376/1376/1376 
f 1377/1377/1377 1303/1303/1303 1376/1376/1376 
f 1295/1295/1295 1303/1303/1303 1377/1377/1377 
f 1295/1295/1295 1377/1377/1377 1378/1378/1378 
f 1293/1293/1293 1294/1294/1294 1378/1378/1378 
f 1294/1294/1294 1295/1295/1295 1378/1378/1378 
f 1292/1292/1292 1293/1293/1293 1379/1379/1379 
f 1293/1293/1293 1378/1378/1378 1379/1379/1379 
f 1292/1292/1292 1379/1379/1379 1380/1380/1380 
f 1381/1381/1381 1291/1291/1291 1292/1292/1292 
f 1381/1381/1381 1292/1292/1292 1380/1380/1380 
f 1382/1382/1382 1290/1290/1290 1291/1291/1291 
f 1382/1382/1382 1291/1291/1291 1381/1381/1381 
f 1383/1383/1383 1382/1382/1382 1381/1381/1381 
f 1383/1383/1383 1381/1381/1381 1384/1384/1384 
f 1385/1385/1385 1383/1383/1383 1384/1384/1384 
f 1385/1385/1385 1384/1384/1384 1386/1386/1386 
f 1377/1377/1377 1376/1376/1376 1387/1387/1387 
f 1378/1378/1378 1377/1377/1377 1387/1387/1387 
f 1376/1376/1376 1304/1304/1304 1388/1388/1388 
f 1388/1388/1388 1389/1389/1389 1376/1376/1376 
f 1389/1389/1389 1390/1390/1390 1376/1376/1376 
f 1387/1387/1387 1376/1376/1376 1390/1390/1390 
f 1389/1389/1389 1391/1391/1391 1390/1390/1390 
f 1392/1392/1392 1390/1390/1390 1391/1391/1391 
f 1392/1392/1392 1391/1391/1391 1393/1393/1393 
f 1394/1394/1394 1392/1392/1392 1393/1393/1393 
f 1394/1394/1394 1393/1393/1393 1395/1395/1395 
f 1395/1395/1395 1396/1396/1396 1397/1397/1397 
f 1395/1395/1395 1397/1397/1397 1394/1394/1394 
f 1386/1386/1386 1384/1384/1384 1398/1398/1398 
f 1381/1381/1381 1398/1398/1398 1384/1384/1384 
f 1381/1381/1381 1380/1380/1380 1398/1398/1398 
f 1380/1380/1380 1379/1379/1379 1399/1399/1399 
f 1380/1380/1380 1399/1399/1399 1398/1398/1398 
f 1379/1379/1379 1400/1400/1400 1399/1399/1399 
f 1378/1378/1378 1387/1387/1387 1400/1400/1400 
f 1379/1379/1379 1378/1378/1378 1400/1400/1400 
f 1400/1400/1400 1387/1387/1387 1401/1401/1401 
f 1401/1401/1401 1390/1390/1390 1392/1392/1392 
f 1387/1387/1387 1390/1390/1390 1401/1401/1401 
f 1402/1402/1402 1403/1403/1403 1404/1404/1404 
f 1402/1402/1402 1404/1404/1404 1405/1405/1405 
f 1406/1406/1406 1402/1402/1402 1405/1405/1405 
f 1406/1406/1406 1405/1405/1405 1407/1407/1407 
f 1408/1408/1408 1406/1406/1406 1407/1407/1407 
f 1408/1408/1408 1407/1407/1407 1409/1409/1409 
f 1410/1410/1410 1411/1411/1411 1412/1412/1412 
f 1410/1410/1410 1412/1412/1412 1413/1413/1413 
f 1410/1410/1410 1413/1413/1413 1414/1414/1414 
f 1413/1413/1413 1415/1415/1415 1414/1414/1414 
f 1415/1415/1415 1416/1416/1416 1414/1414/1414 
f 1415/1415/1415 1417/1417/1417 1416/1416/1416 
f 1409/1409/1409 1407/1407/1407 1418/1418/1418 
f 1418/1418/1418 1407/1407/1407 1405/1405/1405 
f 1409/1409/1409 1418/1418/1418 1419/1419/1419 
f 1420/1420/1420 1405/1405/1405 1404/1404/1404 
f 1418/1418/1418 1405/1405/1405 1420/1420/1420 
f 1421/1421/1421 1419/1419/1419 1418/1418/1418 
f 1418/1418/1418 1420/1420/1420 1421/1421/1421 
f 1421/1421/1421 1422/1422/1422 1419/1419/1419 
f 1422/1422/1422 1421/1421/1421 1423/1423/1423 
f 1422/1422/1422 1423/1423/1423 1424/1424/1424 
f 1420/1420/1420 1425/1425/1425 1421/1421/1421 
f 1426/1426/1426 1423/1423/1423 1421/1421/1421 
f 1426/1426/1426 1421/1421/1421 1425/1425/1425 
f 1420/1420/1420 1427/1427/1427 1425/1425/1425 
f 1426/1426/1426 1425/1425/1425 1427/1427/1427 
f 1426/1426/1426 1427/1427/1427 1428/1428/1428 
f 1420/1420/1420 1429/1429/1429 1427/1427/1427 
f 1429/1429/1429 1404/1404/1404 1403/1403/1403 
f 1420/1420/1420 1404/1404/1404 1429/1429/1429 
f 1430/1430/1430 1428/1428/1428 1427/1427/1427 
f 1430/1430/1430 1431/1431/1431 1428/1428/1428 
f 1430/1430/1430 1427/1427/1427 1432/1432/1432 
f 1427/1427/1427 1429/1429/1429 1432/1432/1432 
f 1402/1402/1402 1406/1406/1406 1433/1433/1433 
f 1408/1408/1408 1433/1433/1433 1406/1406/1406 
f 1408/1408/1408 1434/1434/1434 1433/1433/1433 
f 1403/1403/1403 1402/1402/1402 1435/1435/1435 
f 1402/1402/1402 1433/1433/1433 1435/1435/1435 
f 1432/1432/1432 1429/1429/1429 1436/1436/1436 
f 1403/1403/1403 1435/1435/1435 1436/1436/1436 
f 1429/1429/1429 1403/1403/1403 1436/1436/1436 
f 1432/1432/1432 1436/1436/1436 1437/1437/1437 
f 1434/1434/1434 1438/1438/1438 1433/1433/1433 
f 1438/1438/1438 1439/1439/1439 1433/1433/1433 
f 1435/1435/1435 1433/1433/1433 1439/1439/1439 
f 1435/1435/1435 1439/1439/1439 1440/1440/1440 
f 1437/1437/1437 1436/1436/1436 1441/1441/1441 
f 1435/1435/1435 1441/1441/1441 1436/1436/1436 
f 1435/1435/1435 1440/1440/1440 1441/1441/1441 
f 1437/1437/1437 1441/1441/1441 1442/1442/1442 
f 1443/1443/1443 1385/1385/1385 1386/1386/1386 
f 1443/1443/1443 1386/1386/1386 1444/1444/1444 
f 1444/1444/1444 1386/1386/1386 1398/1398/1398 
f 1444/1444/1444 1398/1398/1398 1445/1445/1445 
f 1445/1445/1445 1398/1398/1398 1399/1399/1399 
f 1445/1445/1445 1399/1399/1399 1446/1446/1446 
f 1447/1447/1447 1446/1446/1446 1399/1399/1399 
f 1400/1400/1400 1401/1401/1401 1447/1447/1447 
f 1447/1447/1447 1399/1399/1399 1400/1400/1400 
f 1446/1446/1446 1447/1447/1447 1448/1448/1448 
f 1445/1445/1445 1446/1446/1446 1449/1449/1449 
f 1446/1446/1446 1448/1448/1448 1449/1449/1449 
f 1450/1450/1450 1451/1451/1451 1452/1452/1452 
f 1450/1450/1450 1452/1452/1452 1453/1453/1453 
f 1454/1454/1454 1443/1443/1443 1444/1444/1444 
f 1454/1454/1454 1444/1444/1444 1455/1455/1455 
f 1455/1455/1455 1444/1444/1444 1445/1445/1445 
f 1456/1456/1456 1452/1452/1452 1451/1451/1451 
f 1456/1456/1456 1451/1451/1451 1457/1457/1457 
f 1457/1457/1457 1455/1455/1455 1456/1456/1456 
f 1457/1457/1457 1454/1454/1454 1455/1455/1455 
f 1453/1453/1453 1452/1452/1452 1458/1458/1458 
f 1458/1458/1458 1449/1449/1449 1459/1459/1459 
f 1453/1453/1453 1458/1458/1458 1459/1459/1459 
f 1459/1459/1459 1449/1449/1449 1448/1448/1448 
f 1455/1455/1455 1445/1445/1445 1460/1460/1460 
f 1460/1460/1460 1449/1449/1449 1458/1458/1458 
f 1445/1445/1445 1449/1449/1449 1460/1460/1460 
f 1452/1452/1452 1456/1456/1456 1461/1461/1461 
f 1452/1452/1452 1461/1461/1461 1458/1458/1458 
f 1460/1460/1460 1458/1458/1458 1461/1461/1461 
f 1455/1455/1455 1461/1461/1461 1456/1456/1456 
f 1455/1455/1455 1460/1460/1460 1461/1461/1461 
f 1462/1462/1462 1450/1450/1450 1453/1453/1453 
f 1462/1462/1462 1453/1453/1453 1459/1459/1459 
f 1462/1462/1462 1463/1463/1463 1450/1450/1450 
f 1459/1459/1459 1448/1448/1448 1464/1464/1464 
f 1462/1462/1462 1459/1459/1459 1464/1464/1464 
f 1447/1447/1447 1465/1465/1465 1448/1448/1448 
f 1465/1465/1465 1392/1392/1392 1394/1394/1394 
f 1401/1401/1401 1392/1392/1392 1465/1465/1465 
f 1447/1447/1447 1401/1401/1401 1465/1465/1465 
f 1397/1397/1397 1396/1396/1396 1466/1466/1466 
f 1397/1397/1397 1466/1466/1466 1467/1467/1467 
f 1466/1466/1466 1308/1468/1468 1468/1469/1469 
f 1466/1466/1466 1468/1469/1469 1467/1467/1467 
f 1469/1470/1470 1470/1471/1471 1471/1472/1472 
f 1469/1470/1470 1471/1472/1472 1472/1473/1473 
f 1472/1473/1473 1467/1467/1467 1468/1469/1469 
f 1472/1473/1473 1468/1469/1469 1469/1470/1470 
f 1468/1474/1474 1308/1308/1308 1307/1307/1307 
f 1468/1474/1474 1307/1307/1307 1473/1475/1475 
f 1474/1476/1476 1475/1477/1477 1470/1478/1478 
f 1469/1479/1479 1468/1474/1474 1473/1475/1475 
f 1469/1479/1479 1473/1475/1475 1474/1476/1476 
f 1474/1476/1476 1470/1478/1478 1469/1479/1479 
f 1476/1480/1480 1473/1475/1475 1307/1307/1307 
f 1476/1480/1480 1307/1307/1307 1311/1311/1311 
f 1477/1481/1481 1475/1477/1477 1474/1476/1476 
f 1478/1482/1482 1474/1476/1476 1473/1475/1475 
f 1478/1482/1482 1473/1475/1475 1476/1480/1480 
f 1477/1481/1481 1474/1476/1476 1478/1482/1482 
f 1479/1483/1483 1476/1480/1480 1311/1311/1311 
f 1480/1484/1484 1311/1311/1311 1312/1312/1312 
f 1479/1483/1483 1311/1311/1311 1480/1484/1484 
f 1481/1485/1485 1477/1481/1481 1478/1482/1482 
f 1482/1486/1486 1478/1482/1482 1476/1480/1480 
f 1482/1486/1486 1476/1480/1480 1479/1483/1483 
f 1481/1485/1485 1478/1482/1482 1482/1486/1486 
f 1483/1487/1487 1484/1488/1488 1485/1489/1489 
f 1483/1487/1487 1485/1489/1489 1486/1490/1490 
f 1486/1490/1490 1485/1489/1489 1487/1491/1491 
f 1487/1491/1491 1463/1463/1463 1462/1462/1462 
f 1463/1463/1463 1487/1491/1491 1485/1489/1489 
f 1487/1491/1491 1462/1462/1462 1488/1492/1492 
f 1488/1492/1492 1462/1462/1462 1464/1464/1464 
f 1489/1493/1493 1394/1394/1394 1397/1397/1397 
f 1465/1465/1465 1394/1394/1394 1489/1493/1493 
f 1488/1492/1492 1464/1464/1464 1490/1494/1494 
f 1490/1494/1494 1448/1448/1448 1465/1465/1465 
f 1490/1494/1494 1465/1465/1465 1489/1493/1493 
f 1490/1494/1494 1464/1464/1464 1448/1448/1448 
f 1486/1490/1490 1491/1495/1495 1483/1487/1487 
f 1486/1490/1490 1492/1496/1496 1491/1495/1495 
f 1492/1496/1496 1486/1490/1490 1493/1497/1497 
f 1493/1497/1497 1487/1491/1491 1488/1492/1492 
f 1486/1490/1490 1487/1491/1491 1493/1497/1497 
f 1492/1496/1496 1493/1497/1497 1494/1498/1498 
f 1494/1498/1498 1493/1497/1497 1495/1499/1499 
f 1493/1497/1497 1488/1492/1492 1495/1499/1499 
f 1496/1500/1500 1497/1501/1501 1498/1502/1502 
f 1496/1500/1500 1498/1502/1502 1499/1503/1503 
f 1500/1504/1504 1497/1501/1501 1496/1500/1500 
f 1500/1504/1504 1496/1500/1500 1501/1505/1505 
f 1439/1439/1439 1438/1438/1438 1502/1506/1506 
f 1439/1439/1439 1502/1506/1506 1503/1507/1507 
f 1440/1440/1440 1439/1439/1439 1503/1507/1507 
f 1440/1440/1440 1503/1507/1507 1504/1508/1508 
f 1441/1441/1441 1440/1440/1440 1504/1508/1508 
f 1441/1441/1441 1504/1508/1508 1505/1509/1509 
f 1506/1510/1510 1442/1442/1442 1441/1441/1441 
f 1505/1509/1509 1506/1510/1510 1441/1441/1441 
f 1507/1511/1511 1506/1510/1510 1505/1509/1509 
f 1505/1509/1509 1504/1508/1508 1507/1511/1511 
f 1507/1511/1511 1508/1512/1512 1506/1510/1510 
f 1509/1513/1513 1508/1514/1514 1510/1515/1515 
f 1509/1513/1513 1510/1515/1515 1511/1516/1516 
f 1508/1514/1514 1507/1517/1517 1512/1518/1518 
f 1508/1514/1514 1512/1518/1518 1510/1515/1515 
f 1510/1515/1515 1512/1518/1518 1513/1519/1519 
f 1510/1515/1515 1513/1519/1519 1511/1516/1516 
f 1511/1516/1516 1513/1519/1519 1514/1520/1520 
f 1511/1516/1516 1514/1520/1520 1515/1521/1521 
f 1516/1522/1522 1515/1521/1521 1514/1520/1520 
f 1516/1522/1522 1514/1520/1520 1517/1523/1523 
f 1517/1523/1523 1518/1524/1524 1516/1522/1522 
f 1517/1523/1523 1519/1525/1525 1518/1524/1524 
f 1520/1526/1526 1518/1524/1524 1519/1525/1525 
f 1520/1526/1526 1519/1525/1525 1521/1527/1527 
f 1522/1528/1528 1520/1526/1526 1521/1527/1527 
f 1522/1528/1528 1523/1529/1529 1520/1526/1526 
f 1523/1529/1529 1522/1528/1528 1524/1530/1530 
f 1523/1529/1529 1524/1530/1530 1525/1531/1531 
f 1500/1504/1504 1501/1505/1505 1526/1532/1532 
f 1500/1504/1504 1526/1532/1532 1527/1533/1533 
f 1526/1532/1532 1501/1505/1505 1528/1534/1534 
f 1526/1532/1532 1528/1534/1534 1529/1535/1535 
f 1530/1536/1536 1502/1506/1506 1438/1438/1438 
f 1531/1537/1537 1438/1438/1438 1434/1434/1434 
f 1530/1536/1536 1438/1438/1438 1531/1537/1537 
f 1532/1538/1538 1527/1533/1533 1526/1532/1532 
f 1532/1538/1538 1533/1539/1539 1527/1533/1533 
f 1411/1411/1411 1533/1539/1539 1532/1538/1538 
f 1533/1539/1539 1500/1504/1504 1527/1533/1533 
f 1532/1538/1538 1526/1532/1532 1534/1540/1540 
f 1526/1532/1532 1529/1541/1541 1534/1540/1540 
f 1529/1541/1541 1530/1536/1536 1531/1537/1537 
f 1529/1541/1541 1531/1537/1537 1534/1540/1540 
f 1531/1537/1537 1434/1434/1434 1535/1542/1542 
f 1412/1412/1412 1411/1411/1411 1536/1543/1543 
f 1411/1411/1411 1532/1538/1538 1536/1543/1543 
f 1536/1543/1543 1532/1538/1538 1534/1540/1540 
f 1531/1537/1537 1535/1542/1542 1537/1544/1544 
f 1531/1537/1537 1537/1544/1544 1534/1540/1540 
f 1536/1543/1543 1534/1540/1540 1537/1544/1544 
f 1434/1434/1434 1538/1545/1545 1535/1542/1542 
f 1538/1545/1545 1408/1408/1408 1409/1409/1409 
f 1434/1434/1434 1408/1408/1408 1538/1545/1545 
f 1412/1412/1412 1536/1543/1543 1539/1546/1546 
f 1413/1413/1413 1412/1412/1412 1539/1546/1546 
f 1539/1546/1546 1536/1543/1543 1537/1544/1544 
f 1539/1546/1546 1537/1544/1544 1540/1547/1547 
f 1535/1542/1542 1540/1547/1547 1537/1544/1544 
f 1535/1542/1542 1538/1545/1545 1540/1547/1547 
f 1413/1413/1413 1539/1546/1546 1541/1548/1548 
f 1541/1548/1548 1539/1546/1546 1540/1547/1547 
f 1538/1545/1545 1409/1409/1409 1542/1549/1549 
f 1542/1549/1549 1409/1409/1409 1419/1419/1419 
f 1538/1545/1545 1542/1549/1549 1543/1550/1550 
f 1541/1548/1548 1540/1547/1547 1543/1550/1550 
f 1538/1545/1545 1543/1550/1550 1540/1547/1547 
f 1544/1551/1551 1413/1413/1413 1541/1548/1548 
f 1544/1551/1551 1415/1415/1415 1413/1413/1413 
f 1545/1552/1552 1419/1419/1419 1422/1422/1422 
f 1542/1549/1549 1419/1419/1419 1545/1552/1552 
f 1543/1550/1550 1542/1549/1549 1545/1552/1552 
f 1543/1550/1550 1545/1552/1552 1546/1553/1553 
f 1546/1553/1553 1541/1548/1548 1543/1550/1550 
f 1546/1553/1553 1544/1551/1551 1541/1548/1548 
f 1547/1554/1554 1415/1415/1415 1544/1551/1551 
f 1547/1554/1554 1417/1417/1417 1415/1415/1415 
f 1548/1555/1555 1422/1422/1422 1424/1424/1424 
f 1546/1553/1553 1545/1552/1552 1548/1555/1555 
f 1545/1552/1552 1422/1422/1422 1548/1555/1555 
f 1546/1553/1553 1548/1555/1555 1549/1556/1556 
f 1549/1556/1556 1544/1551/1551 1546/1553/1553 
f 1549/1556/1556 1547/1554/1554 1544/1551/1551 
f 1548/1555/1555 1424/1424/1424 1550/1557/1557 
f 1549/1556/1556 1548/1555/1555 1550/1557/1557 
f 1549/1556/1556 1550/1557/1557 1551/1558/1558 
f 1547/1554/1554 1549/1556/1556 1551/1558/1558 
f 1417/1417/1417 1547/1554/1554 1552/1559/1559 
f 1547/1554/1554 1551/1558/1558 1552/1559/1559 
f 1553/1560/1560 1416/1416/1416 1417/1417/1417 
f 1553/1560/1560 1417/1417/1417 1554/1561/1561 
f 1417/1417/1417 1552/1559/1559 1554/1561/1561 
f 1553/1560/1560 1554/1561/1561 1555/1562/1562 
f 1555/1562/1562 1554/1561/1561 1552/1559/1559 
f 1555/1562/1562 1552/1559/1559 1551/1558/1558 
f 1529/1535/1535 1528/1534/1534 1556/1563/1563 
f 1529/1535/1535 1556/1563/1563 1530/1564/1564 
f 1530/1564/1564 1556/1563/1563 1557/1565/1565 
f 1530/1564/1564 1557/1565/1565 1502/1566/1566 
f 1502/1566/1566 1557/1565/1565 1558/1567/1567 
f 1502/1566/1566 1558/1567/1567 1503/1568/1568 
f 1503/1568/1568 1558/1567/1567 1559/1569/1569 
f 1503/1568/1568 1559/1569/1569 1504/1570/1570 
f 1507/1517/1517 1504/1570/1570 1559/1569/1569 
f 1512/1518/1518 1507/1517/1517 1560/1571/1571 
f 1507/1517/1517 1559/1569/1569 1560/1571/1571 
f 1512/1518/1518 1560/1571/1571 1561/1572/1572 
f 1512/1518/1518 1561/1572/1572 1513/1519/1519 
f 1561/1572/1572 1562/1573/1573 1513/1519/1519 
f 1513/1519/1519 1563/1574/1574 1514/1520/1520 
f 1517/1523/1523 1514/1520/1520 1563/1574/1574 
f 1513/1519/1519 1562/1573/1573 1563/1574/1574 
f 1517/1523/1523 1563/1574/1574 1564/1575/1575 
f 1519/1525/1525 1517/1523/1523 1564/1575/1575 
f 1522/1528/1528 1521/1527/1527 1565/1576/1576 
f 1522/1528/1528 1565/1576/1576 1524/1530/1530 
f 1521/1527/1527 1519/1525/1525 1566/1577/1577 
f 1519/1525/1525 1564/1575/1575 1566/1577/1577 
f 1521/1527/1527 1566/1577/1577 1565/1576/1576 
f 1508/1512/1512 1567/1578/1578 1506/1510/1510 
f 1508/1512/1512 1509/1579/1579 1567/1578/1578 
f 1511/1516/1516 1568/1580/1580 1509/1513/1513 
f 1511/1516/1516 1515/1521/1521 1568/1580/1580 
f 1568/1580/1580 1515/1521/1521 1516/1522/1522 
f 1568/1580/1580 1516/1522/1522 1569/1581/1581 
f 1569/1581/1581 1516/1522/1522 1518/1524/1524 
f 1570/1582/1582 1518/1524/1524 1520/1526/1526 
f 1569/1581/1581 1518/1524/1524 1570/1582/1582 
f 1570/1582/1582 1520/1526/1526 1571/1583/1583 
f 1571/1583/1583 1520/1526/1526 1523/1529/1529 
f 1571/1583/1583 1523/1529/1529 1572/1584/1584 
f 1572/1584/1584 1523/1529/1529 1525/1531/1531 
f 1572/1584/1584 1525/1531/1531 1573/1585/1585 
f 1573/1585/1585 1525/1531/1531 1574/1586/1586 
f 1573/1585/1585 1574/1586/1586 1575/1587/1587 
f 1576/1588/1588 1442/1442/1442 1506/1510/1510 
f 1576/1588/1588 1506/1510/1510 1567/1578/1578 
f 1567/1578/1578 1509/1579/1579 1568/1589/1589 
f 1567/1578/1578 1568/1589/1589 1577/1590/1590 
f 1577/1590/1590 1568/1589/1589 1569/1591/1591 
f 1577/1590/1590 1569/1591/1591 1578/1592/1592 
f 1579/1593/1593 1578/1592/1592 1569/1591/1591 
f 1579/1593/1593 1569/1591/1591 1570/1594/1594 
f 1579/1593/1593 1570/1594/1594 1571/1595/1595 
f 1579/1593/1593 1571/1595/1595 1580/1596/1596 
f 1580/1596/1596 1571/1595/1595 1572/1597/1597 
f 1580/1596/1596 1572/1597/1597 1581/1598/1598 
f 1581/1598/1598 1572/1597/1597 1573/1599/1599 
f 1581/1598/1598 1573/1599/1599 1582/1600/1600 
f 1582/1600/1600 1573/1599/1599 1575/1601/1601 
f 1582/1600/1600 1575/1601/1601 1583/1602/1602 
f 1577/1590/1590 1578/1592/1592 1584/1603/1603 
f 1584/1603/1603 1576/1588/1588 1567/1578/1578 
f 1584/1603/1603 1567/1578/1578 1577/1590/1590 
f 1585/1604/1604 1442/1442/1442 1576/1588/1588 
f 1585/1604/1604 1437/1437/1437 1442/1442/1442 
f 1586/1605/1605 1437/1437/1437 1585/1604/1604 
f 1586/1605/1605 1432/1432/1432 1437/1437/1437 
f 1587/1606/1606 1430/1430/1430 1432/1432/1432 
f 1587/1606/1606 1432/1432/1432 1586/1605/1605 
f 1431/1431/1431 1430/1430/1430 1587/1606/1606 
f 1431/1431/1431 1587/1606/1606 1588/1607/1607 
f 1578/1592/1592 1589/1608/1608 1584/1603/1603 
f 1576/1588/1588 1590/1609/1609 1585/1604/1604 
f 1576/1588/1588 1584/1603/1603 1590/1609/1609 
f 1585/1604/1604 1590/1609/1609 1591/1610/1610 
f 1585/1604/1604 1591/1610/1610 1586/1605/1605 
f 1588/1607/1607 1587/1606/1606 1592/1611/1611 
f 1586/1605/1605 1592/1611/1611 1587/1606/1606 
f 1586/1605/1605 1591/1610/1610 1592/1611/1611 
f 1578/1592/1592 1593/1612/1612 1589/1608/1608 
f 1578/1592/1592 1579/1593/1593 1593/1612/1612 
f 1584/1603/1603 1589/1608/1608 1594/1613/1613 
f 1584/1603/1603 1594/1613/1613 1590/1609/1609 
f 1590/1609/1609 1595/1614/1614 1591/1610/1610 
f 1590/1609/1609 1594/1613/1613 1595/1614/1614 
f 1591/1610/1610 1596/1615/1615 1592/1611/1611 
f 1591/1610/1610 1595/1614/1614 1596/1615/1615 
f 1597/1616/1616 1593/1612/1612 1579/1593/1593 
f 1597/1616/1616 1579/1593/1593 1580/1596/1596 
f 1597/1616/1616 1580/1596/1596 1581/1598/1598 
f 1589/1608/1608 1598/1617/1617 1594/1613/1613 
f 1589/1608/1608 1593/1612/1612 1598/1617/1617 
f 1594/1613/1613 1599/1618/1618 1595/1614/1614 
f 1594/1613/1613 1598/1617/1617 1599/1618/1618 
f 1595/1614/1614 1599/1618/1618 1600/1619/1619 
f 1595/1614/1614 1600/1619/1619 1596/1615/1615 
f 1597/1616/1616 1581/1598/1598 1601/1620/1620 
f 1601/1620/1620 1581/1598/1598 1582/1600/1600 
f 1593/1612/1612 1597/1616/1616 1602/1621/1621 
f 1593/1612/1612 1602/1621/1621 1598/1617/1617 
f 1602/1621/1621 1597/1616/1616 1601/1620/1620 
f 1598/1617/1617 1603/1622/1622 1599/1618/1618 
f 1598/1617/1617 1602/1621/1621 1603/1622/1622 
f 1599/1618/1618 1603/1622/1622 1604/1623/1623 
f 1599/1618/1618 1604/1623/1623 1600/1619/1619 
f 1605/1624/1624 1582/1600/1600 1583/1602/1602 
f 1601/1620/1620 1582/1600/1600 1605/1624/1624 
f 1602/1621/1621 1601/1620/1620 1606/1625/1625 
f 1603/1622/1622 1602/1621/1621 1606/1625/1625 
f 1606/1625/1625 1601/1620/1620 1605/1624/1624 
f 1603/1622/1622 1606/1625/1625 1607/1626/1626 
f 1604/1623/1623 1603/1622/1622 1607/1626/1626 
f 1604/1623/1623 1607/1626/1626 1608/1627/1627 
f 1600/1619/1619 1604/1623/1623 1609/1628/1628 
f 1609/1628/1628 1604/1623/1623 1608/1627/1627 
f 1609/1628/1628 1608/1627/1627 1610/1629/1629 
f 1611/1630/1630 1479/1483/1483 1480/1484/1484 
f 1611/1630/1630 1480/1484/1484 1612/1631/1631 
f 1605/1624/1624 1583/1602/1602 1613/1632/1632 
f 1607/1626/1626 1606/1625/1625 1614/1633/1633 
f 1614/1633/1633 1605/1624/1624 1613/1632/1632 
f 1606/1625/1625 1605/1624/1624 1614/1633/1633 
f 1607/1626/1626 1614/1633/1633 1615/1634/1634 
f 1608/1627/1627 1607/1626/1626 1615/1634/1634 
f 1608/1627/1627 1615/1634/1634 1616/1635/1635 
f 1610/1629/1629 1608/1627/1627 1616/1635/1635 
f 1617/1636/1636 1482/1486/1486 1479/1483/1483 
f 1617/1636/1636 1479/1483/1483 1611/1630/1630 
f 1610/1629/1629 1616/1635/1635 1618/1637/1637 
f 1612/1631/1631 1610/1629/1629 1618/1637/1637 
f 1612/1631/1631 1618/1637/1637 1611/1630/1630 
f 1614/1633/1633 1613/1632/1632 1619/1638/1638 
f 1615/1634/1634 1614/1633/1633 1619/1638/1638 
f 1615/1634/1634 1619/1638/1638 1620/1639/1639 
f 1616/1635/1635 1615/1634/1634 1620/1639/1639 
f 1618/1637/1637 1616/1635/1635 1621/1640/1640 
f 1616/1635/1635 1620/1639/1639 1621/1640/1640 
f 1622/1641/1641 1617/1636/1636 1611/1630/1630 
f 1618/1637/1637 1621/1640/1640 1622/1641/1641 
f 1622/1641/1641 1611/1630/1630 1618/1637/1637 
f 1596/1615/1615 1600/1619/1619 1623/1642/1642 
f 1600/1619/1619 1609/1628/1628 1623/1642/1642 
f 1596/1615/1615 1623/1642/1642 1624/1643/1643 
f 1592/1611/1611 1596/1615/1615 1624/1643/1643 
f 1592/1611/1611 1624/1643/1643 1625/1644/1644 
f 1588/1607/1607 1592/1611/1611 1625/1644/1644 
f 1626/1645/1645 1627/1646/1646 1628/1647/1647 
f 1629/1648/1648 1485/1489/1489 1484/1488/1488 
f 1630/1649/1649 1629/1648/1648 1484/1488/1488 
f 1630/1649/1649 1631/1650/1650 1629/1648/1648 
f 1632/1651/1651 1630/1649/1649 1484/1488/1488 
f 1632/1651/1651 1484/1488/1488 1483/1487/1487 
f 1633/1652/1652 1632/1651/1651 1483/1487/1487 
f 1633/1652/1652 1483/1487/1487 1491/1495/1495 
f 1634/1653/1653 1633/1652/1652 1491/1495/1495 
f 1492/1496/1496 1635/1654/1654 1491/1495/1495 
f 1634/1653/1653 1491/1495/1495 1635/1654/1654 
f 1634/1653/1653 1635/1654/1654 1636/1655/1655 
f 1637/1656/1656 1636/1655/1655 1471/1472/1472 
f 1634/1653/1653 1636/1655/1655 1637/1656/1656 
f 1637/1656/1656 1471/1472/1472 1638/1657/1657 
f 1471/1472/1472 1639/1658/1658 1638/1657/1657 
f 1471/1472/1472 1470/1471/1471 1639/1658/1658 
f 1639/1659/1659 1470/1478/1478 1475/1477/1477 
f 1639/1659/1659 1475/1477/1477 1640/1660/1660 
f 1641/1661/1661 1477/1481/1481 1481/1485/1485 
f 1641/1661/1661 1640/1660/1660 1475/1477/1477 
f 1641/1661/1661 1475/1477/1477 1477/1481/1481 
f 1641/1661/1661 1481/1485/1485 1642/1662/1662 
f 1613/1632/1632 1583/1602/1602 1643/1663/1663 
f 1619/1638/1638 1613/1632/1632 1644/1664/1664 
f 1613/1632/1632 1643/1663/1663 1644/1664/1664 
f 1619/1638/1638 1644/1664/1664 1645/1665/1665 
f 1620/1639/1639 1619/1638/1638 1645/1665/1665 
f 1620/1639/1639 1645/1665/1665 1646/1666/1666 
f 1621/1640/1640 1620/1639/1639 1646/1666/1666 
f 1622/1641/1641 1621/1640/1640 1647/1667/1667 
f 1621/1640/1640 1646/1666/1666 1647/1667/1667 
f 1622/1641/1641 1647/1667/1667 1648/1668/1668 
f 1617/1636/1636 1622/1641/1641 1648/1668/1668 
f 1482/1486/1486 1649/1669/1669 1481/1485/1485 
f 1482/1486/1486 1617/1636/1636 1649/1669/1669 
f 1642/1662/1662 1481/1485/1485 1649/1669/1669 
f 1617/1636/1636 1648/1668/1668 1649/1669/1669 
f 1642/1662/1662 1649/1669/1669 1650/1670/1670 
f 1648/1668/1668 1647/1667/1667 1651/1671/1671 
f 1648/1668/1668 1651/1671/1671 1649/1669/1669 
f 1650/1670/1670 1649/1669/1669 1651/1671/1671 
f 1647/1667/1667 1652/1672/1672 1651/1671/1671 
f 1647/1667/1667 1646/1666/1666 1652/1672/1672 
f 1646/1666/1666 1645/1665/1665 1653/1673/1673 
f 1646/1666/1666 1653/1673/1673 1652/1672/1672 
f 1653/1673/1673 1645/1665/1665 1644/1664/1664 
f 1654/1674/1674 1644/1664/1664 1643/1663/1663 
f 1653/1673/1673 1644/1664/1664 1654/1674/1674 
f 1583/1602/1602 1655/1675/1675 1643/1663/1663 
f 1654/1674/1674 1643/1663/1663 1655/1675/1675 
f 1583/1602/1602 1575/1601/1601 1655/1675/1675 
f 1656/1676/1676 1651/1671/1671 1652/1672/1672 
f 1650/1670/1670 1651/1671/1671 1656/1676/1676 
f 1657/1677/1677 1652/1672/1672 1653/1673/1673 
f 1656/1676/1676 1652/1672/1672 1657/1677/1677 
f 1657/1677/1677 1653/1673/1673 1658/1678/1678 
f 1658/1678/1678 1653/1673/1673 1654/1674/1674 
f 1659/1679/1679 1654/1674/1674 1655/1675/1675 
f 1658/1678/1678 1654/1674/1674 1659/1679/1679 
f 1660/1680/1680 1557/1565/1565 1556/1563/1563 
f 1557/1565/1565 1661/1681/1681 1558/1567/1567 
f 1557/1565/1565 1660/1680/1680 1661/1681/1681 
f 1558/1567/1567 1662/1682/1682 1559/1569/1569 
f 1558/1567/1567 1661/1681/1681 1662/1682/1682 
f 1559/1569/1569 1663/1683/1683 1560/1571/1571 
f 1561/1572/1572 1560/1571/1571 1663/1683/1683 
f 1559/1569/1569 1662/1682/1682 1663/1683/1683 
f 1561/1572/1572 1663/1683/1683 1664/1684/1684 
f 1562/1573/1573 1561/1572/1572 1664/1684/1684 
f 1563/1574/1574 1562/1573/1573 1665/1685/1685 
f 1562/1573/1573 1664/1684/1684 1665/1685/1685 
f 1666/1686/1686 1565/1576/1576 1566/1577/1577 
f 1566/1577/1577 1564/1575/1575 1666/1686/1686 
f 1666/1686/1686 1667/1687/1687 1565/1576/1576 
f 1524/1530/1530 1565/1576/1576 1667/1687/1687 
f 1564/1575/1575 1563/1574/1574 1668/1688/1688 
f 1564/1575/1575 1668/1688/1688 1666/1686/1686 
f 1563/1574/1574 1665/1685/1685 1668/1688/1688 
f 1667/1687/1687 1666/1686/1686 1669/1689/1689 
f 1669/1689/1689 1666/1686/1686 1668/1688/1688 
f 1669/1689/1689 1668/1688/1688 1670/1690/1690 
f 1525/1531/1531 1671/1691/1691 1574/1586/1586 
f 1525/1531/1531 1524/1530/1530 1671/1691/1691 
f 1524/1530/1530 1667/1687/1687 1671/1691/1691 
f 1672/1692/1692 1574/1586/1586 1671/1691/1691 
f 1575/1587/1587 1574/1586/1586 1672/1692/1692 
f 1575/1587/1587 1672/1692/1692 1655/1693/1693 
f 1659/1679/1679 1655/1675/1675 1673/1694/1694 
f 1671/1691/1691 1673/1695/1695 1672/1692/1692 
f 1673/1695/1695 1655/1693/1693 1672/1692/1692 
f 1671/1691/1691 1674/1696/1696 1673/1695/1695 
f 1674/1696/1696 1671/1691/1691 1667/1687/1687 
f 1673/1695/1695 1674/1696/1696 1675/1697/1697 
f 1674/1696/1696 1667/1687/1687 1675/1697/1697 
f 1667/1687/1687 1669/1689/1689 1675/1697/1697 
f 1676/1698/1698 1556/1563/1563 1528/1534/1534 
f 1660/1680/1680 1556/1563/1563 1676/1698/1698 
f 1496/1500/1500 1499/1503/1503 1677/1699/1699 
f 1501/1505/1505 1678/1700/1700 1528/1534/1534 
f 1501/1505/1505 1496/1500/1500 1678/1700/1700 
f 1496/1500/1500 1677/1699/1699 1678/1700/1700 
f 1676/1698/1698 1528/1534/1534 1678/1700/1700 
f 1679/1701/1701 1676/1698/1698 1678/1700/1700 
f 1678/1700/1700 1677/1699/1699 1680/1702/1702 
f 1678/1700/1700 1680/1702/1702 1679/1701/1701 
f 1627/1646/1646 1626/1645/1645 1681/1703/1703 
f 1680/1702/1702 1677/1699/1699 1681/1703/1703 
f 1682/1704/1704 1628/1647/1647 1627/1646/1646 
f 1682/1704/1704 1683/1705/1705 1684/1706/1706 
f 1682/1704/1704 1684/1706/1706 1685/1707/1707 
f 1628/1647/1647 1682/1704/1704 1685/1707/1707 
f 1628/1647/1647 1685/1707/1707 1686/1708/1708 
f 1628/1647/1647 1686/1708/1708 1687/1709/1709 
f 1628/1647/1647 1687/1709/1709 1626/1645/1645 
f 1626/1645/1645 1687/1709/1709 1688/1710/1710 
f 1626/1645/1645 1688/1710/1710 1681/1703/1703 
f 1679/1701/1701 1680/1702/1702 1689/1711/1711 
f 1681/1703/1703 1688/1710/1710 1689/1711/1711 
f 1681/1703/1703 1689/1711/1711 1680/1702/1702 
f 1690/1712/1712 1660/1680/1680 1676/1698/1698 
f 1690/1712/1712 1676/1698/1698 1679/1701/1701 
f 1679/1701/1701 1689/1711/1711 1690/1712/1712 
f 1660/1680/1680 1690/1712/1712 1691/1713/1713 
f 1660/1680/1680 1691/1713/1713 1661/1681/1681 
f 1661/1681/1681 1691/1713/1713 1692/1714/1714 
f 1661/1681/1681 1692/1714/1714 1662/1682/1682 
f 1662/1682/1682 1692/1714/1714 1693/1715/1715 
f 1662/1682/1682 1693/1715/1715 1663/1683/1683 
f 1664/1684/1684 1663/1683/1683 1693/1715/1715 
f 1665/1685/1685 1664/1684/1684 1694/1716/1716 
f 1664/1684/1684 1693/1715/1715 1694/1716/1716 
f 1668/1688/1688 1665/1685/1685 1695/1717/1717 
f 1668/1688/1688 1695/1717/1717 1670/1690/1690 
f 1665/1685/1685 1694/1716/1716 1695/1717/1717 
f 1670/1690/1690 1695/1717/1717 1696/1718/1718 
f 1670/1690/1690 1697/1719/1719 1669/1689/1689 
f 1670/1690/1690 1696/1718/1718 1697/1719/1719 
f 1675/1697/1697 1669/1689/1689 1697/1719/1719 
f 1675/1697/1697 1697/1719/1719 1698/1720/1720 
f 1673/1695/1695 1675/1697/1697 1698/1720/1720 
f 1673/1695/1695 1698/1720/1720 1699/1721/1721 
f 1673/1695/1695 1699/1721/1721 1659/1722/1722 
f 1700/1723/1723 1659/1722/1722 1699/1721/1721 
f 1700/1723/1723 1658/1724/1724 1659/1722/1722 
f 1658/1724/1724 1700/1723/1723 1701/1725/1725 
f 1658/1724/1724 1701/1725/1725 1657/1726/1726 
f 1702/1727/1727 1657/1726/1726 1701/1725/1725 
f 1702/1727/1727 1656/1728/1728 1657/1726/1726 
f 1703/1729/1729 1656/1728/1728 1702/1727/1727 
f 1703/1729/1729 1650/1730/1730 1656/1728/1728 
f 1650/1730/1730 1703/1729/1729 1704/1731/1731 
f 1650/1730/1730 1704/1731/1731 1642/1732/1732 
f 1642/1732/1732 1704/1731/1731 1705/1733/1733 
f 1642/1732/1732 1705/1733/1733 1641/1734/1734 
f 1640/1735/1735 1641/1734/1734 1705/1733/1733 
f 1640/1735/1735 1705/1733/1733 1706/1736/1736 
f 1639/1737/1737 1640/1735/1735 1706/1736/1736 
f 1639/1737/1737 1706/1736/1736 1707/1738/1738 
f 1638/1739/1739 1639/1740/1740 1707/1741/1741 
f 1638/1739/1739 1707/1741/1741 1708/1742/1742 
f 1637/1743/1743 1638/1739/1739 1708/1742/1742 
f 1637/1743/1743 1708/1742/1742 1709/1744/1744 
f 1634/1745/1745 1637/1743/1743 1709/1744/1744 
f 1634/1745/1745 1709/1744/1744 1710/1746/1746 
f 1633/1747/1747 1634/1745/1745 1710/1746/1746 
f 1633/1747/1747 1710/1746/1746 1711/1748/1748 
f 1633/1747/1747 1711/1748/1748 1712/1749/1749 
f 1633/1747/1747 1712/1749/1749 1632/1651/1651 
f 1630/1649/1649 1632/1651/1651 1712/1749/1749 
f 1630/1649/1649 1712/1749/1749 1713/1750/1750 
f 1631/1650/1650 1630/1649/1649 1713/1750/1750 
f 1631/1650/1650 1713/1750/1750 1714/1751/1751 
f 1715/1752/1752 1631/1650/1650 1714/1751/1751 
f 1715/1752/1752 1714/1751/1751 1716/1753/1753 
f 1717/1754/1754 1715/1752/1752 1716/1753/1753 
f 1717/1754/1754 1716/1753/1753 1718/1755/1755 
f 1717/1754/1754 1718/1755/1755 1719/1756/1756 
f 1717/1754/1754 1719/1756/1756 1720/1757/1757 
f 1720/1757/1757 1719/1756/1756 1721/1758/1758 
f 1720/1757/1757 1721/1758/1758 1722/1759/1759 
f 1683/1705/1705 1723/1760/1760 1724/1761/1761 
f 1683/1705/1705 1724/1761/1761 1684/1706/1706 
f 1721/1758/1758 1719/1756/1756 1725/1762/1762 
f 1721/1758/1758 1725/1762/1762 1726/1763/1763 
f 1719/1756/1756 1718/1755/1755 1727/1764/1764 
f 1719/1756/1756 1727/1764/1764 1725/1762/1762 
f 1718/1755/1755 1728/1765/1765 1727/1764/1764 
f 1718/1755/1755 1716/1753/1753 1728/1765/1765 
f 1716/1753/1753 1729/1766/1766 1728/1765/1765 
f 1716/1753/1753 1714/1751/1751 1729/1766/1766 
f 1714/1751/1751 1730/1767/1767 1729/1766/1766 
f 1730/1767/1767 1713/1750/1750 1712/1749/1749 
f 1714/1751/1751 1713/1750/1750 1730/1767/1767 
f 1731/1768/1768 1712/1749/1749 1711/1748/1748 
f 1730/1767/1767 1712/1749/1749 1731/1768/1768 
f 1732/1769/1769 1730/1767/1767 1731/1768/1768 
f 1729/1766/1766 1730/1767/1767 1732/1769/1769 
f 1733/1770/1770 1711/1748/1748 1710/1746/1746 
f 1731/1768/1768 1711/1748/1748 1733/1770/1770 
f 1732/1769/1769 1731/1768/1768 1733/1770/1770 
f 1734/1771/1771 1710/1746/1746 1709/1744/1744 
f 1733/1770/1770 1710/1746/1746 1734/1771/1771 
f 1735/1772/1772 1709/1744/1744 1708/1742/1742 
f 1734/1771/1771 1709/1744/1744 1735/1772/1772 
f 1735/1772/1772 1708/1742/1742 1736/1773/1773 
f 1708/1742/1742 1737/1774/1774 1736/1773/1773 
f 1708/1742/1742 1707/1741/1741 1737/1774/1774 
f 1707/1738/1738 1706/1736/1736 1738/1775/1775 
f 1707/1738/1738 1738/1775/1775 1737/1776/1776 
f 1739/1777/1777 1705/1733/1733 1704/1731/1731 
f 1739/1777/1777 1738/1775/1775 1706/1736/1736 
f 1705/1733/1733 1739/1777/1777 1706/1736/1736 
f 1740/1778/1778 1704/1731/1731 1703/1729/1729 
f 1739/1777/1777 1704/1731/1731 1740/1778/1778 
f 1740/1778/1778 1703/1729/1729 1741/1779/1779 
f 1741/1779/1779 1703/1729/1729 1702/1727/1727 
f 1742/1780/1780 1702/1727/1727 1701/1725/1725 
f 1741/1779/1779 1702/1727/1727 1742/1780/1780 
f 1743/1781/1781 1701/1725/1725 1700/1723/1723 
f 1742/1780/1780 1701/1725/1725 1743/1781/1781 
f 1744/1782/1782 1700/1723/1723 1699/1721/1721 
f 1743/1781/1781 1700/1723/1723 1744/1782/1782 
f 1744/1782/1782 1699/1721/1721 1745/1783/1783 
f 1745/1783/1783 1699/1721/1721 1698/1720/1720 
f 1697/1719/1719 1696/1718/1718 1746/1784/1784 
f 1745/1783/1783 1698/1720/1720 1747/1785/1785 
f 1697/1719/1719 1746/1784/1784 1747/1785/1785 
f 1697/1719/1719 1747/1785/1785 1698/1720/1720 
f 1747/1785/1785 1746/1784/1784 1748/1786/1786 
f 1749/1787/1787 1695/1717/1717 1694/1716/1716 
f 1696/1718/1718 1695/1717/1717 1749/1787/1787 
f 1748/1786/1786 1746/1784/1784 1749/1787/1787 
f 1696/1718/1718 1749/1787/1787 1746/1784/1784 
f 1750/1788/1788 1693/1715/1715 1692/1714/1714 
f 1694/1716/1716 1693/1715/1715 1750/1788/1788 
f 1694/1716/1716 1750/1788/1788 1751/1789/1789 
f 1749/1787/1787 1694/1716/1716 1751/1789/1789 
f 1750/1788/1788 1692/1714/1714 1752/1790/1790 
f 1691/1713/1713 1752/1790/1790 1692/1714/1714 
f 1691/1713/1713 1753/1791/1791 1752/1790/1790 
f 1689/1711/1711 1754/1792/1792 1690/1712/1712 
f 1691/1713/1713 1754/1792/1792 1753/1791/1791 
f 1691/1713/1713 1690/1712/1712 1754/1792/1792 
f 1755/1793/1793 1689/1711/1711 1688/1710/1710 
f 1689/1711/1711 1755/1793/1793 1754/1792/1792 
f 1755/1793/1793 1688/1710/1710 1756/1794/1794 
f 1756/1794/1794 1688/1710/1710 1687/1709/1709 
f 1756/1794/1794 1687/1709/1709 1757/1795/1795 
f 1757/1795/1795 1687/1709/1709 1686/1708/1708 
f 1757/1795/1795 1686/1708/1708 1758/1796/1796 
f 1471/1472/1472 1759/1797/1797 1472/1473/1473 
f 1467/1467/1467 1472/1473/1473 1759/1797/1797 
f 1471/1472/1472 1636/1655/1655 1759/1797/1797 
f 1760/1798/1798 1397/1397/1397 1467/1467/1467 
f 1489/1493/1493 1397/1397/1397 1760/1798/1798 
f 1467/1467/1467 1759/1797/1797 1760/1798/1798 
f 1761/1799/1799 1492/1496/1496 1494/1498/1498 
f 1492/1496/1496 1761/1799/1799 1635/1654/1654 
f 1636/1655/1655 1635/1654/1654 1761/1799/1799 
f 1636/1655/1655 1761/1799/1799 1759/1797/1797 
f 1759/1797/1797 1762/1800/1800 1760/1798/1798 
f 1761/1799/1799 1494/1498/1498 1762/1800/1800 
f 1494/1498/1498 1495/1499/1499 1762/1800/1800 
f 1759/1797/1797 1761/1799/1799 1762/1800/1800 
f 1762/1800/1800 1489/1493/1493 1760/1798/1798 
f 1763/1801/1801 1488/1492/1492 1490/1494/1494 
f 1762/1800/1800 1763/1801/1801 1489/1493/1493 
f 1762/1800/1800 1495/1499/1499 1763/1801/1801 
f 1490/1494/1494 1489/1493/1493 1763/1801/1801 
f 1763/1801/1801 1495/1499/1499 1488/1492/1492 
f 1463/1463/1463 1485/1489/1489 1764/1802/1802 
f 1629/1648/1648 1764/1802/1802 1485/1489/1489 
f 1765/1803/1803 1629/1648/1648 1631/1650/1650 
f 1765/1803/1803 1631/1650/1650 1715/1752/1752 
f 1765/1803/1803 1715/1752/1752 1717/1754/1754 
f 1764/1802/1802 1629/1648/1648 1765/1803/1803 
f 1443/1443/1443 1454/1454/1454 1766/1804/1804 
f 1766/1804/1804 1454/1454/1454 1457/1457/1457 
f 1766/1804/1804 1457/1457/1457 1767/1805/1805 
f 1451/1451/1451 1767/1805/1805 1457/1457/1457 
f 1768/1806/1806 1383/1383/1383 1385/1385/1385 
f 1382/1382/1382 1383/1383/1383 1768/1806/1806 
f 1768/1806/1806 1385/1385/1385 1769/1807/1807 
f 1451/1451/1451 1770/1808/1808 1767/1805/1805 
f 1770/1808/1808 1451/1451/1451 1450/1450/1450 
f 1463/1463/1463 1764/1802/1802 1771/1809/1809 
f 1770/1808/1808 1450/1450/1450 1771/1809/1809 
f 1463/1463/1463 1771/1809/1809 1450/1450/1450 
f 1771/1809/1809 1764/1802/1802 1772/1810/1810 
f 1764/1802/1802 1765/1803/1803 1772/1810/1810 
f 1770/1808/1808 1771/1809/1809 1772/1810/1810 
f 1773/1811/1811 1766/1804/1804 1767/1805/1805 
f 1443/1443/1443 1766/1804/1804 1773/1811/1811 
f 1385/1385/1385 1443/1443/1443 1773/1811/1811 
f 1385/1385/1385 1773/1811/1811 1769/1807/1807 
f 1768/1806/1806 1769/1807/1807 1774/1812/1812 
f 1768/1806/1806 1774/1812/1812 1775/1813/1813 
f 1382/1382/1382 1768/1806/1806 1775/1813/1813 
f 1290/1290/1290 1382/1382/1382 1775/1813/1813 
f 1772/1810/1810 1765/1803/1803 1776/1814/1814 
f 1776/1814/1814 1717/1754/1754 1720/1757/1757 
f 1765/1803/1803 1717/1754/1754 1776/1814/1814 
f 1776/1814/1814 1720/1757/1757 1777/1815/1815 
f 1777/1815/1815 1720/1757/1757 1722/1759/1759 
f 1777/1815/1815 1722/1759/1759 1778/1816/1816 
f 1779/1817/1817 1723/1760/1760 1683/1705/1705 
f 1779/1817/1817 1780/1818/1818 1781/1819/1819 
f 1779/1817/1817 1781/1819/1819 1723/1760/1760 
f 1779/1817/1817 1683/1705/1705 1782/1820/1820 
f 1683/1705/1705 1783/1821/1821 1782/1820/1820 
f 1683/1705/1705 1682/1704/1704 1783/1821/1821 
f 1682/1704/1704 1627/1646/1646 1783/1821/1821 
f 1784/1822/1822 1681/1703/1703 1677/1699/1699 
f 1627/1646/1646 1681/1703/1703 1784/1822/1822 
f 1784/1822/1822 1677/1699/1699 1785/1823/1823 
f 1499/1503/1503 1786/1824/1824 1785/1823/1823 
f 1499/1503/1503 1785/1823/1823 1677/1699/1699 
f 1787/1825/1825 1627/1646/1646 1784/1822/1822 
f 1787/1825/1825 1788/1826/1826 1627/1646/1646 
f 1789/1827/1827 1790/1828/1828 1791/1829/1829 
f 1789/1827/1827 1791/1829/1829 1792/1830/1830 
f 1793/1831/1831 1553/1560/1560 1790/1828/1828 
f 1793/1831/1831 1410/1410/1410 1414/1414/1414 
f 1793/1831/1831 1416/1416/1416 1553/1560/1560 
f 1414/1414/1414 1416/1416/1416 1793/1831/1831 
f 1794/1832/1832 1497/1501/1501 1500/1504/1504 
f 1794/1832/1832 1498/1502/1502 1497/1501/1501 
f 1499/1503/1503 1498/1502/1502 1795/1833/1833 
f 1794/1832/1832 1795/1833/1833 1498/1502/1502 
f 1789/1827/1827 1795/1833/1833 1794/1832/1832 
f 1795/1833/1833 1789/1827/1827 1792/1830/1830 
f 1411/1411/1411 1410/1410/1410 1796/1834/1834 
f 1794/1832/1832 1500/1504/1504 1796/1834/1834 
f 1533/1539/1539 1796/1834/1834 1500/1504/1504 
f 1411/1411/1411 1796/1834/1834 1533/1539/1539 
f 1797/1835/1835 1793/1831/1831 1790/1828/1828 
f 1797/1835/1835 1790/1828/1828 1789/1827/1827 
f 1789/1827/1827 1794/1832/1832 1797/1835/1835 
f 1797/1835/1835 1794/1832/1832 1796/1834/1834 
f 1410/1410/1410 1797/1835/1835 1796/1834/1834 
f 1410/1410/1410 1793/1831/1831 1797/1835/1835 
f 1785/1823/1823 1786/1824/1824 1798/1836/1836 
f 1499/1503/1503 1795/1833/1833 1798/1836/1836 
f 1786/1824/1824 1499/1503/1503 1798/1836/1836 
f 1795/1833/1833 1792/1830/1830 1798/1836/1836 
f 1798/1836/1836 1792/1830/1830 1799/1837/1837 
f 1798/1836/1836 1799/1837/1837 1785/1823/1823 
f 1799/1837/1837 1787/1825/1825 1784/1822/1822 
f 1799/1837/1837 1784/1822/1822 1785/1823/1823 
f 1792/1830/1830 1791/1829/1829 1800/1838/1838 
f 1800/1838/1838 1787/1825/1825 1799/1837/1837 
f 1792/1830/1830 1800/1838/1838 1799/1837/1837 
f 1800/1838/1838 1801/1839/1839 1787/1825/1825 
f 1788/1826/1826 1787/1825/1825 1801/1839/1839 
f 1802/1840/1840 1428/1428/1428 1431/1431/1431 
f 1803/1841/1841 1431/1431/1431 1588/1607/1607 
f 1802/1840/1840 1431/1431/1431 1803/1841/1841 
f 1804/1842/1842 1428/1428/1428 1802/1840/1840 
f 1804/1842/1842 1426/1426/1426 1428/1428/1428 
f 1805/1843/1843 1426/1426/1426 1804/1842/1842 
f 1424/1424/1424 1423/1423/1423 1805/1843/1843 
f 1805/1843/1843 1423/1423/1423 1426/1426/1426 
f 1424/1424/1424 1805/1843/1843 1806/1844/1844 
f 1550/1557/1557 1424/1424/1424 1806/1844/1844 
f 1550/1557/1557 1806/1844/1844 1807/1845/1845 
f 1551/1558/1558 1550/1557/1557 1807/1845/1845 
f 1551/1558/1558 1807/1845/1845 1555/1562/1562 
f 1805/1843/1843 1804/1842/1842 1808/1846/1846 
f 1805/1843/1843 1808/1846/1846 1809/1847/1847 
f 1806/1844/1844 1805/1843/1843 1809/1847/1847 
f 1806/1844/1844 1809/1847/1847 1810/1848/1848 
f 1804/1842/1842 1802/1840/1840 1811/1849/1849 
f 1804/1842/1842 1811/1849/1849 1808/1846/1846 
f 1802/1840/1840 1812/1850/1850 1811/1849/1849 
f 1802/1840/1840 1803/1841/1841 1812/1850/1850 
f 1813/1851/1851 1808/1846/1846 1811/1849/1849 
f 1811/1849/1849 1812/1850/1850 1813/1851/1851 
f 1813/1851/1851 1814/1852/1852 1808/1846/1846 
f 1809/1847/1847 1808/1846/1846 1814/1852/1852 
f 1814/1852/1852 1813/1851/1851 1815/1853/1853 
f 1809/1847/1847 1814/1852/1852 1816/1854/1854 
f 1814/1852/1852 1815/1853/1853 1816/1854/1854 
f 1810/1848/1848 1809/1847/1847 1816/1854/1854 
f 1790/1828/1828 1553/1560/1560 1817/1855/1855 
f 1790/1828/1828 1817/1855/1855 1791/1829/1829 
f 1553/1560/1560 1555/1562/1562 1817/1855/1855 
f 1810/1848/1848 1816/1854/1854 1818/1856/1856 
f 1819/1857/1857 1807/1845/1845 1806/1844/1844 
f 1819/1857/1857 1806/1844/1844 1810/1848/1848 
f 1555/1562/1562 1807/1845/1845 1819/1857/1857 
f 1555/1562/1562 1819/1857/1857 1817/1855/1855 
f 1810/1848/1848 1820/1858/1858 1819/1857/1857 
f 1810/1848/1848 1818/1856/1856 1820/1858/1858 
f 1817/1855/1855 1819/1857/1857 1820/1858/1858 
f 1821/1859/1859 1791/1829/1829 1817/1855/1855 
f 1821/1859/1859 1800/1838/1838 1791/1829/1829 
f 1801/1839/1839 1800/1838/1838 1821/1859/1859 
f 1820/1858/1858 1821/1859/1859 1817/1855/1855 
f 1801/1839/1839 1821/1859/1859 1822/1860/1860 
f 1820/1858/1858 1822/1860/1860 1821/1859/1859 
f 1823/1861/1861 1777/1815/1815 1778/1816/1816 
f 1823/1861/1861 1778/1816/1816 1824/1862/1862 
f 1824/1862/1862 1778/1816/1816 1825/1863/1863 
f 1824/1862/1862 1825/1863/1863 1826/1864/1864 
f 1826/1864/1864 1825/1863/1863 1827/1865/1865 
f 1825/1863/1863 1828/1866/1866 1827/1865/1865 
f 1829/1867/1867 1827/1865/1865 1828/1866/1866 
f 1829/1867/1867 1828/1866/1866 1830/1868/1868 
f 1831/1869/1869 1829/1867/1867 1830/1868/1868 
f 1831/1869/1869 1830/1868/1868 1780/1818/1818 
f 1832/1870/1870 1780/1818/1818 1779/1817/1817 
f 1832/1870/1870 1831/1869/1869 1780/1818/1818 
f 1833/1871/1871 1779/1817/1817 1782/1820/1820 
f 1833/1871/1871 1782/1820/1820 1783/1821/1821 
f 1833/1871/1871 1832/1870/1870 1779/1817/1817 
f 1833/1871/1871 1783/1821/1821 1834/1872/1872 
f 1834/1872/1872 1783/1821/1821 1627/1646/1646 
f 1834/1872/1872 1627/1646/1646 1788/1826/1826 
f 1835/1873/1873 1777/1815/1815 1823/1861/1861 
f 1772/1810/1810 1776/1814/1814 1835/1873/1873 
f 1835/1873/1873 1776/1814/1814 1777/1815/1815 
f 1770/1808/1808 1772/1810/1810 1836/1874/1874 
f 1836/1874/1874 1772/1810/1810 1835/1873/1873 
f 1767/1805/1805 1770/1808/1808 1836/1874/1874 
f 1835/1873/1873 1837/1875/1875 1836/1874/1874 
f 1767/1805/1805 1836/1874/1874 1837/1875/1875 
f 1773/1811/1811 1767/1805/1805 1837/1875/1875 
f 1838/1876/1876 1835/1873/1873 1823/1861/1861 
f 1835/1873/1873 1838/1876/1876 1837/1875/1875 
f 1769/1807/1807 1773/1811/1811 1839/1877/1877 
f 1839/1877/1877 1837/1875/1875 1838/1876/1876 
f 1773/1811/1811 1837/1875/1875 1839/1877/1877 
f 1838/1876/1876 1823/1861/1861 1840/1878/1878 
f 1839/1877/1877 1838/1876/1876 1840/1878/1878 
f 1840/1878/1878 1823/1861/1861 1824/1862/1862 
f 1839/1877/1877 1840/1878/1878 1841/1879/1879 
f 1840/1878/1878 1824/1862/1862 1841/1879/1879 
f 1824/1862/1862 1826/1864/1864 1841/1879/1879 
f 1826/1864/1864 1842/1880/1880 1841/1879/1879 
f 1826/1864/1864 1843/1881/1881 1842/1880/1880 
f 1826/1864/1864 1827/1865/1865 1843/1881/1881 
f 1844/1882/1882 1843/1881/1881 1827/1865/1865 
f 1844/1882/1882 1827/1865/1865 1829/1867/1867 
f 1829/1867/1867 1845/1883/1883 1844/1882/1882 
f 1829/1867/1867 1831/1869/1869 1845/1883/1883 
f 1846/1884/1884 1831/1869/1869 1832/1870/1870 
f 1846/1884/1884 1845/1883/1883 1831/1869/1869 
f 1847/1885/1885 1832/1870/1870 1833/1871/1871 
f 1847/1885/1885 1846/1884/1884 1832/1870/1870 
f 1833/1871/1871 1834/1872/1872 1848/1886/1886 
f 1847/1885/1885 1833/1871/1871 1848/1886/1886 
f 1848/1886/1886 1834/1872/1872 1788/1826/1826 
f 1849/1887/1887 1284/1284/1284 1277/1277/1277 
f 1849/1887/1887 1277/1277/1277 1290/1290/1290 
f 1290/1290/1290 1775/1813/1813 1849/1887/1887 
f 1774/1812/1812 1769/1807/1807 1850/1888/1888 
f 1769/1807/1807 1839/1877/1877 1850/1888/1888 
f 1842/1880/1880 1851/1889/1889 1841/1879/1879 
f 1839/1877/1877 1841/1879/1879 1852/1890/1890 
f 1851/1889/1889 1852/1890/1890 1841/1879/1879 
f 1850/1888/1888 1839/1877/1877 1852/1890/1890 
f 1853/1891/1891 1775/1813/1813 1774/1812/1812 
f 1853/1891/1891 1849/1887/1887 1775/1813/1813 
f 1774/1812/1812 1850/1888/1888 1853/1891/1891 
f 1853/1891/1891 1850/1888/1888 1854/1892/1892 
f 1850/1888/1888 1852/1890/1890 1854/1892/1892 
f 1853/1891/1891 1854/1892/1892 1855/1893/1893 
f 1849/1887/1887 1853/1891/1891 1855/1893/1893 
f 1855/1893/1893 1854/1892/1892 1852/1890/1890 
f 1284/1284/1284 1849/1887/1887 1856/1894/1894 
f 1855/1893/1893 1852/1890/1890 1856/1894/1894 
f 1849/1887/1887 1855/1893/1893 1856/1894/1894 
f 1852/1890/1890 1851/1889/1889 1856/1894/1894 
f 1284/1284/1284 1856/1894/1894 1857/1895/1895 
f 1289/1289/1289 1284/1284/1284 1857/1895/1895 
f 1843/1881/1881 1844/1882/1882 1858/1896/1896 
f 1289/1289/1289 1859/1897/1897 1288/1288/1288 
f 1289/1289/1289 1857/1895/1895 1859/1897/1897 
f 1858/1896/1896 1859/1897/1897 1857/1895/1895 
f 1859/1897/1897 1287/1287/1287 1286/1286/1286 
f 1859/1897/1897 1286/1286/1286 1288/1288/1288 
f 1856/1894/1894 1860/1898/1898 1857/1895/1895 
f 1843/1881/1881 1858/1896/1896 1860/1898/1898 
f 1856/1894/1894 1851/1889/1889 1860/1898/1898 
f 1858/1896/1896 1857/1895/1895 1860/1898/1898 
f 1860/1898/1898 1842/1880/1880 1843/1881/1881 
f 1860/1898/1898 1851/1889/1889 1842/1880/1880 
f 1280/1280/1280 1861/1899/1899 1281/1281/1281 
f 1280/1280/1280 1287/1287/1287 1861/1899/1899 
f 1862/1900/1900 1844/1882/1882 1845/1883/1883 
f 1859/1897/1897 1858/1896/1896 1862/1900/1900 
f 1862/1900/1900 1858/1896/1896 1844/1882/1882 
f 1287/1287/1287 1863/1901/1901 1861/1899/1899 
f 1859/1897/1897 1862/1900/1900 1863/1901/1901 
f 1287/1287/1287 1859/1897/1897 1863/1901/1901 
f 1281/1281/1281 1861/1899/1899 1864/1902/1902 
f 1281/1281/1281 1864/1902/1902 1372/1372/1372 
f 1865/1903/1903 1845/1883/1883 1846/1884/1884 
f 1865/1903/1903 1862/1900/1900 1845/1883/1883 
f 1861/1899/1899 1866/1904/1904 1864/1902/1902 
f 1866/1904/1904 1863/1901/1901 1862/1900/1900 
f 1866/1904/1904 1862/1900/1900 1865/1903/1903 
f 1861/1899/1899 1863/1901/1901 1866/1904/1904 
f 1372/1372/1372 1864/1902/1902 1867/1905/1905 
f 1372/1372/1372 1867/1905/1905 1374/1374/1374 
f 1867/1905/1905 1864/1902/1902 1866/1904/1904 
f 1368/1368/1368 1374/1374/1374 1867/1905/1905 
f 1846/1884/1884 1868/1906/1906 1865/1903/1903 
f 1846/1884/1884 1847/1885/1885 1868/1906/1906 
f 1868/1906/1906 1847/1885/1885 1848/1886/1886 
f 1869/1907/1907 1866/1904/1904 1865/1903/1903 
f 1867/1905/1905 1866/1904/1904 1869/1907/1907 
f 1869/1907/1907 1865/1903/1903 1868/1906/1906 
f 1368/1368/1368 1867/1905/1905 1870/1908/1908 
f 1869/1907/1907 1870/1908/1908 1867/1905/1905 
f 1801/1839/1839 1822/1860/1860 1871/1909/1909 
f 1871/1909/1909 1822/1860/1860 1820/1858/1858 
f 1871/1909/1909 1820/1858/1858 1818/1856/1856 
f 1816/1854/1854 1872/1910/1910 1818/1856/1856 
f 1816/1854/1854 1815/1853/1853 1872/1910/1910 
f 1818/1856/1856 1872/1910/1910 1873/1911/1911 
f 1818/1856/1856 1873/1911/1911 1871/1909/1909 
f 1848/1886/1886 1788/1826/1826 1874/1912/1912 
f 1788/1826/1826 1801/1839/1839 1874/1912/1912 
f 1801/1839/1839 1871/1909/1909 1874/1912/1912 
f 1869/1907/1907 1868/1906/1906 1875/1913/1913 
f 1868/1906/1906 1848/1886/1886 1875/1913/1913 
f 1876/1914/1914 1871/1909/1909 1873/1911/1911 
f 1848/1886/1886 1874/1912/1912 1876/1914/1914 
f 1876/1914/1914 1874/1912/1912 1871/1909/1909 
f 1848/1886/1886 1876/1914/1914 1875/1913/1913 
f 1873/1911/1911 1872/1910/1910 1877/1915/1915 
f 1877/1915/1915 1872/1910/1910 1815/1853/1853 
f 1873/1911/1911 1877/1915/1915 1876/1914/1914 
f 1869/1907/1907 1875/1913/1913 1878/1916/1916 
f 1878/1916/1916 1875/1913/1913 1876/1914/1914 
f 1869/1907/1907 1878/1916/1916 1870/1908/1908 
f 1878/1916/1916 1876/1914/1914 1877/1915/1915 
f 1879/1917/1917 1312/1312/1312 1310/1310/1310 
f 1879/1917/1917 1880/1918/1918 1312/1312/1312 
f 1881/1919/1919 1354/1354/1354 1353/1353/1353 
f 1881/1919/1919 1353/1353/1353 1882/1920/1920 
f 1882/1920/1920 1353/1353/1353 1359/1359/1359 
f 1883/1921/1921 1881/1919/1919 1882/1920/1920 
f 1879/1917/1917 1883/1921/1921 1880/1918/1918 
f 1883/1921/1921 1884/1922/1922 1880/1918/1918 
f 1883/1921/1921 1882/1920/1920 1884/1922/1922 
f 1612/1631/1631 1480/1484/1484 1885/1923/1923 
f 1480/1484/1484 1312/1312/1312 1885/1923/1923 
f 1885/1923/1923 1880/1918/1918 1884/1922/1922 
f 1312/1312/1312 1880/1918/1918 1885/1923/1923 
f 1884/1922/1922 1882/1920/1920 1886/1924/1924 
f 1882/1920/1920 1359/1359/1359 1886/1924/1924 
f 1885/1923/1923 1884/1922/1922 1887/1925/1925 
f 1884/1922/1922 1886/1924/1924 1887/1925/1925 
f 1612/1631/1631 1885/1923/1923 1888/1926/1926 
f 1610/1629/1629 1612/1631/1631 1888/1926/1926 
f 1610/1629/1629 1888/1926/1926 1609/1628/1628 
f 1888/1926/1926 1885/1923/1923 1887/1925/1925 
f 1889/1927/1927 1623/1642/1642 1609/1628/1628 
f 1624/1643/1643 1623/1642/1642 1889/1927/1927 
f 1889/1927/1927 1609/1628/1628 1888/1926/1926 
f 1877/1915/1915 1815/1853/1853 1890/1928/1928 
f 1891/1929/1929 1878/1916/1916 1877/1915/1915 
f 1870/1908/1908 1878/1916/1916 1891/1929/1929 
f 1891/1929/1929 1877/1915/1915 1890/1928/1928 
f 1815/1853/1853 1813/1851/1851 1892/1930/1930 
f 1891/1929/1929 1890/1928/1928 1892/1930/1930 
f 1815/1853/1853 1892/1930/1930 1890/1928/1928 
f 1892/1930/1930 1813/1851/1851 1812/1850/1850 
f 1892/1930/1930 1812/1850/1850 1893/1931/1931 
f 1893/1931/1931 1812/1850/1850 1803/1841/1841 
f 1803/1841/1841 1588/1607/1607 1894/1932/1932 
f 1894/1932/1932 1588/1607/1607 1625/1644/1644 
f 1893/1931/1931 1803/1841/1841 1894/1932/1932 
f 1624/1643/1643 1895/1933/1933 1625/1644/1644 
f 1894/1932/1932 1625/1644/1644 1895/1933/1933 
f 1624/1643/1643 1889/1927/1927 1896/1934/1934 
f 1624/1643/1643 1896/1934/1934 1895/1933/1933 
f 1897/1935/1935 1889/1927/1927 1888/1926/1926 
f 1888/1926/1926 1887/1925/1925 1897/1935/1935 
f 1897/1935/1935 1887/1925/1925 1886/1924/1924 
f 1898/1936/1936 1896/1934/1934 1889/1927/1927 
f 1898/1936/1936 1889/1927/1927 1897/1935/1935 
f 1899/1937/1937 1895/1933/1933 1896/1934/1934 
f 1899/1937/1937 1896/1934/1934 1898/1936/1936 
f 1900/1938/1938 1893/1931/1931 1894/1932/1932 
f 1901/1939/1939 1895/1933/1933 1899/1937/1937 
f 1901/1939/1939 1894/1932/1932 1895/1933/1933 
f 1900/1938/1938 1894/1932/1932 1901/1939/1939 
f 1898/1936/1936 1897/1935/1935 1902/1940/1940 
f 1898/1936/1936 1902/1940/1940 1899/1937/1937 
f 1897/1935/1935 1886/1924/1924 1902/1940/1940 
f 1899/1937/1937 1903/1941/1941 1901/1939/1939 
f 1899/1937/1937 1902/1940/1940 1903/1941/1941 
f 1904/1942/1942 1900/1938/1938 1901/1939/1939 
f 1904/1942/1942 1901/1939/1939 1903/1941/1941 
f 1905/1943/1943 1886/1924/1924 1359/1359/1359 
f 1905/1943/1943 1902/1940/1940 1886/1924/1924 
f 1905/1943/1943 1359/1359/1359 1360/1360/1360 
f 1905/1943/1943 1360/1360/1360 1362/1362/1362 
f 1906/1944/1944 1362/1362/1362 1361/1361/1361 
f 1363/1363/1363 1370/1370/1370 1906/1944/1944 
f 1906/1944/1944 1361/1361/1361 1363/1363/1363 
f 1902/1940/1940 1905/1943/1943 1907/1945/1945 
f 1902/1940/1940 1907/1945/1945 1903/1941/1941 
f 1907/1945/1945 1905/1943/1943 1362/1362/1362 
f 1907/1945/1945 1362/1362/1362 1906/1944/1944 
f 1370/1370/1370 1908/1946/1946 1906/1944/1944 
f 1906/1944/1944 1908/1946/1946 1907/1945/1945 
f 1908/1946/1946 1903/1941/1941 1907/1945/1945 
f 1370/1370/1370 1369/1369/1369 1908/1946/1946 
f 1908/1946/1946 1904/1942/1942 1903/1941/1941 
f 1904/1942/1942 1908/1946/1946 1369/1369/1369 
f 1368/1368/1368 1870/1908/1908 1909/1947/1947 
f 1870/1908/1908 1891/1929/1929 1909/1947/1947 
f 1368/1368/1368 1909/1947/1947 1369/1369/1369 
f 1904/1942/1942 1369/1369/1369 1909/1947/1947 
f 1904/1942/1942 1909/1947/1947 1910/1948/1948 
f 1910/1948/1948 1893/1931/1931 1900/1938/1938 
f 1909/1947/1947 1891/1929/1929 1910/1948/1948 
f 1910/1948/1948 1892/1930/1930 1893/1931/1931 
f 1904/1942/1942 1910/1948/1948 1900/1938/1938 
f 1891/1929/1929 1892/1930/1930 1910/1948/1948 
f 1754/1792/1792 1755/1793/1793 1911/1949/1949 
f 1911/1949/1949 1755/1793/1793 1756/1794/1794 
f 1911/1949/1949 1756/1794/1794 1912/1950/1950 
f 1912/1950/1950 1756/1794/1794 1757/1795/1795 
f 1912/1950/1950 1757/1795/1795 1913/1951/1951 
f 1754/1792/1792 1911/1949/1949 1914/1952/1952 
f 1753/1791/1791 1754/1792/1792 1914/1952/1952 
f 1911/1949/1949 1912/1950/1950 1915/1953/1953 
f 1911/1949/1949 1915/1953/1953 1914/1952/1952 
f 1753/1791/1791 1914/1952/1952 1916/1954/1954 
f 1753/1791/1791 1916/1954/1954 1752/1790/1790 
f 1914/1952/1952 1915/1953/1953 1917/1955/1955 
f 1914/1952/1952 1917/1955/1955 1916/1954/1954 
f 1912/1950/1950 1913/1951/1951 1918/1956/1956 
f 1912/1950/1950 1918/1956/1956 1915/1953/1953 
f 1916/1954/1954 1919/1957/1957 1752/1790/1790 
f 1919/1957/1957 1916/1954/1954 1917/1955/1955 
f 1919/1957/1957 1917/1955/1955 1920/1958/1958 
f 1921/1959/1959 1917/1955/1955 1915/1953/1953 
f 1921/1959/1959 1915/1953/1953 1918/1956/1956 
f 1922/1960/1960 1919/1957/1957 1920/1958/1958 
f 1751/1789/1789 1750/1788/1788 1922/1960/1960 
f 1922/1960/1960 1750/1788/1788 1752/1790/1790 
f 1922/1960/1960 1752/1790/1790 1919/1957/1957 
f 1922/1960/1960 1920/1958/1958 1923/1961/1961 
f 1917/1955/1955 1921/1959/1959 1924/1962/1962 
f 1917/1955/1955 1924/1962/1962 1920/1958/1958 
f 1751/1789/1789 1922/1960/1960 1925/1963/1963 
f 1925/1963/1963 1749/1787/1787 1751/1789/1789 
f 1748/1786/1786 1749/1787/1787 1925/1963/1963 
f 1923/1961/1961 1920/1958/1958 1926/1964/1964 
f 1920/1958/1958 1924/1962/1962 1926/1964/1964 
f 1927/1965/1965 1923/1961/1961 1926/1964/1964 
f 1922/1960/1960 1923/1961/1961 1927/1965/1965 
f 1922/1960/1960 1927/1965/1965 1925/1963/1963 
f 1927/1965/1965 1926/1964/1964 1928/1966/1966 
f 1929/1967/1967 1925/1963/1963 1927/1965/1965 
f 1929/1967/1967 1748/1786/1786 1925/1963/1963 
f 1929/1967/1967 1927/1965/1965 1928/1966/1966 
f 1930/1968/1968 1743/1781/1781 1744/1782/1782 
f 1742/1780/1780 1743/1781/1781 1930/1968/1968 
f 1931/1969/1969 1744/1782/1782 1745/1783/1783 
f 1931/1969/1969 1745/1783/1783 1747/1785/1785 
f 1931/1969/1969 1747/1785/1785 1748/1786/1786 
f 1931/1969/1969 1748/1786/1786 1929/1967/1967 
f 1930/1968/1968 1931/1969/1969 1929/1967/1967 
f 1930/1968/1968 1744/1782/1782 1931/1969/1969 
f 1742/1780/1780 1930/1968/1968 1932/1970/1970 
f 1930/1968/1968 1929/1967/1967 1933/1971/1971 
f 1932/1970/1970 1930/1968/1968 1933/1971/1971 
f 1929/1967/1967 1934/1972/1972 1933/1971/1971 
f 1929/1967/1967 1928/1966/1966 1934/1972/1972 
f 1935/1973/1973 1928/1966/1966 1926/1964/1964 
f 1935/1973/1973 1934/1972/1972 1928/1966/1966 
f 1932/1970/1970 1933/1971/1971 1936/1974/1974 
f 1937/1975/1975 1934/1972/1972 1935/1973/1973 
f 1937/1975/1975 1936/1974/1974 1933/1971/1971 
f 1937/1975/1975 1933/1971/1971 1934/1972/1972 
f 1938/1976/1976 1936/1974/1974 1937/1975/1975 
f 1938/1976/1976 1937/1975/1975 1939/1977/1977 
f 1940/1978/1978 1926/1964/1964 1924/1962/1962 
f 1940/1978/1978 1924/1962/1962 1921/1959/1959 
f 1940/1978/1978 1935/1973/1973 1926/1964/1964 
f 1941/1979/1979 1935/1973/1973 1940/1978/1978 
f 1937/1975/1975 1935/1973/1973 1941/1979/1979 
f 1937/1975/1975 1941/1979/1979 1939/1977/1977 
f 1942/1980/1980 1939/1977/1977 1941/1979/1979 
f 1938/1976/1976 1939/1977/1977 1942/1980/1980 
f 1942/1980/1980 1941/1979/1979 1943/1981/1981 
f 1940/1978/1978 1921/1959/1959 1944/1982/1982 
f 1944/1982/1982 1921/1959/1959 1918/1956/1956 
f 1943/1981/1981 1941/1979/1979 1945/1983/1983 
f 1945/1983/1983 1940/1978/1978 1944/1982/1982 
f 1941/1979/1979 1940/1978/1978 1945/1983/1983 
f 1943/1981/1981 1945/1983/1983 1946/1984/1984 
f 1946/1984/1984 1945/1983/1983 1947/1985/1985 
f 1945/1983/1983 1944/1982/1982 1947/1985/1985 
f 1946/1984/1984 1947/1985/1985 1948/1986/1986 
f 1944/1982/1982 1918/1956/1956 1949/1987/1987 
f 1947/1985/1985 1944/1982/1982 1949/1987/1987 
f 1949/1987/1987 1918/1956/1956 1913/1951/1951 
f 1950/1988/1988 1951/1989/1989 1952/1990/1990 
f 1950/1988/1988 1952/1990/1990 1953/1991/1991 
f 1757/1795/1795 1954/1992/1992 1913/1951/1951 
f 1949/1987/1987 1913/1951/1951 1954/1992/1992 
f 1757/1795/1795 1758/1796/1796 1954/1992/1992 
f 1686/1708/1708 1685/1707/1707 1955/1993/1993 
f 1686/1708/1708 1955/1993/1993 1758/1796/1796 
f 1947/1985/1985 1949/1987/1987 1956/1994/1994 
f 1956/1994/1994 1949/1987/1987 1954/1992/1992 
f 1956/1994/1994 1954/1992/1992 1957/1995/1995 
f 1953/1991/1991 1957/1995/1995 1950/1988/1988 
f 1953/1991/1991 1956/1994/1994 1957/1995/1995 
f 1955/1993/1993 1950/1988/1988 1957/1995/1995 
f 1957/1995/1995 1758/1796/1796 1955/1993/1993 
f 1957/1995/1995 1954/1992/1992 1758/1796/1796 
f 1958/1996/1996 1950/1988/1988 1955/1993/1993 
f 1685/1707/1707 1684/1706/1706 1958/1996/1996 
f 1958/1996/1996 1951/1989/1989 1950/1988/1988 
f 1685/1707/1707 1958/1996/1996 1955/1993/1993 
f 1956/1994/1994 1959/1997/1997 1947/1985/1985 
f 1959/1997/1997 1948/1986/1986 1947/1985/1985 
f 1956/1994/1994 1953/1991/1991 1959/1997/1997 
f 1953/1991/1991 1952/1990/1990 1960/1998/1998 
f 1953/1991/1991 1960/1998/1998 1959/1997/1997 
f 1961/1999/1999 1962/2000/2000 1963/2001/2001 
f 1961/1999/1999 1963/2001/2001 1726/1763/1763 
f 1964/2002/2002 1961/1999/1999 1726/1763/1763 
f 1964/2002/2002 1726/1763/1763 1725/1762/1762 
f 1965/2003/2003 1725/1762/1762 1727/1764/1764 
f 1965/2003/2003 1964/2002/2002 1725/1762/1762 
f 1966/2004/2004 1965/2003/2003 1727/1764/1764 
f 1966/2004/2004 1727/1764/1764 1728/1765/1765 
f 1729/1766/1766 1732/1769/1769 1967/2005/2005 
f 1967/2005/2005 1966/2004/2004 1728/1765/1765 
f 1967/2005/2005 1728/1765/1765 1729/1766/1766 
f 1968/2006/2006 1733/1770/1770 1734/1771/1771 
f 1967/2005/2005 1732/1769/1769 1968/2006/2006 
f 1732/1769/1769 1733/1770/1770 1968/2006/2006 
f 1969/2007/2007 1964/2002/2002 1965/2003/2003 
f 1961/1999/1999 1964/2002/2002 1970/2008/2008 
f 1969/2007/2007 1970/2008/2008 1964/2002/2002 
f 1971/2009/2009 1965/2003/2003 1966/2004/2004 
f 1971/2009/2009 1969/2007/2007 1965/2003/2003 
f 1972/2010/2010 1971/2009/2009 1966/2004/2004 
f 1972/2010/2010 1966/2004/2004 1967/2005/2005 
f 1967/2005/2005 1968/2006/2006 1972/2010/2010 
f 1968/2006/2006 1734/1771/1771 1973/2011/2011 
f 1973/2011/2011 1734/1771/1771 1735/1772/1772 
f 1974/2012/2012 1972/2010/2010 1968/2006/2006 
f 1974/2012/2012 1968/2006/2006 1973/2011/2011 
f 1971/2009/2009 1972/2010/2010 1974/2012/2012 
f 1969/2007/2007 1971/2009/2009 1975/2013/2013 
f 1971/2009/2009 1974/2012/2012 1975/2013/2013 
f 1970/2008/2008 1969/2007/2007 1976/2014/2014 
f 1969/2007/2007 1975/2013/2013 1976/2014/2014 
f 1970/2008/2008 1976/2014/2014 1977/2015/2015 
f 1978/2016/2016 1970/2008/2008 1977/2015/2015 
f 1961/1999/1999 1970/2008/2008 1978/2016/2016 
f 1979/2017/2017 1962/2000/2000 1961/1999/1999 
f 1979/2017/2017 1961/1999/1999 1978/2016/2016 
f 1979/2017/2017 1980/2018/2018 1962/2000/2000 
f 1938/1976/1976 1942/1980/1980 1981/2019/2019 
f 1982/2020/2020 1936/1974/1974 1938/1976/1976 
f 1982/2020/2020 1741/1779/1779 1742/1780/1780 
f 1982/2020/2020 1742/1780/1780 1932/1970/1970 
f 1982/2020/2020 1932/1970/1970 1936/1974/1974 
f 1741/1779/1779 1982/2020/2020 1983/2021/2021 
f 1741/1779/1779 1983/2021/2021 1740/1778/1778 
f 1938/1976/1976 1981/2019/2019 1983/2021/2021 
f 1938/1976/1976 1983/2021/2021 1982/2020/2020 
f 1983/2021/2021 1981/2019/2019 1984/2022/2022 
f 1984/2022/2022 1981/2019/2019 1942/1980/1980 
f 1985/2023/2023 1740/1778/1778 1983/2021/2021 
f 1739/1777/1777 1740/1778/1778 1985/2023/2023 
f 1983/2021/2021 1984/2022/2022 1985/2023/2023 
f 1739/1777/1777 1985/2023/2023 1986/2024/2024 
f 1987/2025/2025 1738/1775/1775 1739/1777/1777 
f 1987/2025/2025 1739/1777/1777 1986/2024/2024 
f 1737/1776/1776 1738/1775/1775 1987/2025/2025 
f 1737/1776/1776 1987/2025/2025 1988/2026/2026 
f 1737/1774/1774 1988/2027/2027 1736/1773/1773 
f 1735/1772/1772 1736/1773/1773 1989/2028/2028 
f 1988/2027/2027 1989/2028/2028 1736/1773/1773 
f 1973/2011/2011 1735/1772/1772 1990/2029/2029 
f 1735/1772/1772 1989/2028/2028 1990/2029/2029 
f 1973/2011/2011 1991/2030/2030 1974/2012/2012 
f 1973/2011/2011 1990/2029/2029 1991/2030/2030 
f 1974/2012/2012 1992/2031/2031 1975/2013/2013 
f 1974/2012/2012 1991/2030/2030 1992/2031/2031 
f 1975/2013/2013 1993/2032/2032 1976/2014/2014 
f 1975/2013/2013 1992/2031/2031 1993/2032/2032 
f 1976/2014/2014 1994/2033/2033 1977/2015/2015 
f 1976/2014/2014 1993/2032/2032 1994/2033/2033 
f 1977/2015/2015 1994/2033/2033 1995/2034/2034 
f 1977/2015/2015 1995/2034/2034 1978/2016/2016 
f 1979/2017/2017 1978/2016/2016 1995/2034/2034 
f 1979/2017/2017 1995/2034/2034 1996/2035/2035 
f 1997/2036/2036 1684/1706/1706 1724/1761/1761 
f 1997/2036/2036 1958/1996/1996 1684/1706/1706 
f 1998/2037/2037 1958/1996/1996 1997/2036/2036 
f 1998/2037/2037 1951/1989/1989 1958/1996/1996 
f 1999/2038/2038 1997/2036/2036 1724/1761/1761 
f 1999/2038/2038 2000/2039/2039 1997/2036/2036 
f 1999/2038/2038 2001/2040/2040 2000/2039/2039 
f 2000/2039/2039 1998/2037/2037 1997/2036/2036 
f 2002/2041/2041 1951/1989/1989 1998/2037/2037 
f 2002/2041/2041 1952/1990/1990 1951/1989/1989 
f 2003/2042/2042 1998/2037/2037 2000/2039/2039 
f 2003/2042/2042 2002/2041/2041 1998/2037/2037 
f 1996/2035/2035 1995/2034/2034 2004/2043/2043 
f 2004/2043/2043 1995/2034/2034 1994/2033/2033 
f 1996/2035/2035 2004/2043/2043 2005/2044/2044 
f 2006/2045/2045 1994/2033/2033 1993/2032/2032 
f 2004/2043/2043 1994/2033/2033 2006/2045/2045 
f 2007/2046/2046 2004/2043/2043 2006/2045/2045 
f 2007/2046/2046 2005/2044/2044 2004/2043/2043 
f 2007/2046/2046 2008/2047/2047 2005/2044/2044 
f 2009/2048/2048 2008/2047/2047 2007/2046/2046 
f 2009/2048/2048 2010/2049/2049 2008/2047/2047 
f 2011/2050/2050 2010/2049/2049 2009/2048/2048 
f 2011/2050/2050 2012/2051/2051 2010/2049/2049 
f 2013/2052/2052 2012/2051/2051 2011/2050/2050 
f 2013/2052/2052 2014/2053/2053 2012/2051/2051 
f 2015/2054/2054 2014/2053/2053 2013/2052/2052 
f 2015/2054/2054 2013/2052/2052 2016/2055/2055 
f 2017/2056/2056 2015/2057/2057 2016/2058/2058 
f 2017/2056/2056 2016/2058/2058 2018/2059/2059 
f 2019/2060/2060 2017/2056/2056 2018/2059/2059 
f 2019/2060/2060 2018/2059/2059 2020/2061/2061 
f 2021/2062/2062 2019/2060/2060 2020/2061/2061 
f 2021/2062/2062 2020/2061/2061 2022/2063/2063 
f 2021/2062/2062 2022/2063/2063 2023/2064/2064 
f 2022/2063/2063 2024/2065/2065 2023/2064/2064 
f 2025/2066/2066 2023/2064/2064 2024/2065/2065 
f 2001/2040/2040 2025/2066/2066 2000/2039/2039 
f 2000/2039/2039 2025/2066/2066 2026/2067/2067 
f 2025/2066/2066 2024/2065/2065 2026/2067/2067 
f 2000/2039/2039 2026/2067/2067 2003/2042/2042 
f 1952/1990/1990 2002/2041/2041 2027/2068/2068 
f 2027/2068/2068 2002/2041/2041 2003/2042/2042 
f 1952/1990/1990 2027/2068/2068 1960/1998/1998 
f 2028/2069/2069 1959/1997/1997 1960/1998/1998 
f 1960/1998/1998 2027/2068/2068 2028/2069/2069 
f 2028/2069/2069 1948/1986/1986 1959/1997/1997 
f 2003/2042/2042 2029/2070/2070 2027/2068/2068 
f 2003/2042/2042 2026/2067/2067 2029/2070/2070 
f 2028/2069/2069 2027/2068/2068 2029/2070/2070 
f 2024/2065/2065 2029/2070/2070 2026/2067/2067 
f 2030/2071/2071 2024/2065/2065 2022/2063/2063 
f 2024/2065/2065 2030/2071/2071 2029/2070/2070 
f 2030/2071/2071 2022/2063/2063 2031/2072/2072 
f 2031/2072/2072 2022/2063/2063 2020/2061/2061 
f 2032/2073/2073 2020/2061/2061 2018/2059/2059 
f 2031/2072/2072 2020/2061/2061 2032/2073/2073 
f 2033/2074/2074 2018/2059/2059 2016/2058/2058 
f 2032/2073/2073 2018/2059/2059 2033/2074/2074 
f 2033/2074/2074 2016/2058/2058 2034/2075/2075 
f 2035/2076/2076 2013/2052/2052 2011/2050/2050 
f 2013/2052/2052 2034/2077/2077 2016/2055/2055 
f 2013/2052/2052 2035/2076/2076 2034/2077/2077 
f 2009/2048/2048 2036/2078/2078 2011/2050/2050 
f 2035/2076/2076 2011/2050/2050 2036/2078/2078 
f 2009/2048/2048 2037/2079/2079 2036/2078/2078 
f 2006/2045/2045 1993/2032/2032 2038/2080/2080 
f 2038/2080/2080 1993/2032/2032 1992/2031/2031 
f 2039/2081/2081 2006/2045/2045 2038/2080/2080 
f 2009/2048/2048 2007/2046/2046 2039/2081/2081 
f 2009/2048/2048 2039/2081/2081 2037/2079/2079 
f 2007/2046/2046 2006/2045/2045 2039/2081/2081 
f 1948/1986/1986 2028/2069/2069 2040/2082/2082 
f 1948/1986/1986 2040/2082/2082 1946/1984/1984 
f 2028/2069/2069 2029/2070/2070 2041/2083/2083 
f 2041/2083/2083 2029/2070/2070 2030/2071/2071 
f 2040/2082/2082 2028/2069/2069 2041/2083/2083 
f 2040/2082/2082 2041/2083/2083 2042/2084/2084 
f 2041/2083/2083 2030/2071/2071 2042/2084/2084 
f 2042/2084/2084 2030/2071/2071 2031/2072/2072 
f 2040/2082/2082 2042/2084/2084 2043/2085/2085 
f 2043/2085/2085 2042/2084/2084 2044/2086/2086 
f 2044/2086/2086 2031/2072/2072 2032/2073/2073 
f 2042/2084/2084 2031/2072/2072 2044/2086/2086 
f 2044/2086/2086 2032/2073/2073 2045/2087/2087 
f 2045/2087/2087 2032/2073/2073 2033/2074/2074 
f 2046/2088/2088 2033/2074/2074 2034/2075/2075 
f 2045/2087/2087 2033/2074/2074 2046/2088/2088 
f 2046/2088/2088 2034/2075/2075 2047/2089/2089 
f 2047/2090/2090 2034/2077/2077 2035/2076/2076 
f 2047/2090/2090 2035/2076/2076 2048/2091/2091 
f 2049/2092/2092 2035/2076/2076 2036/2078/2078 
f 2049/2092/2092 2048/2091/2091 2035/2076/2076 
f 2050/2093/2093 2036/2078/2078 2037/2079/2079 
f 2050/2093/2093 2049/2092/2092 2036/2078/2078 
f 2051/2094/2094 1992/2031/2031 1991/2030/2030 
f 2038/2080/2080 1992/2031/2031 2051/2094/2094 
f 2052/2095/2095 2037/2079/2079 2039/2081/2081 
f 2052/2095/2095 2050/2093/2093 2037/2079/2079 
f 2039/2081/2081 2038/2080/2080 2052/2095/2095 
f 2052/2095/2095 2038/2080/2080 2051/2094/2094 
f 2051/2094/2094 1991/2030/2030 2053/2096/2096 
f 2054/2097/2097 2050/2093/2093 2052/2095/2095 
f 2054/2097/2097 2051/2094/2094 2053/2096/2096 
f 2052/2095/2095 2051/2094/2094 2054/2097/2097 
f 2054/2097/2097 2055/2098/2098 2050/2093/2093 
f 2049/2092/2092 2050/2093/2093 2055/2098/2098 
f 2048/2091/2091 2049/2092/2092 2056/2099/2099 
f 2049/2092/2092 2055/2098/2098 2056/2099/2099 
f 2048/2091/2091 2056/2099/2099 2057/2100/2100 
f 2058/2101/2101 2048/2091/2091 2057/2100/2100 
f 2058/2101/2101 2047/2090/2090 2048/2091/2091 
f 2059/2102/2102 2046/2088/2088 2047/2089/2089 
f 2059/2102/2102 2047/2089/2089 2058/2103/2103 
f 2060/2104/2104 2045/2087/2087 2046/2088/2088 
f 2060/2104/2104 2046/2088/2088 2059/2102/2102 
f 1946/1984/1984 2040/2082/2082 2061/2105/2105 
f 1946/1984/1984 2061/2105/2105 1943/1981/1981 
f 2061/2105/2105 2040/2082/2082 2043/2085/2085 
f 2043/2085/2085 2044/2086/2086 2062/2106/2106 
f 2062/2106/2106 2044/2086/2086 2045/2087/2087 
f 2062/2106/2106 2045/2087/2087 2060/2104/2104 
f 2061/2105/2105 2043/2085/2085 2062/2106/2106 
f 1984/2022/2022 1942/1980/1980 2063/2107/2107 
f 1943/1981/1981 2061/2105/2105 2063/2107/2107 
f 1943/1981/1981 2063/2107/2107 1942/1980/1980 
f 1984/2022/2022 2064/2108/2108 1985/2023/2023 
f 1984/2022/2022 2063/2107/2107 2064/2108/2108 
f 1986/2024/2024 1985/2023/2023 2064/2108/2108 
f 1986/2024/2024 2064/2108/2108 2065/2109/2109 
f 1986/2024/2024 2066/2110/2110 1987/2025/2025 
f 1986/2024/2024 2065/2109/2109 2066/2110/2110 
f 1987/2025/2025 2067/2111/2111 1988/2026/2026 
f 1987/2025/2025 2066/2110/2110 2067/2111/2111 
f 1988/2027/2027 2067/2112/2112 2068/2113/2113 
f 1988/2027/2027 2068/2113/2113 1989/2028/2028 
f 1989/2028/2028 2068/2113/2113 2069/2114/2114 
f 1989/2028/2028 2069/2114/2114 1990/2029/2029 
f 1991/2030/2030 1990/2029/2029 2069/2114/2114 
f 1991/2030/2030 2069/2114/2114 2053/2096/2096 
f 2070/2115/2115 2053/2096/2096 2069/2114/2114 
f 2056/2099/2099 2055/2098/2098 2070/2115/2115 
f 2054/2097/2097 2053/2096/2096 2070/2115/2115 
f 2054/2097/2097 2070/2115/2115 2055/2098/2098 
f 2070/2115/2115 2069/2114/2114 2071/2116/2116 
f 2071/2116/2116 2069/2114/2114 2068/2113/2113 
f 2056/2099/2099 2070/2115/2115 2072/2117/2117 
f 2072/2117/2117 2070/2115/2115 2071/2116/2116 
f 2057/2100/2100 2056/2099/2099 2072/2117/2117 
f 2072/2117/2117 2071/2116/2116 2073/2118/2118 
f 2073/2118/2118 2068/2113/2113 2067/2112/2112 
f 2071/2116/2116 2068/2113/2113 2073/2118/2118 
f 2061/2105/2105 2062/2106/2106 2074/2119/2119 
f 2074/2119/2119 2062/2106/2106 2060/2104/2104 
f 2063/2107/2107 2061/2105/2105 2074/2119/2119 
f 2063/2107/2107 2074/2119/2119 2075/2120/2120 
f 2064/2108/2108 2063/2107/2107 2075/2120/2120 
f 2074/2119/2119 2060/2104/2104 2076/2121/2121 
f 2075/2120/2120 2074/2119/2119 2076/2121/2121 
f 2076/2121/2121 2060/2104/2104 2059/2102/2102 
f 2075/2120/2120 2076/2121/2121 2077/2122/2122 
f 2064/2108/2108 2077/2122/2122 2065/2109/2109 
f 2064/2108/2108 2075/2120/2120 2077/2122/2122 
f 2076/2121/2121 2059/2102/2102 2078/2123/2123 
f 2077/2122/2122 2076/2121/2121 2078/2123/2123 
f 2078/2123/2123 2059/2102/2102 2058/2103/2103 
f 2065/2109/2109 2079/2124/2124 2066/2110/2110 
f 2065/2109/2109 2077/2122/2122 2079/2124/2124 
f 2077/2122/2122 2078/2123/2123 2079/2124/2124 
f 2078/2123/2123 2058/2103/2103 2080/2125/2125 
f 2079/2124/2124 2078/2123/2123 2080/2125/2125 
f 2066/2110/2110 2079/2124/2124 2081/2126/2126 
f 2066/2110/2110 2081/2126/2126 2067/2111/2111 
f 2079/2124/2124 2080/2125/2125 2081/2126/2126 
f 2057/2100/2100 2072/2117/2117 2082/2127/2127 
f 2057/2100/2100 2082/2127/2127 2058/2101/2101 
f 2082/2127/2127 2072/2117/2117 2073/2118/2118 
f 2082/2127/2127 2073/2118/2118 2081/2128/2128 
f 2073/2118/2118 2067/2112/2112 2081/2128/2128 
f 2081/2128/2128 2080/2129/2129 2082/2127/2127 
f 2082/2127/2127 2080/2129/2129 2058/2101/2101 
f 2083/2130/2130 1726/1763/1763 1963/2001/2001 
f 1722/1759/1759 1721/1758/1758 2083/2130/2130 
f 2083/2130/2130 1721/1758/1758 1726/1763/1763 
f 2084/2131/2131 1825/1863/1863 1778/1816/1816 
f 2084/2131/2131 1778/1816/1816 1722/1759/1759 
f 1722/1759/1759 2083/2130/2130 2084/2131/2131 
f 2084/2131/2131 2083/2130/2130 2085/2132/2132 
f 2086/2133/2133 1825/1863/1863 2084/2131/2131 
f 2086/2133/2133 2084/2131/2131 2085/2132/2132 
f 2086/2133/2133 1830/1868/1868 1828/1866/1866 
f 2086/2133/2133 1828/1866/1866 1825/1863/1863 
f 2086/2133/2133 2085/2132/2132 2087/2134/2134 
f 2086/2133/2133 2088/2135/2135 1830/1868/1868 
f 1780/1818/1818 1830/1868/1868 2088/2135/2135 
f 1780/1818/1818 2088/2135/2135 1781/1819/1819 
f 2088/2135/2135 2086/2133/2133 2087/2134/2134 
f 2089/2136/2136 1723/1760/1760 1781/1819/1819 
f 2089/2136/2136 1724/1761/1761 1723/1760/1760 
f 1999/2038/2038 1724/1761/1761 2089/2136/2136 
f 2088/2135/2135 2087/2134/2134 2090/2137/2137 
f 1781/1819/1819 2088/2135/2135 2090/2137/2137 
f 1781/1819/1819 2090/2137/2137 2089/2136/2136 
f 2091/2138/2138 1979/2017/2017 1996/2035/2035 
f 2091/2138/2138 1996/2035/2035 2005/2044/2044 
f 2091/2138/2138 1980/2018/2018 1979/2017/2017 
f 2092/2139/2139 2005/2044/2044 2008/2047/2047 
f 2091/2138/2138 2005/2044/2044 2092/2139/2139 
f 2092/2139/2139 2008/2047/2047 2093/2140/2140 
f 2008/2047/2047 2010/2049/2049 2094/2141/2141 
f 2093/2140/2140 2008/2047/2047 2094/2141/2141 
f 2010/2049/2049 2012/2051/2051 2095/2142/2142 
f 2095/2142/2142 2012/2051/2051 2014/2053/2053 
f 2094/2141/2141 2010/2049/2049 2095/2142/2142 
f 2095/2142/2142 2014/2053/2053 2096/2143/2143 
f 2014/2053/2053 2015/2054/2054 2097/2144/2144 
f 2096/2143/2143 2014/2053/2053 2097/2144/2144 
f 2098/2145/2145 2015/2057/2057 2017/2056/2056 
f 2098/2145/2145 2097/2146/2146 2015/2057/2057 
f 2099/2147/2147 2098/2145/2145 2017/2056/2056 
f 2099/2147/2147 2017/2056/2056 2019/2060/2060 
f 2100/2148/2148 2019/2060/2060 2021/2062/2062 
f 2100/2148/2148 2021/2062/2062 2023/2064/2064 
f 2100/2148/2148 2099/2147/2147 2019/2060/2060 
f 2100/2148/2148 2023/2064/2064 2101/2149/2149 
f 2102/2150/2150 2101/2149/2149 2023/2064/2064 
f 2102/2150/2150 2023/2064/2064 2025/2066/2066 
f 2001/2040/2040 2102/2150/2150 2025/2066/2066 
f 2103/2151/2151 1963/2001/2001 1962/2000/2000 
f 2103/2151/2151 1962/2000/2000 2104/2152/2152 
f 2105/2153/2153 1962/2000/2000 1980/2018/2018 
f 2105/2153/2153 2104/2152/2152 1962/2000/2000 
f 2106/2154/2154 2001/2040/2040 1999/2038/2038 
f 2106/2154/2154 1999/2038/2038 2107/2155/2155 
f 2107/2155/2155 1999/2038/2038 2089/2136/2136 
f 2108/2156/2156 2083/2130/2130 1963/2001/2001 
f 2108/2156/2156 1963/2001/2001 2103/2151/2151 
f 2108/2156/2156 2085/2132/2132 2083/2130/2130 
f 2108/2156/2156 2109/2157/2157 2085/2132/2132 
f 2109/2157/2157 2087/2134/2134 2085/2132/2132 
f 2110/2158/2158 2090/2137/2137 2087/2134/2134 
f 2109/2157/2157 2110/2158/2158 2087/2134/2134 
f 2111/2159/2159 2089/2136/2136 2090/2137/2137 
f 2107/2155/2155 2089/2136/2136 2111/2159/2159 
f 2110/2158/2158 2112/2160/2160 2090/2137/2137 
f 2111/2159/2159 2090/2137/2137 2112/2160/2160 
f 2113/2161/2161 2105/2153/2153 1980/2018/2018 
f 2113/2161/2161 1980/2018/2018 2091/2138/2138 
f 2113/2161/2161 2091/2138/2138 2114/2162/2162 
f 2091/2138/2138 2092/2139/2139 2114/2162/2162 
f 2115/2163/2163 2114/2162/2162 2092/2139/2139 
f 2115/2163/2163 2092/2139/2139 2093/2140/2140 
f 2116/2164/2164 2093/2140/2140 2094/2141/2141 
f 2116/2164/2164 2115/2163/2163 2093/2140/2140 
f 2116/2164/2164 2094/2141/2141 2117/2165/2165 
f 2094/2141/2141 2095/2142/2142 2117/2165/2165 
f 2095/2142/2142 2096/2143/2143 2118/2166/2166 
f 2117/2165/2165 2095/2142/2142 2118/2166/2166 
f 2118/2166/2166 2096/2143/2143 2119/2167/2167 
f 2096/2143/2143 2097/2144/2144 2119/2167/2167 
f 2097/2146/2146 2098/2145/2145 2120/2168/2168 
f 2119/2169/2169 2097/2146/2146 2120/2168/2168 
f 2121/2170/2170 2098/2145/2145 2099/2147/2147 
f 2121/2170/2170 2120/2168/2168 2098/2145/2145 
f 2122/2171/2171 2099/2147/2147 2100/2148/2148 
f 2122/2171/2171 2100/2148/2148 2101/2149/2149 
f 2122/2171/2171 2121/2170/2170 2099/2147/2147 
f 2123/2172/2172 2101/2149/2149 2102/2150/2150 
f 2122/2171/2171 2101/2149/2149 2123/2172/2172 
f 2123/2172/2172 2102/2150/2150 2124/2173/2173 
f 2124/2173/2173 2001/2040/2040 2106/2154/2154 
f 2124/2173/2173 2102/2150/2150 2001/2040/2040 
f 2103/2151/2151 2104/2152/2152 2125/2174/2174 
f 2126/2175/2175 2103/2151/2151 2125/2174/2174 
f 2127/2176/2176 2104/2152/2152 2105/2153/2153 
f 2127/2176/2176 2125/2174/2174 2104/2152/2152 
f 2106/2154/2154 2107/2155/2155 2128/2177/2177 
f 2129/2178/2178 2106/2154/2154 2128/2177/2177 
f 2130/2179/2179 2109/2157/2157 2108/2156/2156 
f 2130/2179/2179 2108/2156/2156 2103/2151/2151 
f 2130/2179/2179 2103/2151/2151 2126/2175/2175 
f 2130/2179/2179 2131/2180/2180 2109/2157/2157 
f 2110/2158/2158 2109/2157/2157 2131/2180/2180 
f 2132/2181/2181 2110/2158/2158 2131/2180/2180 
f 2112/2160/2160 2110/2158/2158 2132/2181/2181 
f 2128/2177/2177 2107/2155/2155 2133/2182/2182 
f 2107/2155/2155 2111/2159/2159 2133/2182/2182 
f 2111/2159/2159 2112/2160/2160 2134/2183/2183 
f 2134/2183/2183 2112/2160/2160 2132/2181/2181 
f 2133/2182/2182 2111/2159/2159 2134/2183/2183 
f 2135/2184/2184 2105/2153/2153 2113/2161/2161 
f 2135/2184/2184 2127/2176/2176 2105/2153/2153 
f 2113/2161/2161 2114/2162/2162 2136/2185/2185 
f 2135/2184/2184 2113/2161/2161 2136/2185/2185 
f 2137/2186/2186 2114/2162/2162 2115/2163/2163 
f 2137/2186/2186 2136/2185/2185 2114/2162/2162 
f 2137/2186/2186 2115/2163/2163 2138/2187/2187 
f 2115/2163/2163 2116/2164/2164 2138/2187/2187 
f 2116/2164/2164 2117/2165/2165 2139/2188/2188 
f 2138/2187/2187 2116/2164/2164 2139/2188/2188 
f 2117/2165/2165 2118/2166/2166 2140/2189/2189 
f 2139/2188/2188 2117/2165/2165 2140/2189/2189 
f 2140/2189/2189 2118/2166/2166 2141/2190/2190 
f 2118/2166/2166 2119/2167/2167 2141/2190/2190 
f 2119/2169/2169 2120/2168/2168 2142/2191/2191 
f 2141/2192/2192 2119/2169/2169 2142/2191/2191 
f 2120/2168/2168 2121/2170/2170 2143/2193/2193 
f 2142/2191/2191 2120/2168/2168 2143/2193/2193 
f 2143/2193/2193 2121/2170/2170 2144/2194/2194 
f 2121/2170/2170 2122/2171/2171 2144/2194/2194 
f 2145/2195/2195 2123/2172/2172 2124/2173/2173 
f 2122/2171/2171 2123/2172/2172 2145/2195/2195 
f 2144/2194/2194 2122/2171/2171 2145/2195/2195 
f 2145/2195/2195 2124/2173/2173 2146/2196/2196 
f 2146/2196/2196 2106/2154/2154 2129/2178/2178 
f 2146/2196/2196 2124/2173/2173 2106/2154/2154 
f 2147/2197/2197 2148/2198/2198 2149/2199/2198 
f 2147/2197/2197 2149/2199/2198 2150/2200/2198 
f 2151/2201/2199 2128/2177/2177 2133/2182/2182 
f 2152/2202/2200 2133/2182/2182 2134/2183/2183 
f 2153/2203/2201 2151/2201/2199 2152/2202/2200 
f 2151/2201/2199 2133/2182/2182 2152/2202/2200 
f 2152/2202/2200 2134/2183/2183 2154/2204/2202 
f 2153/2203/2201 2152/2202/2200 2154/2204/2202 
f 2155/2205/2198 2156/2206/2198 2157/2207/2198 
f 2158/2208/2198 2157/2207/2198 2156/2206/2198 
f 2157/2207/2198 2158/2208/2198 2159/2209/2198 
f 2158/2208/2198 2160/2210/2198 2159/2209/2198 
f 2160/2210/2198 2161/2211/2198 2159/2209/2198 
f 2162/2212/2198 2159/2209/2198 2161/2211/2198 
f 2163/2213/2198 2150/2200/2198 2149/2199/2198 
f 2162/2212/2198 2161/2211/2198 2163/2213/2198 
f 2163/2213/2198 2149/2199/2198 2162/2212/2198 
f 2153/2203/2201 2150/2200/2198 2164/2214/2203 
f 2164/2214/2203 2151/2201/2199 2153/2203/2201 
f 2165/2215/2204 2128/2177/2177 2151/2201/2199 
f 2164/2214/2203 2165/2215/2204 2151/2201/2199 
f 2165/2215/2204 2129/2178/2178 2128/2177/2177 
f 2147/2197/2197 2150/2200/2198 2166/2216/2205 
f 2154/2204/2202 2166/2216/2205 2153/2203/2201 
f 2153/2203/2201 2166/2216/2205 2150/2200/2198 
f 2167/2217/2206 2125/2174/2174 2127/2176/2176 
f 2167/2217/2206 2147/2197/2197 2168/2218/2207 
f 2147/2197/2197 2166/2216/2205 2168/2218/2207 
f 2167/2217/2206 2168/2218/2207 2169/2219/2208 
f 2169/2219/2208 2125/2174/2174 2167/2217/2206 
f 2169/2219/2208 2126/2175/2175 2125/2174/2174 
f 2170/2220/2198 2171/2221/2198 2172/2222/2209 
f 2173/2223/2210 2145/2195/2195 2146/2196/2196 
f 2173/2223/2210 2144/2194/2194 2145/2195/2195 
f 2173/2223/2210 2172/2222/2209 2144/2194/2194 
f 2170/2220/2198 2172/2222/2209 2173/2223/2210 
f 2163/2213/2198 2161/2211/2198 2174/2224/2198 
f 2174/2224/2198 2171/2221/2198 2170/2220/2198 
f 2174/2224/2198 2175/2225/2198 2171/2221/2198 
f 2161/2211/2198 2175/2225/2198 2174/2224/2198 
f 2161/2211/2198 2160/2210/2198 2175/2225/2198 
f 2157/2207/2198 2159/2209/2198 2176/2226/2198 
f 2155/2205/2198 2157/2207/2198 2176/2226/2198 
f 2155/2205/2198 2176/2226/2198 2177/2227/2198 
f 2178/2228/2211 2129/2178/2178 2165/2215/2204 
f 2178/2228/2211 2146/2196/2196 2129/2178/2178 
f 2173/2223/2210 2146/2196/2196 2178/2228/2211 
f 2178/2228/2211 2170/2220/2198 2173/2223/2210 
f 2165/2215/2204 2179/2229/2198 2178/2228/2211 
f 2178/2228/2211 2179/2229/2198 2170/2220/2198 
f 2165/2215/2204 2164/2214/2203 2179/2229/2198 
f 2179/2229/2198 2164/2214/2203 2180/2230/2198 
f 2180/2230/2198 2170/2220/2198 2179/2229/2198 
f 2180/2230/2198 2164/2214/2203 2150/2200/2198 
f 2180/2230/2198 2150/2200/2198 2163/2213/2198 
f 2163/2213/2198 2174/2224/2198 2180/2230/2198 
f 2180/2230/2198 2174/2224/2198 2170/2220/2198 
f 2176/2226/2198 2181/2231/2198 2177/2227/2198 
f 2159/2209/2198 2182/2232/2198 2176/2226/2198 
f 2159/2209/2198 2162/2212/2198 2182/2232/2198 
f 2176/2226/2198 2182/2232/2198 2181/2231/2198 
f 2181/2231/2198 2182/2232/2198 2183/2233/2198 
f 2148/2198/2198 2183/2233/2198 2149/2199/2198 
f 2162/2212/2198 2149/2199/2198 2183/2233/2198 
f 2162/2212/2198 2183/2233/2198 2182/2232/2198 
f 2181/2231/2198 2183/2233/2198 2184/2234/2198 
f 2184/2234/2198 2183/2233/2198 2148/2198/2198 
f 2184/2234/2198 2148/2198/2198 2185/2235/2197 
f 2147/2197/2197 2185/2235/2197 2148/2198/2198 
f 2147/2197/2197 2167/2217/2206 2185/2235/2197 
f 2160/2210/2198 2186/2236/2198 2175/2225/2198 
f 2175/2225/2198 2187/2237/2198 2171/2221/2198 
f 2187/2237/2198 2172/2222/2209 2171/2221/2198 
f 2175/2225/2198 2186/2236/2198 2187/2237/2198 
f 2160/2210/2198 2188/2238/2198 2186/2236/2198 
f 2188/2238/2198 2160/2210/2198 2158/2208/2198 
f 2189/2239/2198 2188/2238/2198 2158/2208/2198 
f 2158/2208/2198 2156/2206/2198 2189/2239/2198 
f 2190/2240/2212 2132/2181/2181 2131/2180/2180 
f 2169/2219/2208 2168/2218/2207 2190/2240/2212 
f 2191/2241/2213 2130/2179/2179 2126/2175/2175 
f 2191/2241/2213 2126/2175/2175 2169/2219/2208 
f 2191/2241/2213 2190/2240/2212 2131/2180/2180 
f 2191/2241/2213 2131/2180/2180 2130/2179/2179 
f 2169/2219/2208 2190/2240/2212 2191/2241/2213 
f 2168/2218/2207 2166/2216/2205 2192/2242/2214 
f 2168/2218/2207 2192/2242/2214 2190/2240/2212 
f 2190/2240/2212 2192/2242/2214 2132/2181/2181 
f 2192/2242/2214 2134/2183/2183 2132/2181/2181 
f 2192/2242/2214 2154/2204/2202 2134/2183/2183 
f 2154/2204/2202 2192/2242/2214 2166/2216/2205 
f 2167/2217/2206 2127/2176/2176 2185/2243/2215 
f 2185/2243/2215 2127/2176/2176 2135/2184/2184 
f 2184/2244/2216 2135/2184/2184 2136/2185/2185 
f 2185/2243/2215 2135/2184/2184 2184/2244/2216 
f 2184/2244/2216 2136/2185/2185 2181/2245/2217 
f 2177/2246/2218 2137/2186/2186 2138/2187/2187 
f 2177/2246/2218 2181/2245/2217 2136/2185/2185 
f 2177/2246/2218 2136/2185/2185 2137/2186/2186 
f 2177/2246/2218 2138/2187/2187 2155/2247/2219 
f 2155/2247/2219 2138/2187/2187 2156/2248/2220 
f 2138/2187/2187 2139/2188/2188 2156/2248/2220 
f 2189/2249/2221 2156/2248/2220 2139/2188/2188 
f 2189/2249/2221 2139/2188/2188 2140/2189/2189 
f 2188/2250/2222 2189/2249/2221 2140/2189/2189 
f 2188/2250/2222 2140/2189/2189 2141/2190/2190 
f 2188/2251/2223 2141/2192/2192 2142/2191/2191 
f 2188/2251/2223 2142/2191/2191 2186/2252/2224 
f 2186/2252/2224 2142/2191/2191 2143/2193/2193 
f 2186/2252/2224 2143/2193/2193 2187/2253/2225 
f 2187/2253/2225 2143/2193/2193 2144/2194/2194 
f 2187/2253/2225 2144/2194/2194 2172/2222/2209 
f 2193/2254/2226 2194/2255/2227 2195/2256/2228 
f 2193/2254/2226 2195/2256/2228 2196/2257/2229 
f 2195/2256/2228 2197/2258/2230 2196/2257/2229 
f 2197/2258/2230 2193/2254/2226 2196/2257/2229 
f 2197/2258/2230 2198/2259/2231 2193/2254/2226 
f 2199/2260/2232 2200/2261/2233 2201/2262/2234 
f 2199/2260/2232 2201/2262/2234 2202/2263/2235 
f 2201/2262/2234 2203/2264/2236 2202/2263/2235 
f 2202/2263/2235 2203/2264/2236 2204/2265/2237 
f 2202/2263/2235 2204/2265/2237 2205/2266/2238 
f 2205/2266/2238 2206/2267/2239 2207/2268/2240 
f 2205/2266/2238 2207/2268/2240 2202/2263/2235 
f 2202/2263/2235 2208/2269/2241 2199/2260/2232 
f 2202/2263/2235 2207/2268/2240 2208/2269/2241 
f 2201/2262/2234 2209/2270/2242 2203/2264/2236 
f 2210/2271/2243 2211/2272/2244 2212/2273/2245 
f 2210/2271/2243 2212/2273/2245 2213/2274/2246 
f 2213/2274/2246 2212/2273/2245 2214/2275/2247 
f 2213/2274/2246 2214/2275/2247 2215/2276/2248 
f 2213/2274/2246 2215/2276/2248 2216/2277/2249 
f 2213/2274/2246 2216/2277/2249 2210/2271/2243 
f 2217/2278/2250 2218/2279/2251 2219/2280/2252 
f 2217/2278/2250 2219/2280/2252 2220/2281/2253 
f 2219/2280/2252 2221/2282/2254 2222/2283/2255 
f 2219/2280/2252 2222/2283/2255 2220/2281/2253 
f 2220/2281/2253 2222/2283/2255 2223/2284/2256 
f 2220/2281/2253 2223/2284/2256 2224/2285/2257 
f 1209/1209/1209 1208/1208/1208 2225/2286/2258 
f 2225/2286/2258 1208/1208/1208 2226/2287/2259 
f 1193/1193/1193 2226/2287/2259 1208/1208/1208 
f 2225/2286/2258 2226/2287/2259 2227/2288/2260 
f 2225/2286/2258 2227/2288/2260 2228/2289/2261 
f 2227/2288/2260 2226/2287/2259 2229/2290/2262 
f 2227/2288/2260 2229/2290/2262 2230/2291/2263 
f 2231/2292/2264 2232/2293/2265 2233/2294/2266 
f 2231/2292/2264 2233/2294/2266 2234/2295/2267 
f 2231/2292/2264 2234/2295/2267 2235/2296/2268 
f 2231/2292/2264 2235/2296/2268 2236/2297/2269 
f 2231/2292/2264 2236/2297/2269 2237/2298/2270 
f 2231/2292/2264 2237/2298/2270 2232/2293/2265 
f 2238/2299/2271 2239/2300/2272 2240/2301/2273 
f 2238/2299/2271 2240/2301/2273 2241/2302/2274 
f 2238/2299/2271 2241/2302/2274 2242/2303/2275 
f 2238/2299/2271 2242/2303/2275 2243/2304/2276 
f 2238/2299/2271 2244/2305/2277 2239/2300/2272 
f 2238/2299/2271 2243/2304/2276 2244/2305/2277 
f 2245/2306/2278 2246/2307/2279 2247/2308/2280 
f 2245/2306/2278 2247/2308/2280 2248/2309/2281 
f 1310/1310/1310 2249/2310/2282 1879/1917/1917 
f 2250/2311/2283 2249/2310/2282 2251/2312/2284 
f 1310/1310/1310 2251/2312/2284 2249/2310/2282 
f 2251/2312/2284 1310/1310/1310 1309/1309/1309 
f 2250/2311/2283 2251/2312/2284 2252/2313/2285 
f 2252/2313/2285 2251/2312/2284 1309/1309/1309 
f 2252/2313/2285 1309/1309/1309 2253/2314/2286 
f 2253/2314/2286 2254/2315/2287 2255/2316/2288 
f 2253/2314/2286 2255/2316/2288 2252/2313/2285 
f 2256/2317/2289 2252/2313/2285 2255/2316/2288 
f 2256/2317/2289 2257/2318/2290 2252/2313/2285 
f 2257/2318/2290 2250/2311/2283 2252/2313/2285 
f 2257/2318/2290 2258/2319/2291 2250/2311/2283 
f 2258/2319/2291 2257/2318/2290 2256/2317/2289 
f 2259/2320/2292 2260/2321/2293 2261/2322/2294 
f 2259/2320/2292 2261/2322/2294 2262/2323/2295 
f 2262/2323/2295 2263/2324/2296 2264/2325/2297 
f 2262/2323/2295 2264/2325/2297 2259/2320/2292 
f 2262/2323/2295 2265/2326/2298 2263/2324/2296 
f 2262/2323/2295 2261/2322/2294 2265/2326/2298 
f 2266/2327/2299 2256/2317/2289 2255/2316/2288 
f 2266/2327/2299 2255/2316/2288 2267/2328/2300 
f 2267/2328/2300 2255/2316/2288 2254/2315/2287 
f 2266/2327/2299 2267/2328/2300 2268/2329/2301 
f 2266/2327/2299 2268/2329/2301 2269/2330/2302 
f 2269/2330/2302 2256/2317/2289 2266/2327/2299 
f 2210/2271/2243 2270/2331/2303 2211/2272/2244 
f 2216/2277/2249 2271/2332/2304 2210/2271/2243 
f 2210/2271/2243 2271/2332/2304 2270/2331/2303 
f 2268/2329/2301 2271/2332/2304 2269/2330/2302 
f 2268/2329/2301 2270/2331/2303 2271/2332/2304 
f 2272/2333/2305 2273/2334/2306 2274/2335/2307 
f 2272/2333/2305 2274/2335/2307 2275/2336/2308 
f 2275/2336/2308 2276/2337/2309 2277/2338/2310 
f 2275/2336/2308 2277/2338/2310 2272/2333/2305 
f 2278/2339/2311 2242/2303/2275 2279/2340/2312 
f 2278/2339/2311 2279/2340/2312 2280/2341/2313 
f 2278/2339/2311 2280/2341/2313 2281/2342/2314 
f 2282/2343/2315 2242/2303/2275 2278/2339/2311 
f 2282/2343/2315 2243/2304/2276 2242/2303/2275 
f 2278/2339/2311 2281/2342/2314 2282/2343/2315 
f 2283/2344/2316 2284/2345/2317 2285/2346/2318 
f 2283/2344/2316 2285/2346/2318 2286/2347/2319 
f 2286/2347/2319 2285/2346/2318 2287/2348/2320 
f 2286/2347/2319 2287/2348/2320 2288/2349/2321 
f 2289/2350/2322 2290/2351/2323 2291/2352/2324 
f 2289/2350/2322 2291/2352/2324 2292/2353/2325 
f 2292/2353/2325 2291/2352/2324 2235/2296/2268 
f 2292/2353/2325 2235/2296/2268 2234/2295/2267 
f 2289/2350/2322 2293/2354/2326 2294/2355/2327 
f 2295/2356/2328 2290/2351/2323 2289/2350/2322 
f 2289/2350/2322 2294/2355/2327 2295/2356/2328 
f 2296/2357/2329 2292/2353/2325 2234/2295/2267 
f 2293/2354/2326 2289/2350/2322 2297/2358/2330 
f 2292/2353/2325 2297/2358/2330 2289/2350/2322 
f 2292/2353/2325 2296/2357/2329 2297/2358/2330 
f 2295/2356/2328 2298/2359/2331 2290/2351/2323 
f 2299/2360/2332 2300/2361/2333 2301/2362/2334 
f 2299/2360/2332 2301/2362/2334 2302/2363/2335 
f 2303/2364/2336 2300/2361/2333 2299/2360/2332 
f 2303/2364/2336 2304/2365/2337 2300/2361/2333 
f 2299/2360/2332 2302/2363/2335 2305/2366/2338 
f 2299/2360/2332 2305/2366/2338 2303/2364/2336 
f 2306/2367/2339 2307/2368/2340 2308/2369/2341 
f 2306/2367/2339 2308/2369/2341 2309/2370/2342 
f 2310/2371/2343 2306/2367/2339 2309/2370/2342 
f 2310/2371/2343 2311/2372/2344 2306/2367/2339 
f 2309/2370/2342 2308/2369/2341 2312/2373/2345 
f 2309/2370/2342 2312/2373/2345 2310/2371/2343 
f 2313/2374/2346 2314/2375/2347 2315/2376/2348 
f 2313/2374/2346 2315/2376/2348 2316/2377/2349 
f 2317/2378/2350 2314/2375/2347 2313/2374/2346 
f 2317/2378/2350 2318/2379/2351 2314/2375/2347 
f 2316/2377/2349 2319/2380/2352 2313/2374/2346 
f 2316/2377/2349 2320/2381/2353 2319/2380/2352 
f 2319/2380/2352 2321/2382/2354 2313/2374/2346 
f 2313/2374/2346 2321/2382/2354 2322/2383/2355 
f 2313/2374/2346 2322/2383/2355 2317/2378/2350 
f 2319/2380/2352 2323/2384/2356 2321/2382/2354 
f 2324/2385/2357 2325/2386/2358 2326/2387/2359 
f 2324/2385/2357 2326/2387/2359 2327/2388/2360 
f 2327/2388/2360 2328/2389/2361 2329/2390/2362 
f 2327/2388/2360 2330/2391/2363 2324/2385/2357 
f 2327/2388/2360 2329/2390/2362 2330/2391/2363 
f 2331/2392/2364 2332/2393/2365 2333/2394/2366 
f 2331/2392/2364 2333/2394/2366 2334/2395/2367 
f 2332/2393/2365 2335/2396/2368 2333/2394/2366 
f 2333/2394/2366 2336/2397/2369 2334/2395/2367 
f 2333/2394/2366 2335/2396/2368 2336/2397/2369 
f 2334/2395/2367 2336/2397/2369 2337/2398/2370 
f 2334/2395/2367 2337/2398/2370 2338/2399/2371 
f 2331/2392/2364 2334/2395/2367 2339/2400/2372 
f 2338/2399/2371 2339/2400/2372 2334/2395/2367 
f 2338/2399/2371 2340/2401/2373 2339/2400/2372 
f 2341/2402/2374 2304/2365/2337 2303/2364/2336 
f 2342/2403/2375 2341/2402/2374 2343/2404/2376 
f 2342/2403/2375 2343/2404/2376 2344/2405/2377 
f 2345/2406/2378 2344/2405/2377 2343/2404/2376 
f 2345/2406/2378 2346/2407/2379 2344/2405/2377 
f 2347/2408/2380 2345/2406/2378 2343/2404/2376 
f 2347/2408/2380 2348/2409/2381 2345/2406/2378 
f 2349/2410/2382 2350/2411/2383 2351/2412/2384 
f 2349/2410/2382 2351/2412/2384 2352/2413/2385 
f 2353/2414/2386 2354/2415/2387 2355/2416/2388 
f 2353/2414/2386 2355/2416/2388 2352/2413/2385 
f 2356/2417/2389 2349/2410/2382 2352/2413/2385 
f 2356/2417/2389 2352/2413/2385 2355/2416/2388 
f 2357/2418/2390 2358/2419/2391 2359/2420/2392 
f 2357/2418/2390 2359/2420/2392 2360/2421/2393 
f 2285/2346/2318 2284/2345/2317 2361/2422/2394 
f 2362/2423/2395 2363/2424/2396 2361/2422/2394 
f 2362/2423/2395 2361/2422/2394 2364/2425/2397 
f 2365/2426/2398 2366/2427/2399 2367/2428/2400 
f 2365/2426/2398 2367/2428/2400 2368/2429/2401 
f 2368/2429/2401 2369/2430/2402 2365/2426/2398 
f 2368/2429/2401 2370/2431/2403 2369/2430/2402 
f 2365/2426/2398 2371/2432/2404 2366/2427/2399 
f 2365/2426/2398 2369/2430/2402 2371/2432/2404 
f 2372/2433/2405 2373/2434/2406 2374/2435/2407 
f 2372/2433/2405 2374/2435/2407 2375/2436/2408 
f 2376/2437/2409 2373/2434/2406 2372/2433/2405 
f 2376/2437/2409 2372/2433/2405 2377/2438/2410 
f 2372/2433/2405 2375/2436/2408 2378/2439/2411 
f 2372/2433/2405 2378/2439/2411 2377/2438/2410 
f 2379/2440/2412 2380/2441/2413 2381/2442/2414 
f 2379/2440/2412 2381/2442/2414 2382/2443/2415 
f 2381/2442/2414 2383/2444/2416 2384/2445/2417 
f 2381/2442/2414 2384/2445/2417 2382/2443/2415 
f 2384/2445/2417 2340/2401/2373 2338/2399/2371 
f 2384/2445/2417 2338/2399/2371 2382/2443/2415 
f 2385/2446/2418 2386/2447/2419 2387/2448/2420 
f 2246/2307/2279 2245/2306/2278 2388/2449/2421 
f 2385/2446/2418 2387/2448/2420 2388/2449/2421 
f 2246/2307/2279 2388/2449/2421 2387/2448/2420 
f 2389/2450/2422 2390/2451/2423 2391/2452/2424 
f 2389/2450/2422 2391/2452/2424 2392/2453/2425 
f 2392/2453/2425 2393/2454/2426 2394/2455/2427 
f 2392/2453/2425 2394/2455/2427 2395/2456/2428 
f 2395/2456/2428 2389/2450/2422 2392/2453/2425 
f 2395/2456/2428 2396/2457/2429 2389/2450/2422 
f 2397/2458/2430 2330/2391/2363 2398/2459/2431 
f 2397/2458/2430 2398/2459/2431 2399/2460/2432 
f 2399/2460/2432 2400/2461/2433 2397/2458/2430 
f 2330/2391/2363 2397/2458/2430 2400/2461/2433 
f 2324/2385/2357 2330/2391/2363 2400/2461/2433 
f 2399/2460/2432 2401/2462/2434 2400/2461/2433 
f 2248/2309/2281 2247/2308/2280 2402/2463/2435 
f 2247/2308/2280 2403/2464/2436 2402/2463/2435 
f 2402/2463/2435 2403/2464/2436 2364/2425/2397 
f 2404/2465/2437 2364/2425/2397 2361/2422/2394 
f 2402/2463/2435 2364/2425/2397 2404/2465/2437 
f 2404/2465/2437 2361/2422/2394 2284/2345/2317 
f 2405/2466/2438 2406/2467/2439 2407/2468/2440 
f 2405/2466/2438 2407/2468/2440 2408/2469/2441 
f 2351/2412/2384 2409/2470/2442 2410/2471/2443 
f 2405/2472/2444 2410/2471/2443 2409/2470/2442 
f 2405/2472/2444 2409/2470/2442 2406/2473/2445 
f 2408/2469/2441 2411/2474/2446 2410/2475/2447 
f 2408/2469/2441 2410/2475/2447 2405/2466/2438 
f 2412/2476/2448 2413/2477/2449 2414/2478/2450 
f 2412/2476/2448 2414/2478/2450 2415/2479/2451 
f 2413/2477/2449 2416/2480/2452 2417/2481/2453 
f 2413/2477/2449 2417/2481/2453 2414/2478/2450 
f 2416/2480/2452 2418/2482/2454 2417/2481/2453 
f 2417/2481/2453 2419/2483/2455 2414/2478/2450 
f 2417/2481/2453 2418/2482/2454 2419/2483/2455 
f 2420/2484/2456 2421/2485/2457 2422/2486/2458 
f 2420/2484/2456 2422/2486/2458 2423/2487/2459 
f 2424/2488/2460 2420/2484/2456 2423/2487/2459 
f 2424/2488/2460 2425/2489/2461 2420/2484/2456 
f 2422/2486/2458 2426/2490/2462 2427/2491/2463 
f 2422/2486/2458 2427/2491/2463 2423/2487/2459 
f 2428/2492/2464 2424/2488/2460 2423/2487/2459 
f 2427/2491/2463 2428/2492/2464 2423/2487/2459 
f 2428/2492/2464 2429/2493/2465 2424/2488/2460 
f 2427/2491/2463 2430/2494/2466 2428/2492/2464 
f 2307/2368/2340 2306/2367/2339 2430/2494/2466 
f 2307/2368/2340 2430/2494/2466 2427/2491/2463 
f 2431/2495/2467 2432/2496/2468 2433/2497/2469 
f 2431/2495/2467 2433/2497/2469 2434/2498/2470 
f 2434/2498/2470 2435/2499/2471 2431/2495/2467 
f 2431/2495/2467 2435/2499/2471 2436/2500/2472 
f 2436/2500/2472 2275/2336/2308 2274/2335/2307 
f 2437/2501/2473 2432/2496/2468 2431/2495/2467 
f 2431/2495/2467 2436/2500/2472 2437/2501/2473 
f 2434/2498/2470 2438/2502/2474 2435/2499/2471 
f 2439/2503/2475 2440/2504/2476 2441/2505/2477 
f 2439/2503/2475 2441/2505/2477 2442/2506/2478 
f 2443/2507/2479 2440/2504/2476 2439/2503/2475 
f 2443/2507/2479 2439/2503/2475 2444/2508/2480 
f 2442/2506/2478 2444/2508/2480 2439/2503/2475 
f 2442/2506/2478 2445/2509/2481 2444/2508/2480 
f 2446/2510/2482 2447/2511/2483 2448/2512/2484 
f 2446/2510/2482 2448/2512/2484 2449/2513/2485 
f 2446/2510/2482 2450/2514/2486 2447/2511/2483 
f 2446/2510/2482 2451/2515/2487 2450/2514/2486 
f 2446/2510/2482 2449/2513/2485 2452/2516/2488 
f 2446/2510/2482 2452/2516/2488 2451/2515/2487 
f 2453/2517/2489 2454/2518/2490 2455/2519/2491 
f 2453/2517/2489 2455/2519/2491 2456/2520/2492 
f 2457/2521/2493 2458/2522/2494 2459/2523/2495 
f 2459/2523/2495 2454/2518/2490 2453/2517/2489 
f 2457/2521/2493 2459/2523/2495 2453/2517/2489 
f 2459/2523/2495 2460/2524/2496 2454/2518/2490 
f 2461/2525/2497 2232/2526/2498 2237/2527/2499 
f 2461/2525/2497 2237/2527/2499 2462/2528/2500 
f 2270/2331/2303 2463/2529/2501 2211/2272/2244 
f 2464/2530/2502 2463/2529/2501 2465/2531/2503 
f 2270/2331/2303 2465/2531/2503 2463/2529/2501 
f 2464/2530/2502 2465/2531/2503 2462/2528/2500 
f 2466/2532/2504 2465/2531/2503 2270/2331/2303 
f 2267/2328/2300 2466/2532/2504 2268/2329/2301 
f 2466/2532/2504 2270/2331/2303 2268/2329/2301 
f 2462/2528/2500 2465/2531/2503 2466/2532/2504 
f 2467/2533/2505 2461/2525/2497 2462/2528/2500 
f 2267/2328/2300 2467/2533/2505 2466/2532/2504 
f 2462/2528/2500 2466/2532/2504 2467/2533/2505 
f 2468/2534/2506 2462/2528/2500 2237/2527/2499 
f 2468/2534/2506 2464/2530/2502 2462/2528/2500 
f 2467/2533/2505 2469/2535/2507 2461/2525/2497 
f 2459/2523/2495 2470/2536/2508 2460/2524/2496 
f 2459/2523/2495 2458/2522/2494 2470/2536/2508 
f 2471/2537/2509 2230/2291/2263 2229/2290/2262 
f 2471/2537/2509 2472/2538/2510 2473/2539/2511 
f 2471/2537/2509 2473/2539/2511 2474/2540/2512 
f 2474/2540/2512 2473/2539/2511 2475/2541/2513 
f 2474/2540/2512 2475/2541/2513 2476/2542/2514 
f 2471/2537/2509 2474/2540/2512 2476/2542/2514 
f 2471/2537/2509 2476/2542/2514 2230/2291/2263 
f 2476/2542/2514 2228/2289/2261 2227/2288/2260 
f 2227/2288/2260 2230/2291/2263 2476/2542/2514 
f 2477/2543/2515 2478/2544/2516 2479/2545/2517 
f 2477/2543/2515 2479/2545/2517 2480/2546/2518 
f 2477/2543/2515 2480/2546/2518 2481/2547/2519 
f 2477/2543/2515 2481/2547/2519 2482/2548/2520 
f 2483/2549/2521 2484/2550/2522 2485/2551/2523 
f 2483/2549/2521 2485/2551/2523 2486/2552/2524 
f 2485/2551/2523 2487/2553/2525 2488/2554/2526 
f 2485/2551/2523 2488/2554/2526 2486/2552/2524 
f 2486/2552/2524 2488/2554/2526 2489/2555/2527 
f 2486/2552/2524 2489/2555/2527 2490/2556/2528 
f 2491/2557/2529 2492/2558/2530 2493/2559/2531 
f 2491/2557/2529 2493/2559/2531 2494/2560/2532 
f 2491/2557/2529 2494/2560/2532 2495/2561/2533 
f 2491/2557/2529 2495/2561/2533 2496/2562/2534 
f 2496/2562/2534 2492/2558/2530 2491/2557/2529 
f 2496/2562/2534 2497/2563/2535 2492/2558/2530 
f 2498/2564/2536 2499/2565/2537 2500/2566/2538 
f 2498/2564/2536 2500/2566/2538 2501/2567/2539 
f 2502/2568/2540 2220/2281/2253 2224/2285/2257 
f 2217/2278/2250 2220/2281/2253 2502/2568/2540 
f 2500/2566/2538 2503/2569/2541 2501/2567/2539 
f 2502/2568/2540 2224/2285/2257 2503/2569/2541 
f 2500/2566/2538 2502/2568/2540 2503/2569/2541 
f 2501/2567/2539 2504/2570/2542 2498/2564/2536 
f 2501/2567/2539 2503/2569/2541 2504/2570/2542 
f 2505/2571/2543 2506/2572/2544 2507/2573/2545 
f 2505/2571/2543 2507/2573/2545 2508/2574/2546 
f 2509/2575/2547 2505/2571/2543 2508/2574/2546 
f 2509/2575/2547 2510/2576/2548 2505/2571/2543 
f 2511/2577/2549 2509/2575/2547 2508/2574/2546 
f 2511/2577/2549 2512/2578/2550 2509/2575/2547 
f 2508/2574/2546 2507/2573/2545 2513/2579/2551 
f 2514/2580/2552 2511/2577/2549 2508/2574/2546 
f 2508/2574/2546 2513/2579/2551 2514/2580/2552 
f 2512/2578/2550 2511/2577/2549 2515/2581/2553 
f 2514/2580/2552 2515/2581/2553 2511/2577/2549 
f 2516/2582/2554 2517/2583/2555 2518/2584/2556 
f 2518/2584/2556 2310/2371/2343 2312/2373/2345 
f 2518/2584/2556 2311/2372/2344 2310/2371/2343 
f 2312/2373/2345 2519/2585/2557 2518/2584/2556 
f 2516/2582/2554 2518/2584/2556 2519/2585/2557 
f 2312/2373/2345 2520/2586/2558 2519/2585/2557 
f 2517/2583/2555 2516/2582/2554 2521/2587/2559 
f 2521/2587/2559 2516/2582/2554 2206/2267/2239 
f 2521/2587/2559 2206/2267/2239 2205/2266/2238 
f 2517/2583/2555 2521/2587/2559 2522/2588/2560 
f 2518/2584/2556 2517/2583/2555 2522/2588/2560 
f 2522/2588/2560 2430/2494/2466 2306/2367/2339 
f 2518/2584/2556 2522/2588/2560 2311/2372/2344 
f 2522/2588/2560 2306/2367/2339 2311/2372/2344 
f 2195/2256/2228 2523/2589/2561 2524/2590/2562 
f 2524/2590/2562 2523/2589/2561 2525/2591/2563 
f 2524/2590/2562 2525/2591/2563 2526/2592/2564 
f 2524/2590/2562 2526/2592/2564 2527/2593/2565 
f 2198/2259/2231 2197/2258/2230 2527/2593/2565 
f 2195/2256/2228 2527/2593/2565 2197/2258/2230 
f 2524/2590/2562 2527/2593/2565 2195/2256/2228 
f 2528/2594/2566 2195/2256/2228 2194/2255/2227 
f 2195/2256/2228 2528/2594/2566 2523/2589/2561 
f 2529/2595/2567 2530/2596/2568 2531/2597/2569 
f 2529/2595/2567 2531/2597/2569 2532/2598/2570 
f 2532/2598/2570 2533/2599/2571 2529/2595/2567 
f 2529/2595/2567 2533/2599/2571 2534/2600/2572 
f 2529/2595/2567 2534/2600/2572 2535/2601/2573 
f 2532/2598/2570 2536/2602/2574 2533/2599/2571 
f 2269/2330/2302 2271/2332/2304 2537/2603/2575 
f 2215/2276/2248 2537/2603/2575 2216/2277/2249 
f 2216/2277/2249 2537/2603/2575 2271/2332/2304 
f 2538/2604/2576 2539/2605/2577 2540/2606/2578 
f 2538/2604/2576 2540/2606/2578 2541/2607/2579 
f 2542/2608/2580 2539/2605/2577 2538/2604/2576 
f 2542/2608/2580 2538/2604/2576 2543/2609/2581 
f 2541/2607/2579 2543/2609/2581 2538/2604/2576 
f 2541/2607/2579 2544/2610/2582 2543/2609/2581 
f 2545/2611/2583 2546/2612/2584 2547/2613/2585 
f 2545/2611/2583 2547/2613/2585 2548/2614/2586 
f 2545/2611/2583 2548/2614/2586 2549/2615/2587 
f 2545/2611/2583 2549/2615/2587 2550/2616/2588 
f 2545/2611/2583 2550/2616/2588 2551/2617/2589 
f 2545/2611/2583 2551/2617/2589 2552/2618/2590 
f 2552/2618/2590 2546/2612/2584 2545/2611/2583 
f 2553/2619/2591 2554/2620/2592 2555/2621/2593 
f 2553/2619/2591 2555/2621/2593 2556/2622/2594 
f 2555/2621/2593 2557/2623/2595 2558/2624/2596 
f 2555/2621/2593 2558/2624/2596 2556/2622/2594 
f 2556/2622/2594 2558/2624/2596 2559/2625/2597 
f 2556/2622/2594 2559/2625/2597 2560/2626/2598 
f 2561/2627/2599 2562/2628/2600 2563/2629/2601 
f 2561/2627/2599 2563/2629/2601 2564/2630/2602 
f 2563/2629/2601 2565/2631/2603 2564/2630/2602 
f 2565/2631/2603 2561/2627/2599 2564/2630/2602 
f 2565/2631/2603 2566/2632/2604 2561/2627/2599 
f 2563/2629/2601 2567/2633/2605 2565/2631/2603 
f 2568/2634/2606 2325/2386/2358 2569/2635/2607 
f 2568/2634/2606 2569/2635/2607 2570/2636/2608 
f 2571/2637/2609 2326/2387/2359 2325/2386/2358 
f 2571/2637/2609 2325/2386/2358 2568/2634/2606 
f 2568/2634/2606 2570/2636/2608 2572/2638/2610 
f 2568/2634/2606 2572/2638/2610 2571/2637/2609 
f 2573/2639/2611 2429/2493/2465 2428/2492/2464 
f 2574/2640/2612 2429/2493/2465 2573/2639/2611 
f 2574/2640/2612 2573/2639/2611 2575/2641/2613 
f 2573/2639/2611 2576/2642/2614 2575/2641/2613 
f 2574/2640/2612 2575/2641/2613 2576/2642/2614 
f 2577/2643/2615 2574/2640/2612 2576/2642/2614 
f 2573/2639/2611 2578/2644/2616 2576/2642/2614 
f 2477/2543/2515 2482/2548/2520 2579/2645/2617 
f 2477/2543/2515 2579/2645/2617 2478/2544/2516 
f 2580/2646/2618 2579/2645/2617 2482/2548/2520 
f 2579/2645/2617 2580/2646/2618 2581/2647/2619 
f 2579/2645/2617 2581/2647/2619 2582/2648/2620 
f 2582/2648/2620 2478/2544/2516 2579/2645/2617 
f 2582/2648/2620 2583/2649/2621 2478/2544/2516 
f 2582/2648/2620 2581/2647/2619 2584/2650/2622 
f 2582/2648/2620 2584/2650/2622 2583/2649/2621 
f 2585/2651/2623 2586/2652/2624 2587/2653/2625 
f 2585/2651/2623 2587/2653/2625 2588/2654/2626 
f 2588/2654/2626 2589/2655/2627 2585/2651/2623 
f 2588/2654/2626 2590/2656/2628 2589/2655/2627 
f 2585/2651/2623 2589/2655/2627 2591/2657/2629 
f 2585/2651/2623 2591/2657/2629 2586/2652/2624 
f 2592/2658/2630 2593/2659/2631 2594/2660/2632 
f 2592/2658/2630 2594/2660/2632 2595/2661/2633 
f 2592/2658/2630 2595/2661/2633 2596/2662/2634 
f 2597/2663/2635 2593/2659/2631 2592/2658/2630 
f 2592/2658/2630 2596/2662/2634 2597/2663/2635 
f 2597/2663/2635 2598/2664/2636 2593/2659/2631 
f 2514/2580/2552 2513/2579/2551 2599/2665/2637 
f 2600/2666/2638 2599/2665/2637 2513/2579/2551 
f 2599/2665/2637 2600/2666/2638 2601/2667/2639 
f 2515/2581/2553 2514/2580/2552 2602/2668/2640 
f 2599/2665/2637 2601/2667/2639 2602/2668/2640 
f 2514/2580/2552 2599/2665/2637 2602/2668/2640 
f 2603/2669/2641 2602/2668/2640 2601/2667/2639 
f 2603/2669/2641 2315/2376/2348 2602/2668/2640 
f 2603/2669/2641 2320/2381/2353 2316/2377/2349 
f 2603/2669/2641 2316/2377/2349 2315/2376/2348 
f 2329/2390/2362 2328/2389/2361 2604/2670/2642 
f 2329/2390/2362 2604/2670/2642 2605/2671/2643 
f 2329/2390/2362 2606/2672/2644 2330/2391/2363 
f 2329/2390/2362 2605/2671/2643 2606/2672/2644 
f 2606/2672/2644 2398/2459/2431 2330/2391/2363 
f 2606/2672/2644 2607/2673/2645 2398/2459/2431 
f 2275/2336/2308 2608/2674/2646 2276/2337/2309 
f 2275/2336/2308 2609/2675/2647 2608/2674/2646 
f 2608/2674/2646 2609/2675/2647 2610/2676/2648 
f 2608/2674/2646 2610/2676/2648 2611/2677/2649 
f 2612/2678/2650 2277/2338/2310 2276/2337/2309 
f 2608/2674/2646 2611/2677/2649 2612/2678/2650 
f 2608/2674/2646 2612/2678/2650 2276/2337/2309 
f 2613/2679/2651 2614/2680/2652 2615/2681/2653 
f 2613/2679/2651 2615/2681/2653 2616/2682/2654 
f 2616/2682/2654 2617/2683/2655 2618/2684/2656 
f 2619/2685/2657 2613/2679/2651 2616/2682/2654 
f 2616/2682/2654 2618/2684/2656 2619/2685/2657 
f 2619/2685/2657 2620/2686/2658 2613/2679/2651 
f 2621/2687/2659 2622/2688/2660 2623/2689/2661 
f 2621/2687/2659 2623/2689/2661 2624/2690/2662 
f 2625/2691/2663 2626/2692/2664 2627/2693/2665 
f 2625/2691/2663 2627/2693/2665 2628/2694/2666 
f 2628/2694/2666 2629/2695/2667 2625/2691/2663 
f 2629/2695/2667 2630/2696/2668 2625/2691/2663 
f 2626/2692/2664 2625/2691/2663 2630/2696/2668 
f 2631/2697/2669 2632/2698/2670 2633/2699/2671 
f 2631/2697/2669 2633/2699/2671 2634/2700/2672 
f 2634/2700/2672 2635/2701/2673 2631/2697/2669 
f 2634/2700/2672 2636/2702/2674 2635/2701/2673 
f 2635/2701/2673 2637/2703/2675 2631/2697/2669 
f 2631/2697/2669 2637/2703/2675 2638/2704/2676 
f 2631/2697/2669 2638/2704/2676 2639/2705/2677 
f 2639/2705/2677 2632/2698/2670 2631/2697/2669 
f 2635/2701/2673 2640/2706/2678 2637/2703/2675 
f 2636/2702/2674 2640/2706/2678 2635/2701/2673 
f 2619/2685/2657 2618/2684/2656 2641/2707/2679 
f 2642/2708/2680 2641/2707/2679 2618/2684/2656 
f 2642/2708/2680 2618/2684/2656 2643/2709/2681 
f 2643/2709/2681 2618/2684/2656 2617/2683/2655 
f 2644/2710/2682 2641/2707/2679 2642/2708/2680 
f 2644/2710/2682 2645/2711/2683 2641/2707/2679 
f 2642/2708/2680 2643/2709/2681 2646/2712/2684 
f 2642/2708/2680 2646/2712/2684 2644/2710/2682 
f 2647/2713/2685 2427/2491/2463 2426/2490/2462 
f 2307/2368/2340 2427/2491/2463 2647/2713/2685 
f 2307/2368/2340 2647/2713/2685 2648/2714/2686 
f 2647/2713/2685 2426/2490/2462 2649/2715/2687 
f 2649/2715/2687 2648/2714/2686 2647/2713/2685 
f 2649/2715/2687 2650/2716/2688 2648/2714/2686 
f 2651/2717/2689 2652/2718/2690 2653/2719/2691 
f 2651/2717/2689 2653/2719/2691 2654/2720/2692 
f 1345/1345/1345 2655/2721/2693 2654/2720/2692 
f 1345/1345/1345 1351/1351/1351 2655/2721/2693 
f 2654/2720/2692 2655/2721/2693 2656/2722/2694 
f 2654/2720/2692 2656/2722/2694 2651/2717/2689 
f 1346/1346/1346 2657/2723/2695 2598/2664/2636 
f 2657/2723/2695 1345/1345/1345 2654/2720/2692 
f 2657/2723/2695 2654/2720/2692 2653/2719/2691 
f 1346/1346/1346 1345/1345/1345 2657/2723/2695 
f 2658/2724/2696 2659/2725/2697 2660/2726/2698 
f 2658/2724/2696 2660/2726/2698 2661/2727/2699 
f 2658/2724/2696 2661/2727/2699 2662/2728/2700 
f 2663/2729/2701 2659/2725/2697 2658/2724/2696 
f 2658/2724/2696 2662/2728/2700 2663/2729/2701 
f 2663/2729/2701 2664/2730/2702 2659/2725/2697 
f 2665/2731/2703 2666/2732/2704 2667/2733/2705 
f 2665/2731/2703 2667/2733/2705 2668/2734/2706 
f 2669/2735/2707 2666/2732/2704 2665/2731/2703 
f 2669/2735/2707 2665/2731/2703 2670/2736/2708 
f 2665/2731/2703 2671/2737/2709 2670/2736/2708 
f 2665/2731/2703 2668/2734/2706 2671/2737/2709 
f 2605/2671/2643 2604/2670/2642 2672/2738/2710 
f 2604/2670/2642 2673/2739/2711 2672/2738/2710 
f 2672/2738/2710 2673/2739/2711 2674/2740/2712 
f 2672/2738/2710 2674/2740/2712 2675/2741/2713 
f 2605/2671/2643 2672/2738/2710 2675/2741/2713 
f 2676/2742/2714 2571/2637/2609 2572/2638/2610 
f 2571/2637/2609 2676/2742/2714 2677/2743/2715 
f 2571/2637/2609 2677/2743/2715 2678/2744/2716 
f 2571/2637/2609 2678/2744/2716 2326/2387/2359 
f 2326/2387/2359 2678/2744/2716 2327/2388/2360 
f 2679/2745/2717 2680/2746/2718 2681/2747/2719 
f 2679/2745/2717 2681/2747/2719 2682/2748/2720 
f 2682/2748/2720 2681/2747/2719 2683/2749/2721 
f 2682/2748/2720 2683/2749/2721 2684/2750/2722 
f 2682/2748/2720 2684/2750/2722 2685/2751/2723 
f 2682/2748/2720 2685/2751/2723 2679/2745/2717 
f 2686/2752/2724 2687/2753/2725 2688/2754/2726 
f 2686/2752/2724 2688/2754/2726 2689/2755/2727 
f 2689/2755/2727 2690/2756/2728 2686/2752/2724 
f 2690/2756/2728 2691/2757/2729 2686/2752/2724 
f 2690/2756/2728 2692/2758/2730 2691/2757/2729 
f 2689/2755/2727 2693/2759/2731 2690/2756/2728 
f 2694/2760/2732 2687/2753/2725 2686/2752/2724 
f 2691/2757/2729 2694/2760/2732 2686/2752/2724 
f 2694/2760/2732 2695/2761/2733 2687/2753/2725 
f 2691/2757/2729 2696/2762/2734 2694/2760/2732 
f 2696/2762/2734 2695/2761/2733 2694/2760/2732 
f 2697/2763/2735 2450/2514/2486 2451/2515/2487 
f 2697/2763/2735 2451/2515/2487 2698/2764/2736 
f 2697/2763/2735 2698/2764/2736 2699/2765/2737 
f 2697/2763/2735 2699/2765/2737 2700/2766/2738 
f 2700/2766/2738 2450/2514/2486 2697/2763/2735 
f 2700/2766/2738 2701/2767/2739 2450/2514/2486 
f 2447/2511/2483 2450/2514/2486 2701/2767/2739 
f 2702/2768/2740 2371/2432/2404 2369/2430/2402 
f 2703/2769/2741 2704/2770/2742 2702/2768/2740 
f 2703/2769/2741 2702/2768/2740 2705/2771/2743 
f 2703/2769/2741 2705/2771/2743 2706/2772/2744 
f 1167/1167/1167 2707/2773/2745 2706/2772/2744 
f 2707/2773/2745 2704/2770/2742 2703/2769/2741 
f 2703/2769/2741 2706/2772/2744 2707/2773/2745 
f 1159/1159/1159 2708/2774/2746 1167/1167/1167 
f 1167/1167/1167 2708/2774/2746 2707/2773/2745 
f 2707/2773/2745 2708/2774/2746 2704/2770/2742 
f 2293/2354/2326 2297/2358/2330 2709/2775/2747 
f 2709/2775/2747 2297/2358/2330 2710/2776/2748 
f 2709/2775/2747 2710/2776/2748 2711/2777/2749 
f 2712/2778/2750 2293/2354/2326 2709/2775/2747 
f 2712/2778/2750 2709/2775/2747 2711/2777/2749 
f 2455/2519/2491 2713/2779/2751 2714/2780/2752 
f 2455/2519/2491 2714/2780/2752 2715/2781/2753 
f 2714/2780/2752 2716/2782/2754 2715/2781/2753 
f 2714/2780/2752 2717/2783/2755 2716/2782/2754 
f 2715/2781/2753 2716/2782/2754 2718/2784/2756 
f 2715/2781/2753 2718/2784/2756 2719/2785/2757 
f 2720/2786/2758 2701/2767/2739 2700/2766/2738 
f 2721/2787/2759 2720/2786/2758 2722/2788/2760 
f 2721/2787/2759 2722/2788/2760 2723/2789/2761 
f 2724/2790/2762 2725/2791/2763 2726/2792/2764 
f 2724/2790/2762 2726/2792/2764 2727/2793/2765 
f 2728/2794/2766 2724/2790/2762 2727/2793/2765 
f 2728/2794/2766 2729/2795/2767 2724/2790/2762 
f 2727/2793/2765 2730/2796/2768 2728/2794/2766 
f 2727/2793/2765 2731/2797/2769 2730/2796/2768 
f 2726/2792/2764 2732/2798/2770 2727/2793/2765 
f 2732/2798/2770 2731/2797/2769 2727/2793/2765 
f 2732/2798/2770 2733/2799/2771 2731/2797/2769 
f 2600/2666/2638 2513/2579/2551 2734/2800/2772 
f 2734/2800/2772 2513/2579/2551 2507/2573/2545 
f 2735/2801/2773 2734/2800/2772 2736/2802/2774 
f 2736/2802/2774 2507/2573/2545 2506/2572/2544 
f 2734/2800/2772 2507/2573/2545 2736/2802/2774 
f 2735/2801/2773 2736/2802/2774 2737/2803/2775 
f 2490/2556/2528 2489/2555/2527 2737/2803/2775 
f 2735/2801/2773 2737/2803/2775 2489/2555/2527 
f 2735/2801/2773 2489/2555/2527 2738/2804/2776 
f 2738/2804/2776 2489/2555/2527 2488/2554/2526 
f 2735/2801/2773 2738/2804/2776 2739/2805/2777 
f 2735/2801/2773 2739/2805/2777 2734/2800/2772 
f 2504/2570/2542 2740/2806/2778 2741/2807/2779 
f 2741/2807/2779 2740/2806/2778 2742/2808/2780 
f 2741/2807/2779 2742/2808/2780 2743/2809/2781 
f 2743/2809/2781 2742/2808/2780 2744/2810/2782 
f 2743/2809/2781 2744/2810/2782 2745/2811/2783 
f 2746/2812/2784 2741/2807/2779 2743/2809/2781 
f 2747/2813/2785 2746/2812/2784 2411/2474/2446 
f 2747/2813/2785 2411/2474/2446 2408/2469/2441 
f 2746/2812/2784 2747/2813/2785 2741/2807/2779 
f 2745/2811/2783 2748/2814/2786 2743/2809/2781 
f 2743/2809/2781 2749/2815/2787 2746/2812/2784 
f 2743/2809/2781 2748/2814/2786 2749/2815/2787 
f 2745/2811/2783 2750/2816/2788 2748/2814/2786 
f 2751/2817/2789 2411/2474/2446 2746/2812/2784 
f 2751/2817/2789 2746/2812/2784 2749/2815/2787 
f 2749/2815/2787 2748/2814/2786 2752/2818/2790 
f 2749/2815/2787 2752/2818/2790 2751/2817/2789 
f 2752/2818/2790 2748/2814/2786 2750/2816/2788 
f 1395/1395/1395 1393/1393/1393 2753/2819/2791 
f 2753/2819/2791 2754/2820/2792 2755/2821/2793 
f 1395/1395/1395 2753/2819/2791 2756/2822/2794 
f 2753/2819/2791 2755/2821/2793 2756/2822/2794 
f 1396/1396/1396 1395/1395/1395 2756/2822/2794 
f 2757/2823/2795 2530/2596/2568 2529/2595/2567 
f 2757/2823/2795 2529/2595/2567 2535/2601/2573 
f 2757/2823/2795 2758/2824/2796 2530/2596/2568 
f 2757/2823/2795 2535/2601/2573 2759/2825/2797 
f 2759/2825/2797 2758/2824/2796 2757/2823/2795 
f 2759/2825/2797 2760/2826/2798 2758/2824/2796 
f 2760/2826/2798 2761/2827/2799 2758/2824/2796 
f 2761/2827/2799 2530/2596/2568 2758/2824/2796 
f 2762/2828/2800 2761/2827/2799 2763/2829/2801 
f 1209/1209/1209 2225/2286/2258 2764/2830/2802 
f 2762/2828/2800 2763/2829/2801 2764/2830/2802 
f 2225/2286/2258 2762/2828/2800 2764/2830/2802 
f 2225/2286/2258 2765/2831/2803 2762/2828/2800 
f 2765/2831/2803 2761/2827/2799 2762/2828/2800 
f 2765/2831/2803 2530/2596/2568 2761/2827/2799 
f 2228/2289/2261 2765/2831/2803 2225/2286/2258 
f 2766/2832/2804 2767/2833/2805 2768/2834/2806 
f 2766/2832/2804 2768/2834/2806 2769/2835/2807 
f 2770/2836/2808 2687/2753/2725 2695/2761/2733 
f 2770/2836/2808 2695/2761/2733 2771/2837/2809 
f 2769/2835/2807 2770/2836/2808 2771/2837/2809 
f 2769/2835/2807 2771/2837/2809 2766/2832/2804 
f 2767/2833/2805 2772/2838/2810 2768/2834/2806 
f 2767/2833/2805 2730/2796/2768 2772/2838/2810 
f 2768/2834/2806 2772/2838/2810 2773/2839/2811 
f 2768/2834/2806 2773/2839/2811 2769/2835/2807 
f 2774/2840/2812 2775/2841/2813 2776/2842/2814 
f 2774/2840/2812 2776/2842/2814 2777/2843/2815 
f 2778/2844/2816 2775/2841/2813 2774/2840/2812 
f 2778/2844/2816 2779/2845/2817 2775/2841/2813 
f 2774/2840/2812 2780/2846/2818 2778/2844/2816 
f 2774/2840/2812 2781/2847/2819 2780/2846/2818 
f 2300/2361/2333 2304/2365/2337 2782/2848/2820 
f 2300/2361/2333 2782/2848/2820 2301/2362/2334 
f 2714/2780/2752 2713/2779/2751 2783/2849/2821 
f 2784/2850/2822 2783/2849/2821 2713/2779/2751 
f 2785/2851/2823 2713/2779/2751 2455/2519/2491 
f 2784/2850/2822 2713/2779/2751 2785/2851/2823 
f 2785/2851/2823 2455/2519/2491 2454/2518/2490 
f 2784/2850/2822 2786/2852/2824 2783/2849/2821 
f 2784/2850/2822 2787/2853/2825 2786/2852/2824 
f 2788/2854/2826 2789/2855/2827 2531/2597/2569 
f 2788/2854/2826 2531/2597/2569 2790/2856/2828 
f 2530/2596/2568 2790/2856/2828 2531/2597/2569 
f 2228/2289/2261 2790/2856/2828 2765/2831/2803 
f 2530/2596/2568 2765/2831/2803 2790/2856/2828 
f 2791/2857/2829 2788/2854/2826 2790/2856/2828 
f 2792/2858/2830 2789/2855/2827 2788/2854/2826 
f 2791/2857/2829 2792/2858/2830 2788/2854/2826 
f 2793/2859/2831 2586/2652/2624 2591/2657/2629 
f 2793/2859/2831 2794/2860/2832 2586/2652/2624 
f 2589/2655/2627 2795/2861/2833 2796/2862/2834 
f 2589/2655/2627 2796/2862/2834 2591/2657/2629 
f 2370/2431/2403 2796/2862/2834 2795/2861/2833 
f 2370/2431/2403 2368/2429/2401 2796/2862/2834 
f 2208/2269/2241 2797/2863/2835 2199/2260/2232 
f 2260/2321/2293 2797/2863/2835 2798/2864/2836 
f 2797/2863/2835 2260/2321/2293 2259/2320/2292 
f 2208/2269/2241 2798/2864/2836 2797/2863/2835 
f 2799/2865/2837 2207/2268/2240 2206/2267/2239 
f 2798/2864/2836 2799/2865/2837 2670/2736/2708 
f 2208/2269/2241 2799/2865/2837 2798/2864/2836 
f 2208/2269/2241 2207/2268/2240 2799/2865/2837 
f 2800/2866/2838 2536/2602/2574 2532/2598/2570 
f 2800/2866/2838 2532/2598/2570 2531/2597/2569 
f 2801/2867/2839 2792/2858/2830 2791/2857/2829 
f 2801/2867/2839 2800/2866/2838 2531/2597/2569 
f 2789/2855/2827 2801/2867/2839 2531/2597/2569 
f 2801/2867/2839 2802/2868/2840 2800/2866/2838 
f 2791/2857/2829 2802/2868/2840 2801/2867/2839 
f 2789/2855/2827 2803/2869/2841 2801/2867/2839 
f 2801/2867/2839 2803/2869/2841 2792/2858/2830 
f 2792/2858/2830 2803/2869/2841 2789/2855/2827 
f 2562/2628/2600 2561/2627/2599 2804/2870/2842 
f 2562/2628/2600 2804/2870/2842 2805/2871/2843 
f 2806/2872/2844 2562/2628/2600 2805/2871/2843 
f 2807/2873/2845 2563/2629/2601 2562/2628/2600 
f 2807/2873/2845 2433/2497/2469 2563/2629/2601 
f 2807/2873/2845 2434/2498/2470 2433/2497/2469 
f 2806/2872/2844 2807/2873/2845 2562/2628/2600 
f 2806/2872/2844 2808/2874/2846 2807/2873/2845 
f 2809/2875/2847 2755/2821/2793 2754/2820/2792 
f 2809/2875/2847 2810/2876/2848 2811/2877/2849 
f 2809/2875/2847 2811/2877/2849 2812/2878/2850 
f 2812/2878/2850 2755/2821/2793 2809/2875/2847 
f 2811/2877/2849 2710/2776/2748 2813/2879/2851 
f 2811/2877/2849 2813/2879/2851 2812/2878/2850 
f 2813/2879/2851 2710/2776/2748 2297/2358/2330 
f 2812/2878/2850 2813/2879/2851 2296/2357/2329 
f 2813/2879/2851 2297/2358/2330 2296/2357/2329 
f 2812/2878/2850 2814/2880/2852 2755/2821/2793 
f 2756/2822/2794 2755/2821/2793 2814/2880/2852 
f 2814/2880/2852 2812/2878/2850 2815/2881/2853 
f 2812/2878/2850 2296/2357/2329 2815/2881/2853 
f 2233/2294/2266 2815/2881/2853 2234/2295/2267 
f 2296/2357/2329 2234/2295/2267 2815/2881/2853 
f 2816/2882/2854 2817/2883/2855 2818/2884/2856 
f 2816/2882/2854 2818/2884/2856 2819/2885/2857 
f 2820/2886/2858 2816/2882/2854 2819/2885/2857 
f 2820/2886/2858 2819/2885/2857 2560/2626/2598 
f 2819/2885/2857 2818/2884/2856 2821/2887/2859 
f 2819/2885/2857 2821/2887/2859 2560/2626/2598 
f 2822/2888/2860 2823/2889/2861 2824/2890/2862 
f 2822/2888/2860 2824/2890/2862 2825/2891/2863 
f 2826/2892/2864 2823/2889/2861 2822/2888/2860 
f 2826/2892/2864 2421/2485/2457 2823/2889/2861 
f 2822/2888/2860 2825/2891/2863 2827/2893/2865 
f 2822/2888/2860 2827/2893/2865 2826/2892/2864 
f 2776/2842/2814 2828/2894/2866 2777/2843/2815 
f 2828/2894/2866 2829/2895/2867 2777/2843/2815 
f 2828/2894/2866 2830/2896/2868 2829/2895/2867 
f 2342/2403/2375 2344/2405/2377 2831/2897/2869 
f 2777/2843/2815 2831/2897/2869 2774/2840/2812 
f 2777/2843/2815 2829/2895/2867 2831/2897/2869 
f 2342/2403/2375 2831/2897/2869 2829/2895/2867 
f 2781/2847/2819 2774/2840/2812 2831/2897/2869 
f 2359/2420/2392 2832/2898/2870 2360/2421/2393 
f 2359/2420/2392 2833/2899/2871 2832/2898/2870 
f 2832/2898/2870 2834/2900/2872 2835/2901/2873 
f 2832/2898/2870 2835/2901/2873 2360/2421/2393 
f 2836/2902/2874 2487/2553/2525 2485/2551/2523 
f 2836/2902/2874 2485/2551/2523 2837/2903/2875 
f 2838/2904/2876 2836/2902/2874 2837/2903/2875 
f 2838/2904/2876 2837/2903/2875 2839/2905/2877 
f 2840/2906/2878 2836/2902/2874 2838/2904/2876 
f 2487/2553/2525 2836/2902/2874 2840/2906/2878 
f 2839/2905/2877 2841/2907/2879 2838/2904/2876 
f 2840/2906/2878 2838/2904/2876 2841/2907/2879 
f 2842/2908/2880 2601/2667/2639 2600/2666/2638 
f 2839/2905/2877 2842/2908/2880 2841/2907/2879 
f 2843/2909/2881 2833/2899/2871 2359/2420/2392 
f 2843/2909/2881 2359/2420/2392 2358/2419/2391 
f 2844/2910/2882 2843/2909/2881 2358/2419/2391 
f 2246/2307/2279 2844/2910/2882 2358/2419/2391 
f 2845/2911/2883 2833/2899/2871 2843/2909/2881 
f 2844/2910/2882 2845/2911/2883 2843/2909/2881 
f 2846/2912/2884 2847/2913/2885 2848/2914/2886 
f 2846/2912/2884 2848/2914/2886 2849/2915/2887 
f 2849/2915/2887 2380/2441/2413 2846/2912/2884 
f 2849/2915/2887 2381/2442/2414 2380/2441/2413 
f 2383/2444/2416 2381/2442/2414 2849/2915/2887 
f 2846/2912/2884 2850/2916/2888 2847/2913/2885 
f 2846/2912/2884 2380/2441/2413 2850/2916/2888 
f 2851/2917/2889 2852/2918/2890 2853/2919/2891 
f 2851/2917/2889 2853/2919/2891 2854/2920/2892 
f 2853/2919/2891 2855/2921/2893 2854/2920/2892 
f 2854/2920/2892 2856/2922/2894 2851/2917/2889 
f 2854/2920/2892 2855/2921/2893 2856/2922/2894 
f 2853/2919/2891 2857/2923/2895 2855/2921/2893 
f 2794/2860/2832 2793/2859/2831 2858/2924/2896 
f 2859/2925/2897 2858/2924/2896 2860/2926/2898 
f 2860/2926/2898 2858/2924/2896 2793/2859/2831 
f 2859/2925/2897 2860/2926/2898 2861/2927/2899 
f 2860/2926/2898 2793/2859/2831 2862/2928/2900 
f 2860/2926/2898 2862/2928/2900 2863/2929/2901 
f 2860/2926/2898 2863/2929/2901 2861/2927/2899 
f 2861/2927/2899 2863/2929/2901 2864/2930/2902 
f 2861/2927/2899 2864/2930/2902 2859/2925/2897 
f 2865/2931/2903 2866/2932/2904 2867/2933/2905 
f 2865/2931/2903 2867/2933/2905 2868/2934/2906 
f 2868/2934/2906 2869/2935/2907 2865/2931/2903 
f 2869/2935/2907 2870/2936/2908 2865/2931/2903 
f 2869/2935/2907 2871/2937/2909 2870/2936/2908 
f 2868/2934/2906 2872/2938/2910 2869/2935/2907 
f 2870/2936/2908 2873/2939/2911 2865/2931/2903 
f 2865/2931/2903 2873/2939/2911 2874/2940/2912 
f 2865/2931/2903 2874/2940/2912 2866/2932/2904 
f 2867/2933/2905 2866/2932/2904 2874/2940/2912 
f 2870/2936/2908 2875/2941/2913 2873/2939/2911 
f 2876/2942/2914 2877/2943/2915 2878/2944/2916 
f 2876/2942/2914 2878/2944/2916 2879/2945/2917 
f 2880/2946/2918 2876/2942/2914 2879/2945/2917 
f 2876/2942/2914 2880/2946/2918 2881/2947/2919 
f 2882/2948/2920 2877/2943/2915 2876/2942/2914 
f 2876/2942/2914 2881/2947/2919 2882/2948/2920 
f 2883/2949/2921 2347/2408/2380 2343/2404/2376 
f 2883/2949/2921 2343/2404/2376 2884/2950/2922 
f 2341/2402/2374 2884/2950/2922 2343/2404/2376 
f 2884/2950/2922 2885/2951/2923 2883/2949/2921 
f 2883/2949/2921 2885/2951/2923 2886/2952/2924 
f 2883/2949/2921 2886/2952/2924 2347/2408/2380 
f 2884/2950/2922 2887/2953/2925 2885/2951/2923 
f 2888/2954/2926 2889/2955/2927 2890/2956/2928 
f 2888/2954/2926 2890/2956/2928 2891/2957/2929 
f 2888/2954/2926 2891/2957/2929 2892/2958/2930 
f 2893/2959/2931 2889/2955/2927 2888/2954/2926 
f 2888/2954/2926 2892/2958/2930 2893/2959/2931 
f 2893/2959/2931 2894/2960/2932 2889/2955/2927 
f 2809/2875/2847 2754/2820/2792 2895/2961/2933 
f 2810/2876/2848 2809/2875/2847 2895/2961/2933 
f 2810/2876/2848 2895/2961/2933 2896/2962/2934 
f 2896/2962/2934 2811/2877/2849 2810/2876/2848 
f 2896/2962/2934 2897/2963/2935 2811/2877/2849 
f 2897/2963/2935 2710/2776/2748 2811/2877/2849 
f 2897/2963/2935 2711/2777/2749 2710/2776/2748 
f 2898/2964/2936 2899/2965/2937 2900/2966/2938 
f 2898/2964/2936 2900/2966/2938 2901/2967/2939 
f 2901/2967/2939 2900/2966/2938 2902/2968/2940 
f 2901/2967/2939 2902/2968/2940 2903/2969/2941 
f 2903/2969/2941 2898/2964/2936 2901/2967/2939 
f 2903/2969/2941 2904/2970/2942 2898/2964/2936 
f 2905/2971/2943 2906/2972/2944 2907/2973/2945 
f 2907/2973/2945 2386/2447/2419 2385/2446/2418 
f 2908/2974/2946 2907/2973/2945 2385/2446/2418 
f 2905/2971/2943 2907/2973/2945 2908/2974/2946 
f 2908/2974/2946 2909/2975/2947 2905/2971/2943 
f 2908/2974/2946 2910/2976/2948 2909/2975/2947 
f 2905/2971/2943 2911/2977/2949 2906/2972/2944 
f 2905/2971/2943 2909/2975/2947 2911/2977/2949 
f 2912/2978/2950 2913/2979/2951 2914/2980/2952 
f 2913/2979/2951 2577/2643/2615 2914/2980/2952 
f 2912/2978/2950 2914/2980/2952 2915/2981/2953 
f 2916/2982/2954 2485/2551/2523 2484/2550/2522 
f 2916/2982/2954 2837/2903/2875 2485/2551/2523 
f 2915/2981/2953 2917/2983/2955 2912/2978/2950 
f 2916/2982/2954 2484/2550/2522 2917/2983/2955 
f 2915/2981/2953 2916/2982/2954 2917/2983/2955 
f 2918/2984/2956 2916/2982/2954 2915/2981/2953 
f 2918/2984/2956 2837/2903/2875 2916/2982/2954 
f 2918/2984/2956 2839/2905/2877 2837/2903/2875 
f 2915/2981/2953 2914/2980/2952 2919/2985/2957 
f 2915/2981/2953 2919/2985/2957 2920/2986/2958 
f 2915/2981/2953 2920/2986/2958 2921/2987/2959 
f 2915/2981/2953 2921/2987/2959 2918/2984/2956 
f 2922/2988/2960 2740/2806/2778 2504/2570/2542 
f 2922/2988/2960 2504/2570/2542 2503/2569/2541 
f 2503/2569/2541 2224/2285/2257 2923/2989/2961 
f 2503/2569/2541 2923/2989/2961 2922/2988/2960 
f 2924/2990/2962 2729/2795/2767 2728/2794/2766 
f 2729/2795/2767 2924/2990/2962 2925/2991/2963 
f 2729/2795/2767 2925/2991/2963 2926/2992/2964 
f 2926/2992/2964 2724/2790/2762 2729/2795/2767 
f 2926/2992/2964 2925/2991/2963 2927/2993/2965 
f 2926/2992/2964 2927/2993/2965 2928/2994/2966 
f 2926/2992/2964 2929/2995/2967 2724/2790/2762 
f 2928/2994/2966 2930/2996/2968 2926/2992/2964 
f 2930/2996/2968 2929/2995/2967 2926/2992/2964 
f 2930/2996/2968 2931/2997/2969 2929/2995/2967 
f 2928/2994/2966 2932/2998/2970 2930/2996/2968 
f 2933/2999/2971 2934/3000/2972 2935/3001/2973 
f 2933/2999/2971 2935/3001/2973 2936/3002/2974 
f 2937/3003/2975 2934/3000/2972 2933/2999/2971 
f 2937/3003/2975 2933/2999/2971 2938/3004/2976 
f 2933/2999/2971 2936/3002/2974 2939/3005/2977 
f 2933/2999/2971 2939/3005/2977 2938/3004/2976 
f 2552/2618/2590 2940/3006/2978 2546/2612/2584 
f 2941/3007/2979 2378/2439/2411 2899/2965/2937 
f 2941/3007/2979 2377/2438/2410 2378/2439/2411 
f 2942/3008/2980 2941/3007/2979 2899/2965/2937 
f 2898/2964/2936 2942/3008/2980 2899/2965/2937 
f 2898/2964/2936 2943/3009/2981 2942/3008/2980 
f 2943/3009/2981 2944/3010/2982 2942/3008/2980 
f 2942/3008/2980 2944/3010/2982 2941/3007/2979 
f 2945/3011/2983 2857/2923/2895 2946/3012/2984 
f 2945/3011/2983 2946/3012/2984 2947/3013/2985 
f 2948/3014/2986 2857/2923/2895 2945/3011/2983 
f 2948/3014/2986 2855/2921/2893 2857/2923/2895 
f 2949/3015/2987 2948/3014/2986 2945/3011/2983 
f 2949/3015/2987 2945/3011/2983 2950/3016/2988 
f 2951/3017/2989 1160/1160/1160 2952/3018/2990 
f 1070/1070/1070 2952/3018/2990 1160/1160/1160 
f 2951/3017/2989 2952/3018/2990 2953/3019/2991 
f 2954/3020/2992 1159/1159/1159 1160/1160/1160 
f 1159/1159/1159 2954/3020/2992 2708/2774/2746 
f 2954/3020/2992 1160/1160/1160 2951/3017/2989 
f 2955/3021/2993 2954/3020/2992 2951/3017/2989 
f 2708/2774/2746 2954/3020/2992 2956/3022/2994 
f 2708/2774/2746 2956/3022/2994 2704/2770/2742 
f 2955/3021/2993 2956/3022/2994 2954/3020/2992 
f 2951/3017/2989 2953/3019/2991 2957/3023/2995 
f 2951/3017/2989 2957/3023/2995 2958/3024/2996 
f 2955/3021/2993 2951/3017/2989 2958/3024/2996 
f 2959/3025/2997 2350/2411/2383 2349/2410/2382 
f 2470/2536/2508 2458/2522/2494 2959/3025/2997 
f 2959/3025/2997 2349/2410/2382 2960/3026/2998 
f 2960/3026/2998 2460/2524/2496 2470/2536/2508 
f 2960/3026/2998 2349/2410/2382 2356/2417/2389 
f 2470/2536/2508 2959/3025/2997 2960/3026/2998 
f 2784/2850/2822 2961/3027/2999 2787/2853/2825 
f 2961/3027/2999 2785/2851/2823 2454/2518/2490 
f 2961/3027/2999 2454/2518/2490 2460/2524/2496 
f 2960/3026/2998 2961/3027/2999 2460/2524/2496 
f 2784/2850/2822 2785/2851/2823 2961/3027/2999 
f 2962/3028/3000 2961/3027/2999 2960/3026/2998 
f 2960/3026/2998 2356/2417/2389 2962/3028/3000 
f 2962/3028/3000 2787/2853/2825 2961/3027/2999 
f 2963/3029/3001 2964/3030/3002 2965/3031/3003 
f 2963/3029/3001 2965/3031/3003 2966/3032/3004 
f 2967/3033/3005 2964/3030/3002 2963/3029/3001 
f 2967/3033/3005 2968/3034/3006 2964/3030/3002 
f 2963/3029/3001 2966/3032/3004 2969/3035/3007 
f 2963/3029/3001 2969/3035/3007 2967/3033/3005 
f 2970/3036/3008 2769/2835/2807 2773/2839/2811 
f 2971/3037/3009 2445/2509/2481 2442/2506/2478 
f 2970/3036/3008 2971/3037/3009 2769/2835/2807 
f 2971/3037/3009 2970/3036/3008 2445/2509/2481 
f 2972/3038/3010 2766/2832/2804 2771/2837/2809 
f 2972/3038/3010 2973/3039/3011 2766/2832/2804 
f 2974/3040/3012 2975/3041/3013 2972/3038/3010 
f 2975/3041/3013 2973/3039/3011 2972/3038/3010 
f 2974/3040/3012 2976/3042/3014 2975/3041/3013 
f 2696/2762/2734 2977/3043/3015 2695/2761/2733 
f 2977/3043/3015 2972/3038/3010 2771/2837/2809 
f 2977/3043/3015 2771/2837/2809 2695/2761/2733 
f 2972/3038/3010 2978/3044/3016 2974/3040/3012 
f 2972/3038/3010 2977/3043/3015 2978/3044/3016 
f 2975/3041/3013 2979/3045/3017 2973/3039/3011 
f 2294/2355/2327 2980/3046/3018 2295/2356/2328 
f 2294/2355/2327 2981/3047/3019 2980/3046/3018 
f 2982/3048/3020 2980/3046/3018 2981/3047/3019 
f 2981/3047/3019 2294/2355/2327 2293/2354/2326 
f 2981/3047/3019 2293/2354/2326 2712/2778/2750 
f 2982/3048/3020 2981/3047/3019 2983/3049/3021 
f 2984/3050/3022 2336/2397/2369 2335/2396/2368 
f 2983/3049/3021 2984/3050/3022 2985/3051/3023 
f 2983/3049/3021 2985/3051/3023 2982/3048/3020 
f 2982/3048/3020 2985/3051/3023 2986/3052/3024 
f 2982/3048/3020 2986/3052/3024 2980/3046/3018 
f 2764/2830/2802 2763/2829/2801 2987/3053/3025 
f 2764/2830/2802 2987/3053/3025 1209/1209/1209 
f 1210/1210/1210 1209/1209/1209 2987/3053/3025 
f 1207/1207/1207 1210/1210/1210 2987/3053/3025 
f 2988/3054/3026 2989/3055/3027 2990/3056/3028 
f 2988/3054/3026 2990/3056/3028 2991/3057/3029 
f 2988/3054/3026 2991/3057/3029 2992/3058/3030 
f 2988/3054/3026 2992/3058/3030 2993/3059/3031 
f 2988/3054/3026 2993/3059/3031 2994/3060/3032 
f 2988/3054/3026 2994/3060/3032 2989/3055/3027 
f 2995/3061/3033 2996/3062/3034 2997/3063/3035 
f 2995/3061/3033 2997/3063/3035 2510/2576/2548 
f 2997/3063/3035 2505/2571/2543 2510/2576/2548 
f 2997/3063/3035 2506/2572/2544 2505/2571/2543 
f 2509/2575/2547 2998/3064/3036 2510/2576/2548 
f 2510/2576/2548 2998/3064/3036 2999/3065/3037 
f 2510/2576/2548 2999/3065/3037 2995/3061/3033 
f 3000/3066/3038 2222/2283/2255 2221/2282/2254 
f 2509/2575/2547 3000/3066/3038 2998/3064/3036 
f 3000/3066/3038 2221/2282/2254 2998/3064/3036 
f 3001/3067/3039 2826/2892/2864 2827/2893/2865 
f 3001/3067/3039 2426/2490/2462 2422/2486/2458 
f 3001/3067/3039 2421/2485/2457 2826/2892/2864 
f 3001/3067/3039 2422/2486/2458 2421/2485/2457 
f 3001/3067/3039 2827/2893/2865 3002/3068/3040 
f 3001/3067/3039 3002/3068/3040 2426/2490/2462 
f 2968/3034/3006 2967/3033/3005 3003/3069/3041 
f 2968/3034/3006 3003/3069/3041 3004/3070/3042 
f 2968/3034/3006 3005/3071/3043 2964/3030/3002 
f 2968/3034/3006 3004/3070/3042 3005/3071/3043 
f 3006/3072/3044 2848/2914/2886 2847/2913/2885 
f 3006/3072/3044 2847/2913/2885 3007/3073/3045 
f 3007/3073/3045 2847/2913/2885 3008/3074/3046 
f 3007/3073/3045 3008/3074/3046 3009/3075/3047 
f 3010/3076/3048 2652/2718/2690 2651/2717/2689 
f 3011/3077/3049 3012/3078/3050 3010/3076/3048 
f 3010/3076/3048 2651/2717/2689 3013/3079/3051 
f 3011/3077/3049 3010/3076/3048 3013/3079/3051 
f 3011/3077/3049 3014/3080/3052 3012/3078/3050 
f 3011/3077/3049 3015/3081/3053 3014/3080/3052 
f 3012/3078/3050 3014/3080/3052 2594/2660/2632 
f 3013/3079/3051 3016/3082/3054 3011/3077/3049 
f 3011/3077/3049 3016/3082/3054 3017/3083/3055 
f 2845/2911/2883 3017/3083/3055 2833/2899/2871 
f 3011/3077/3049 3017/3083/3055 2845/2911/2883 
f 2845/2911/2883 2844/2910/2882 3018/3084/3056 
f 2845/2911/2883 3018/3084/3056 3011/3077/3049 
f 3018/3084/3056 3015/3081/3053 3011/3077/3049 
f 3018/3084/3056 3019/3085/3057 3015/3081/3053 
f 3020/3086/3058 3021/3087/3059 3022/3088/3060 
f 3020/3086/3058 3022/3088/3060 3023/3089/3061 
f 3024/3090/3062 3020/3086/3058 3023/3089/3061 
f 3024/3090/3062 3025/3091/3063 3020/3086/3058 
f 3023/3089/3061 3026/3092/3064 3024/3090/3062 
f 3023/3089/3061 3027/3093/3065 3026/3092/3064 
f 3028/3094/3066 2509/2575/2547 2512/2578/2550 
f 3029/3095/3067 3028/3094/3066 2512/2578/2550 
f 3028/3094/3066 3000/3066/3038 2509/2575/2547 
f 2223/2284/2256 3028/3094/3066 3029/3095/3067 
f 3028/3094/3066 2222/2283/2255 3000/3066/3038 
f 3028/3094/3066 2223/2284/2256 2222/2283/2255 
f 2512/2578/2550 2515/2581/2553 3030/3096/3068 
f 3029/3095/3067 2512/2578/2550 3030/3096/3068 
f 3031/3097/3069 3029/3095/3067 3030/3096/3068 
f 3031/3097/3069 3030/3096/3068 3032/3098/3070 
f 2515/2581/2553 2602/2668/2640 3033/3099/3071 
f 3033/3099/3071 2602/2668/2640 2315/2376/2348 
f 2515/2581/2553 3033/3099/3071 3034/3100/3072 
f 2515/2581/2553 3034/3100/3072 3030/3096/3068 
f 3032/3098/3070 3030/3096/3068 3034/3100/3072 
f 2918/2984/2956 3035/3101/3073 2839/2905/2877 
f 3036/3102/3074 3006/3072/3044 3007/3073/3045 
f 3036/3102/3074 3007/3073/3045 3037/3103/3075 
f 3007/3073/3045 3038/3104/3076 3037/3103/3075 
f 1297/1297/1297 3038/3104/3076 1298/1298/1298 
f 1297/1297/1297 3039/3105/3077 3038/3104/3076 
f 1300/1300/1300 3039/3105/3077 1297/1297/1297 
f 3037/3103/3075 3038/3104/3076 3039/3105/3077 
f 3037/3103/3075 3039/3105/3077 3040/3106/3078 
f 3007/3073/3045 3041/3107/3079 3038/3104/3076 
f 3042/3108/3080 3043/3109/3081 3044/3110/3082 
f 3042/3108/3080 3044/3110/3082 3045/3111/3083 
f 3046/3112/3084 2401/2462/2434 2399/2460/2432 
f 3047/3113/3085 2399/2460/2432 2398/2459/2431 
f 3045/3111/3083 3046/3112/3084 3047/3113/3085 
f 3045/3111/3083 3047/3113/3085 3042/3108/3080 
f 3046/3112/3084 2399/2460/2432 3047/3113/3085 
f 3047/3113/3085 2398/2459/2431 3048/3114/3086 
f 3042/3108/3080 3047/3113/3085 3048/3114/3086 
f 3048/3114/3086 2398/2459/2431 2607/2673/2645 
f 3042/3108/3080 3048/3114/3086 3043/3109/3081 
f 2436/2500/2472 3049/3115/3087 2275/2336/2308 
f 2435/2499/2471 3049/3115/3087 2436/2500/2472 
f 3049/3115/3087 2609/2675/2647 2275/2336/2308 
f 2435/2499/2471 3050/3116/3088 3049/3115/3087 
f 3050/3116/3088 2435/2499/2471 2438/2502/2474 
f 3051/3117/3089 3052/3118/3090 3053/3119/3091 
f 3051/3117/3089 3053/3119/3091 3054/3120/3092 
f 3055/3121/3093 3052/3118/3090 3051/3117/3089 
f 3055/3121/3093 3056/3122/3094 3052/3118/3090 
f 3056/3122/3094 3053/3119/3091 3052/3118/3090 
f 3051/3123/3095 3057/3124/3096 3058/3125/3097 
f 2684/2750/2722 2683/2749/2721 3058/3125/3097 
f 3055/3126/3098 3058/3125/3097 2683/2749/2721 
f 3051/3123/3095 3058/3125/3097 3055/3126/3098 
f 3059/3127/3099 3060/3128/3100 3061/3129/3101 
f 3059/3127/3099 3061/3129/3101 3062/3130/3102 
f 3063/3131/3103 3060/3128/3100 3059/3127/3099 
f 3063/3131/3103 3064/3132/3104 3060/3128/3100 
f 3059/3127/3099 3062/3130/3102 3065/3133/3105 
f 3059/3127/3099 3065/3133/3105 3063/3131/3103 
f 2198/2259/2231 2527/2593/2565 3066/3134/3106 
f 3067/3135/3107 2198/2259/2231 3066/3134/3106 
f 3066/3134/3106 2527/2593/2565 2526/2592/2564 
f 3067/3135/3107 3066/3134/3106 3068/3136/3108 
f 2198/2259/2231 3069/3137/3109 2534/2600/2572 
f 2535/2601/2573 2534/2600/2572 3069/3137/3109 
f 3069/3137/3109 2198/2259/2231 3067/3135/3107 
f 3069/3137/3109 3067/3135/3107 3070/3138/3110 
f 3067/3135/3107 3068/3136/3108 3071/3139/3111 
f 3067/3135/3107 3071/3139/3111 3070/3138/3110 
f 3072/3140/3112 2610/2676/2648 2609/2675/2647 
f 3072/3140/3112 3073/3141/3113 3074/3142/3114 
f 3072/3140/3112 3074/3142/3114 3075/3143/3115 
f 3075/3143/3115 2610/2676/2648 3072/3140/3112 
f 3074/3142/3114 3076/3144/3116 3077/3145/3117 
f 3074/3142/3114 3077/3145/3117 3075/3143/3115 
f 3075/3143/3115 3078/3146/3118 2610/2676/2648 
f 2611/2677/2649 2610/2676/2648 3078/3146/3118 
f 3079/3147/3119 2702/2768/2740 2704/2770/2742 
f 2956/3022/2994 3079/3147/3119 2704/2770/2742 
f 3079/3147/3119 2371/2432/2404 2702/2768/2740 
f 3080/3148/3120 2956/3022/2994 2955/3021/2993 
f 2956/3022/2994 3080/3148/3120 3079/3147/3119 
f 3081/3149/3121 2438/2502/2474 2434/2498/2470 
f 3081/3149/3121 2434/2498/2470 3082/3150/3122 
f 2807/2873/2845 3082/3150/3122 2434/2498/2470 
f 3082/3150/3122 3083/3151/3123 3081/3149/3121 
f 3081/3149/3121 3084/3152/3124 2438/2502/2474 
f 3081/3149/3121 3083/3151/3123 3084/3152/3124 
f 3050/3116/3088 2438/2502/2474 3084/3152/3124 
f 3082/3150/3122 3085/3153/3125 3083/3151/3123 
f 2807/2873/2845 2808/2874/2846 3085/3153/3125 
f 2807/2873/2845 3085/3153/3125 3082/3150/3122 
f 1338/1338/1338 1337/1337/1337 3086/3154/3126 
f 3087/3155/3127 3086/3154/3126 3088/3156/3128 
f 3088/3156/3128 3086/3154/3126 1337/1337/1337 
f 3088/3156/3128 1337/1337/1337 1329/1329/1329 
f 3087/3155/3127 3088/3156/3128 3089/3157/3129 
f 3090/3158/3130 3086/3154/3126 3087/3155/3127 
f 3090/3158/3130 3091/3159/3131 3086/3154/3126 
f 1338/1338/1338 3091/3159/3131 1340/1340/1340 
f 1338/1338/1338 3086/3154/3126 3091/3159/3131 
f 3087/3155/3127 3089/3157/3129 3092/3160/3132 
f 3087/3155/3127 3092/3160/3132 3090/3158/3130 
f 3093/3161/3133 2318/2379/2351 2317/2378/2350 
f 2322/2383/2355 3093/3161/3133 2317/2378/2350 
f 3093/3161/3133 3094/3162/3134 2318/2379/2351 
f 2322/2383/2355 3095/3163/3135 3093/3161/3133 
f 3094/3162/3134 3093/3161/3133 3095/3163/3135 
f 3096/3164/3136 3094/3162/3134 3095/3163/3135 
f 3049/3115/3087 3097/3165/3137 2609/2675/2647 
f 3072/3140/3112 2609/2675/2647 3097/3165/3137 
f 3098/3166/3138 3099/3167/3139 3100/3168/3140 
f 3101/3169/3141 2274/2335/2307 2273/2334/2306 
f 3101/3169/3141 2273/2334/2306 3098/3166/3138 
f 3098/3166/3138 3100/3168/3140 3101/3169/3141 
f 3100/3168/3140 3102/3170/3142 3101/3169/3141 
f 3100/3168/3140 3103/3171/3143 3102/3170/3142 
f 3104/3172/3144 2437/2501/2473 2436/2500/2472 
f 3102/3170/3142 3104/3172/3144 3101/3169/3141 
f 3104/3172/3144 2274/2335/2307 3101/3169/3141 
f 3104/3172/3144 2436/2500/2472 2274/2335/2307 
f 3102/3170/3142 3105/3173/3145 3104/3172/3144 
f 3104/3172/3144 3105/3173/3145 2437/2501/2473 
f 3106/3174/3146 3107/3175/3147 3108/3176/3148 
f 3108/3176/3148 2661/2727/2699 2660/2726/2698 
f 3106/3174/3146 3108/3176/3148 3109/3177/3149 
f 1101/1101/1101 3110/3178/3150 1100/1100/1100 
f 1101/1101/1101 3111/3179/3151 3110/3178/3150 
f 3110/3178/3150 3112/3180/3152 3113/3181/3153 
f 3110/3178/3150 3113/3181/3153 1100/1100/1100 
f 1040/1040/1040 1100/1100/1100 3113/3181/3153 
f 3114/3182/3154 3115/3183/3155 3116/3184/3156 
f 2321/2382/2354 3116/3184/3156 3115/3183/3155 
f 2323/2384/2356 3116/3184/3156 2321/2382/2354 
f 3114/3182/3154 3116/3184/3156 3117/3185/3157 
f 2323/2384/2356 3118/3186/3158 3116/3184/3156 
f 3117/3185/3157 3116/3184/3156 3118/3186/3158 
f 3117/3185/3157 3118/3186/3158 3119/3187/3159 
f 2323/2384/2356 3119/3187/3159 3118/3186/3158 
f 3117/3185/3157 3120/3188/3160 3121/3189/3161 
f 3117/3185/3157 3121/3189/3161 3114/3182/3154 
f 3122/3190/3162 3123/3191/3163 2490/2556/2528 
f 3123/3191/3163 3122/3190/3162 3124/3192/3164 
f 3123/3191/3163 3124/3192/3164 2779/2845/2817 
f 3125/3193/3165 2490/2556/2528 3123/3191/3163 
f 3125/3193/3165 2486/2552/2524 2490/2556/2528 
f 2779/2845/2817 2778/2844/2816 3126/3194/3166 
f 2779/2845/2817 3126/3194/3166 3123/3191/3163 
f 3123/3191/3163 3126/3194/3166 3127/3195/3167 
f 3123/3191/3163 3127/3195/3167 3125/3193/3165 
f 3128/3196/3168 3129/3197/3169 3130/3198/3170 
f 3128/3196/3168 3130/3198/3170 3131/3199/3171 
f 3132/3200/3172 3128/3196/3168 3131/3199/3171 
f 3132/3200/3172 3133/3201/3173 3128/3196/3168 
f 3131/3199/3171 3134/3202/3174 3135/3203/3175 
f 3131/3199/3171 3135/3203/3175 3132/3200/3172 
f 3130/3198/3170 3136/3204/3176 3137/3205/3177 
f 3137/3205/3177 3134/3202/3174 3131/3199/3171 
f 3130/3198/3170 3137/3205/3177 3131/3199/3171 
f 3138/3206/3178 3139/3207/3179 3140/3208/3180 
f 3138/3206/3178 3140/3208/3180 3141/3209/3181 
f 3140/3208/3180 3142/3210/3182 3141/3209/3181 
f 3140/3208/3180 3143/3211/3183 3142/3210/3182 
f 2553/2619/2591 3144/3212/3184 2554/2620/2592 
f 2557/2623/2595 2555/2621/2593 3145/3213/3185 
f 2554/2620/2592 3145/3213/3185 2555/2621/2593 
f 2554/2620/2592 3144/3212/3184 3145/3213/3185 
f 2553/2619/2591 3146/3214/3186 3144/3212/3184 
f 3146/3214/3186 3044/3110/3082 3043/3109/3081 
f 3147/3215/3187 3148/3216/3188 3149/3217/3189 
f 3074/3142/3114 3073/3141/3113 3150/3218/3190 
f 3147/3215/3187 3149/3217/3189 3150/3218/3190 
f 3147/3215/3187 3150/3218/3190 3073/3141/3113 
f 3148/3216/3188 3151/3219/3191 3149/3217/3189 
f 3149/3217/3189 3152/3220/3192 3150/3218/3190 
f 3074/3142/3114 3150/3218/3190 3152/3220/3192 
f 3149/3217/3189 3151/3219/3191 3152/3220/3192 
f 3076/3144/3116 3074/3142/3114 3152/3220/3192 
f 3148/3216/3188 3153/3221/3193 3151/3219/3191 
f 2818/2884/2856 3154/3222/3194 3155/3223/3195 
f 2818/2884/2856 3155/3223/3195 3156/3224/3196 
f 2821/2887/2859 2818/2884/2856 3156/3224/3196 
f 2821/2887/2859 3156/3224/3196 3157/3225/3197 
f 3158/3226/3198 2986/3052/3024 2985/3051/3023 
f 2984/3050/3022 2335/2396/2368 3158/3226/3198 
f 3158/3226/3198 2985/3051/3023 2984/3050/3022 
f 3159/3227/3199 2983/3049/3021 2981/3047/3019 
f 3159/3227/3199 2984/3050/3022 2983/3049/3021 
f 3159/3227/3199 2981/3047/3019 2712/2778/2750 
f 3159/3227/3199 3160/3228/3200 2984/3050/3022 
f 3160/3228/3200 2336/2397/2369 2984/3050/3022 
f 3160/3228/3200 2337/2398/2370 2336/2397/2369 
f 3161/3229/3201 2962/3028/3000 2356/2417/2389 
f 2962/3028/3000 3161/3229/3201 3162/3230/3202 
f 2962/3028/3000 3162/3230/3202 2787/2853/2825 
f 2787/2853/2825 3163/3231/3203 2786/2852/2824 
f 2787/2853/2825 3162/3230/3202 3163/3231/3203 
f 3164/3232/3204 3165/3233/3205 3166/3234/3206 
f 3166/3234/3206 3129/3197/3169 3128/3196/3168 
f 3165/3233/3205 3129/3197/3169 3166/3234/3206 
f 3167/3235/3207 3130/3198/3170 3129/3197/3169 
f 3165/3233/3205 3167/3235/3207 3129/3197/3169 
f 3136/3204/3176 3130/3198/3170 3168/3236/3208 
f 3167/3235/3207 3168/3236/3208 3130/3198/3170 
f 3165/3233/3205 3169/3237/3209 3167/3235/3207 
f 3170/3238/3210 2370/2431/2403 2795/2861/2833 
f 3171/3239/3211 3170/3238/3210 3172/3240/3212 
f 3171/3239/3211 3172/3240/3212 2590/2656/2628 
f 3172/3240/3212 2589/2655/2627 2590/2656/2628 
f 3170/3238/3210 2795/2861/2833 3172/3240/3212 
f 3172/3240/3212 2795/2861/2833 2589/2655/2627 
f 3173/3241/3213 3171/3239/3211 2590/2656/2628 
f 3173/3241/3213 3174/3242/3214 3171/3239/3211 
f 3175/3243/3215 2590/2656/2628 2588/2654/2626 
f 3175/3243/3215 3173/3241/3213 2590/2656/2628 
f 2587/2653/2625 3175/3243/3215 2588/2654/2626 
f 2611/2677/2649 3176/3244/3216 2612/2678/2650 
f 2612/2678/2650 3176/3244/3216 2277/2338/2310 
f 2611/2677/2649 3177/3245/3217 3176/3244/3216 
f 2611/2677/2649 3078/3146/3118 3177/3245/3217 
f 3178/3246/3218 3179/3247/3219 3180/3248/3220 
f 3178/3246/3218 3180/3248/3220 3181/3249/3221 
f 3182/3250/3222 3179/3247/3219 3178/3246/3218 
f 3182/3250/3222 3178/3246/3218 3183/3251/3223 
f 3181/3249/3221 3183/3251/3223 3178/3246/3218 
f 3181/3249/3221 3184/3252/3224 3183/3251/3223 
f 3185/3253/3225 2193/2254/2226 2198/2259/2231 
f 2198/2259/2231 2534/2600/2572 3185/3253/3225 
f 2194/2255/2227 2193/2254/2226 3186/3254/3226 
f 3185/3253/3225 3186/3254/3226 2193/2254/2226 
f 3187/3255/3227 3188/3256/3228 3189/3257/3229 
f 3187/3255/3227 3189/3257/3229 3190/3258/3230 
f 3190/3258/3230 3191/3259/3231 3187/3255/3227 
f 3192/3260/3232 3188/3256/3228 3187/3255/3227 
f 2569/2635/2607 3192/3260/3232 3191/3259/3231 
f 3191/3259/3231 3192/3260/3232 3187/3255/3227 
f 3190/3258/3230 3193/3261/3233 3191/3259/3231 
f 3090/3158/3130 3194/3262/3234 3195/3263/3235 
f 3090/3158/3130 3092/3160/3132 3194/3262/3234 
f 3196/3264/3236 3195/3263/3235 3194/3262/3234 
f 3196/3264/3236 3194/3262/3234 3197/3265/3237 
f 3198/3266/3238 3196/3264/3236 3197/3265/3237 
f 3199/3267/3239 3195/3263/3235 3196/3264/3236 
f 3198/3266/3238 3199/3267/3239 3196/3264/3236 
f 3199/3267/3239 3200/3268/3240 3195/3263/3235 
f 3200/3268/3240 3091/3159/3131 3090/3158/3130 
f 3200/3268/3240 1340/1340/1340 3091/3159/3131 
f 3200/3268/3240 1318/1318/1318 1340/1340/1340 
f 3200/3268/3240 3090/3158/3130 3195/3263/3235 
f 3156/3224/3196 3155/3223/3195 3201/3269/3241 
f 3201/3269/3241 2821/2887/2859 3157/3225/3197 
f 3156/3224/3196 3201/3269/3241 3157/3225/3197 
f 3202/3270/3242 3203/3271/3243 3204/3272/3244 
f 3202/3270/3242 3204/3272/3244 3205/3273/3245 
f 3205/3273/3245 2731/2797/2769 2733/2799/2771 
f 3205/3273/3245 2733/2799/2771 3206/3274/3246 
f 3205/3273/3245 3206/3274/3246 3202/3270/3242 
f 2730/2796/2768 2731/2797/2769 3207/3275/3247 
f 3205/3273/3245 3207/3275/3247 2731/2797/2769 
f 2730/2796/2768 3207/3275/3247 2772/2838/2810 
f 3208/3276/3248 2549/2615/2587 2548/2614/2586 
f 3208/3276/3248 3209/3277/3249 2549/2615/2587 
f 3210/3278/3250 2553/2619/2591 2556/2622/2594 
f 3210/3278/3250 3146/3214/3186 2553/2619/2591 
f 3210/3278/3250 3044/3110/3082 3146/3214/3186 
f 3211/3279/3251 3144/3212/3184 3146/3214/3186 
f 3211/3279/3251 3212/3280/3252 3144/3212/3184 
f 3213/3281/3253 3043/3109/3081 3048/3114/3086 
f 3213/3281/3253 3211/3279/3251 3146/3214/3186 
f 3146/3214/3186 3043/3109/3081 3213/3281/3253 
f 2941/3007/2979 3214/3282/3254 2377/2438/2410 
f 2377/2438/2410 3214/3282/3254 3215/3283/3255 
f 1108/1108/1108 3216/3284/3256 3215/3283/3255 
f 3216/3284/3256 2597/2663/2635 2376/2437/2409 
f 2377/2438/2410 3215/3283/3255 3216/3284/3256 
f 3216/3284/3256 2376/2437/2409 2377/2438/2410 
f 1108/1108/1108 1346/1346/1346 3216/3284/3256 
f 2598/2664/2636 2597/2663/2635 3216/3284/3256 
f 2598/2664/2636 3216/3284/3256 1346/1346/1346 
f 3217/3285/3257 2750/2816/2788 2745/2811/2783 
f 3218/3286/3258 3217/3285/3257 3219/3287/3259 
f 3217/3285/3257 2745/2811/2783 3219/3287/3259 
f 2744/2810/2782 3219/3287/3259 2745/2811/2783 
f 3218/3286/3258 3219/3287/3259 3220/3288/3260 
f 2622/2688/2660 2621/2687/2659 3221/3289/3261 
f 3221/3289/3261 3217/3285/3257 3218/3286/3258 
f 3221/3289/3261 3222/3290/3262 3217/3285/3257 
f 2750/2816/2788 3217/3285/3257 3222/3290/3262 
f 3222/3290/3262 3221/3289/3261 2621/2687/2659 
f 3218/3286/3258 3223/3291/3263 3221/3289/3261 
f 3218/3286/3258 3220/3288/3260 3223/3291/3263 
f 2622/2688/2660 3221/3289/3261 3223/3291/3263 
f 3224/3292/3264 3225/3293/3265 3226/3294/3266 
f 3064/3132/3104 3063/3131/3103 3226/3294/3266 
f 3224/3292/3264 3226/3294/3266 3227/3295/3267 
f 3227/3295/3267 3226/3294/3266 3063/3131/3103 
f 3227/3295/3267 3063/3131/3103 3228/3296/3268 
f 3228/3296/3268 3063/3131/3103 3065/3133/3105 
f 2640/2706/2678 3229/3297/3269 3228/3296/3268 
f 3227/3295/3267 3228/3296/3268 3229/3297/3269 
f 3227/3295/3267 3229/3297/3269 3224/3292/3264 
f 3230/3298/3270 3107/3175/3147 2212/2273/2245 
f 3107/3175/3147 3231/3299/3271 3108/3176/3148 
f 3108/3176/3148 3231/3299/3271 2661/2727/2699 
f 3107/3175/3147 3230/3298/3270 3231/3299/3271 
f 2950/3016/2988 2945/3011/2983 3232/3300/3272 
f 3232/3300/3272 2945/3011/2983 2947/3013/2985 
f 2950/3016/2988 3232/3300/3272 3233/3301/3273 
f 3233/3301/3273 3203/3271/3243 3234/3302/3274 
f 3233/3301/3273 3234/3302/3274 3235/3303/3275 
f 3233/3301/3273 3235/3303/3275 2950/3016/2988 
f 2950/3016/2988 3235/3303/3275 3236/3304/3276 
f 2950/3016/2988 3236/3304/3276 2949/3015/2987 
f 2426/2490/2462 3002/3068/3040 3237/3305/3277 
f 3237/3305/3277 2650/2716/2688 2649/2715/2687 
f 3237/3305/3277 3002/3068/3040 2827/2893/2865 
f 2426/2490/2462 3237/3305/3277 2649/2715/2687 
f 3237/3305/3277 2827/2893/2865 3238/3306/3278 
f 3237/3305/3277 3238/3306/3278 2650/2716/2688 
f 2827/2893/2865 2825/2891/2863 3238/3306/3278 
f 3239/3307/3279 2224/2285/2257 2223/2284/2256 
f 2223/2284/2256 3029/3095/3067 3239/3307/3279 
f 3239/3307/3279 2923/2989/2961 2224/2285/2257 
f 3239/3307/3279 3029/3095/3067 3031/3097/3069 
f 2923/2989/2961 3239/3307/3279 3240/3308/3280 
f 3239/3307/3279 3031/3097/3069 3240/3308/3280 
f 2923/2989/2961 3240/3308/3280 3241/3309/3281 
f 3241/3309/3281 2922/2988/2960 2923/2989/2961 
f 3242/3310/3282 2742/2808/2780 2740/2806/2778 
f 3242/3310/3282 2740/2806/2778 2922/2988/2960 
f 3241/3309/3281 3242/3310/3282 2922/2988/2960 
f 3031/3097/3069 3243/3311/3283 3240/3308/3280 
f 3031/3097/3069 3032/3098/3070 3243/3311/3283 
f 3241/3309/3281 3240/3308/3280 3243/3311/3283 
f 3241/3309/3281 3243/3311/3283 3244/3312/3284 
f 3245/3313/3285 2670/2736/2708 2671/2737/2709 
f 2260/2321/2293 2798/2864/2836 3245/3313/3285 
f 2798/2864/2836 2670/2736/2708 3245/3313/3285 
f 3245/3313/3285 2671/2737/2709 3246/3314/3286 
f 3247/3315/3287 2291/2352/2324 2290/2351/2323 
f 3247/3315/3287 2290/2351/2323 3248/3316/3288 
f 3248/3316/3288 2290/2351/2323 2298/2359/2331 
f 3247/3315/3287 3248/3316/3288 3249/3317/3289 
f 3248/3316/3288 2298/2359/2331 3249/3317/3289 
f 3247/3315/3287 3249/3317/3289 3250/3318/3290 
f 3251/3319/3291 3247/3315/3287 3250/3318/3290 
f 3252/3320/3292 2291/2352/2324 3247/3315/3287 
f 3251/3319/3291 3252/3320/3292 3247/3315/3287 
f 3252/3320/3292 2235/2296/2268 2291/2352/2324 
f 3253/3321/3293 3250/3318/3290 3249/3317/3289 
f 2239/2300/2272 2244/2305/2277 3253/3321/3293 
f 3254/3322/3294 3253/3321/3293 2244/2305/2277 
f 3253/3321/3293 3254/3322/3294 3250/3318/3290 
f 3254/3322/3294 3255/3323/3295 3250/3318/3290 
f 3254/3322/3294 3256/3324/3296 3255/3323/3295 
f 3255/3323/3295 3251/3319/3291 3250/3318/3290 
f 3256/3324/3296 3257/3325/3297 3255/3323/3295 
f 3255/3323/3295 3257/3325/3297 3251/3319/3291 
f 2975/3041/3013 2976/3042/3014 3258/3326/3298 
f 2975/3041/3013 3258/3326/3298 2979/3045/3017 
f 2882/2948/2920 3259/3327/3299 2877/2943/2915 
f 3260/3328/3300 3261/3329/3301 3262/3330/3302 
f 3260/3328/3300 3262/3330/3302 3263/3331/3303 
f 3260/3328/3300 3263/3331/3303 3264/3332/3304 
f 3260/3328/3300 3264/3332/3304 3265/3333/3305 
f 3265/3333/3305 3261/3329/3301 3260/3328/3300 
f 2613/2679/2651 2620/2686/2658 3265/3333/3305 
f 2613/2679/2651 3265/3333/3305 3264/3332/3304 
f 3266/3334/3306 2241/2302/2274 2240/2301/2273 
f 3266/3334/3306 2240/2301/2273 3267/3335/3307 
f 3266/3334/3306 3267/3335/3307 3268/3336/3308 
f 3266/3334/3306 3268/3336/3308 3269/3337/3309 
f 3270/3338/3310 2242/2303/2275 2241/2302/2274 
f 3270/3338/3310 2279/2340/2312 2242/2303/2275 
f 3270/3338/3310 2241/2302/2274 3266/3334/3306 
f 3269/3337/3309 3270/3338/3310 3266/3334/3306 
f 2622/2688/2660 3223/3291/3263 3271/3339/3311 
f 3272/3340/3312 2622/2688/2660 3271/3339/3311 
f 3220/3288/3260 3273/3341/3313 3223/3291/3263 
f 3223/3291/3263 3273/3341/3313 3274/3342/3314 
f 3223/3291/3263 3274/3342/3314 3271/3339/3311 
f 3242/3310/3282 3241/3309/3281 3275/3343/3315 
f 3275/3343/3315 3241/3309/3281 3244/3312/3284 
f 3220/3288/3260 3275/3343/3315 3273/3341/3313 
f 3275/3343/3315 3244/3312/3284 3273/3341/3313 
f 2533/2599/2571 2536/2602/2574 3276/3344/3316 
f 3185/3253/3225 3276/3344/3316 3186/3254/3226 
f 2533/2599/2571 3276/3344/3316 2534/2600/2572 
f 3185/3253/3225 2534/2600/2572 3276/3344/3316 
f 2587/2653/2625 3277/3345/3317 3175/3243/3215 
f 2586/2652/2624 3277/3345/3317 2587/2653/2625 
f 3095/3163/3135 3278/3346/3318 3096/3164/3136 
f 3096/3164/3136 3278/3346/3318 3279/3347/3319 
f 3279/3347/3319 3278/3346/3318 3280/3348/3320 
f 3280/3348/3320 3115/3183/3155 3114/3182/3154 
f 3279/3347/3319 3280/3348/3320 3281/3349/3321 
f 3281/3349/3321 3280/3348/3320 3282/3350/3322 
f 3280/3348/3320 3114/3182/3154 3282/3350/3322 
f 3279/3347/3319 3281/3349/3321 3283/3351/3323 
f 3281/3349/3321 3282/3350/3322 3283/3351/3323 
f 3284/3352/3324 3114/3182/3154 3121/3189/3161 
f 3120/3188/3160 3284/3352/3324 3121/3189/3161 
f 3283/3351/3323 3282/3350/3322 3284/3352/3324 
f 3284/3352/3324 3282/3350/3322 3114/3182/3154 
f 3283/3351/3323 3284/3352/3324 3285/3353/3325 
f 3286/3354/3326 2263/2324/2296 2265/2326/2298 
f 3285/3353/3325 3287/3355/3327 3283/3351/3323 
f 3286/3354/3326 2265/2326/2298 3287/3355/3327 
f 3285/3353/3325 3286/3354/3326 3287/3355/3327 
f 2476/2542/2514 3288/3356/3328 2228/2289/2261 
f 2790/2856/2828 3288/3356/3328 2791/2857/2829 
f 2475/2541/2513 3288/3356/3328 2476/2542/2514 
f 2790/2856/2828 2228/2289/2261 3288/3356/3328 
f 2475/2541/2513 3289/3357/3329 3288/3356/3328 
f 3288/3356/3328 3289/3357/3329 3290/3358/3330 
f 3288/3356/3328 3290/3358/3330 2791/2857/2829 
f 2791/2857/2829 3290/3358/3330 2802/2868/2840 
f 2979/3045/3017 3291/3359/3331 2973/3039/3011 
f 2924/2990/2962 3291/3359/3331 3292/3360/3332 
f 2924/2990/2962 3292/3360/3332 2925/2991/2963 
f 3291/3359/3331 3293/3361/3333 3292/3360/3332 
f 3292/3360/3332 3294/3362/3334 2925/2991/2963 
f 3292/3360/3332 3293/3361/3333 3294/3362/3334 
f 2928/2994/2966 2927/2993/2965 3295/3363/3335 
f 2925/2991/2963 3295/3363/3335 2927/2993/2965 
f 2925/2991/2963 3294/3362/3334 3295/3363/3335 
f 3204/3272/3244 3203/3271/3243 3296/3364/3336 
f 3296/3364/3336 3233/3301/3273 3232/3300/3272 
f 3233/3301/3273 3296/3364/3336 3203/3271/3243 
f 3205/3273/3245 3204/3272/3244 3297/3365/3337 
f 3205/3273/3245 3297/3365/3337 3207/3275/3247 
f 3204/3272/3244 3296/3364/3336 3297/3365/3337 
f 3298/3366/3338 2683/2749/2721 2681/2747/2719 
f 3055/3126/3098 2683/2749/2721 3298/3366/3338 
f 3299/3367/3339 3300/3368/3340 3301/3369/3341 
f 3299/3367/3339 3301/3369/3341 3302/3370/3342 
f 3302/3370/3342 3303/3371/3343 3299/3367/3339 
f 3302/3370/3342 3304/3372/3344 3303/3371/3343 
f 3301/3369/3341 3305/3373/3345 3302/3370/3342 
f 3301/3369/3341 3306/3374/3346 3305/3373/3345 
f 3305/3373/3345 3307/3375/3347 3302/3370/3342 
f 3305/3373/3345 3308/3376/3348 3307/3375/3347 
f 3307/3375/3347 3304/3372/3344 3302/3370/3342 
f 2288/2349/2321 3307/3375/3347 3308/3376/3348 
f 3309/3377/3349 2288/2349/2321 2287/2348/2320 
f 3307/3375/3347 3309/3377/3349 3304/3372/3344 
f 3309/3377/3349 3307/3375/3347 2288/2349/2321 
f 3310/3378/3350 3311/3379/3351 3312/3380/3352 
f 3310/3378/3350 3312/3380/3352 3313/3381/3353 
f 3312/3380/3352 3314/3382/3354 3313/3381/3353 
f 2280/2341/2313 2279/2340/2312 3314/3382/3354 
f 3315/3383/3355 3314/3382/3354 2279/2340/2312 
f 3315/3383/3355 2279/2340/2312 3270/3338/3310 
f 3314/3382/3354 3315/3383/3355 3316/3384/3356 
f 3314/3382/3354 3316/3384/3356 3313/3381/3353 
f 3312/3380/3352 3317/3385/3357 3314/3382/3354 
f 2280/2341/2313 3314/3382/3354 3317/3385/3357 
f 3318/3386/3358 3310/3378/3350 3313/3381/3353 
f 3316/3384/3356 3318/3386/3358 3313/3381/3353 
f 3318/3386/3358 3319/3387/3359 3310/3378/3350 
f 3319/3387/3359 2689/2755/2727 2688/2754/2726 
f 3319/3387/3359 3318/3386/3358 2689/2755/2727 
f 3320/3388/3360 2689/2755/2727 3318/3386/3358 
f 3316/3384/3356 3320/3388/3360 3318/3386/3358 
f 3320/3388/3360 2693/2759/2731 2689/2755/2727 
f 3321/3389/3361 3297/3365/3337 3296/3364/3336 
f 3207/3275/3247 3297/3365/3337 3321/3389/3361 
f 3322/3390/3362 2444/2508/2480 2445/2509/2481 
f 3321/3389/3361 3323/3391/3363 3322/3390/3362 
f 3322/3390/3362 2445/2509/2481 3324/3392/3364 
f 3321/3389/3361 3322/3390/3362 3324/3392/3364 
f 2970/3036/3008 2773/2839/2811 3324/3392/3364 
f 2970/3036/3008 3324/3392/3364 2445/2509/2481 
f 3324/3392/3364 2773/2839/2811 2772/2838/2810 
f 3324/3392/3364 2772/2838/2810 3207/3275/3247 
f 3207/3275/3247 3321/3389/3361 3324/3392/3364 
f 3325/3393/3365 1101/1101/1101 1099/1099/1099 
f 3263/3331/3303 3262/3330/3302 3325/3393/3365 
f 3325/3393/3365 1099/1099/1099 3326/3394/3366 
f 3263/3331/3303 3325/3393/3365 3326/3394/3366 
f 3327/3395/3367 2941/3007/2979 2944/3010/2982 
f 2941/3007/2979 3327/3395/3367 3214/3282/3254 
f 3327/3395/3367 3328/3396/3368 3326/3394/3366 
f 3264/3332/3304 3328/3396/3368 2944/3010/2982 
f 3328/3396/3368 3264/3332/3304 3263/3331/3303 
f 3328/3396/3368 3263/3331/3303 3326/3394/3366 
f 3327/3395/3367 2944/3010/2982 3328/3396/3368 
f 3327/3395/3367 3326/3394/3366 3329/3397/3369 
f 1099/1099/1099 1097/1097/1097 3329/3397/3369 
f 1099/1099/1099 3329/3397/3369 3326/3394/3366 
f 2244/2305/2277 2243/2304/2276 3330/3398/3370 
f 2243/2304/2276 2282/2343/2315 3331/3399/3371 
f 2243/2304/2276 3331/3399/3371 3330/3398/3370 
f 3330/3398/3370 3331/3399/3371 3332/3400/3372 
f 3330/3398/3370 3332/3400/3372 3333/3401/3373 
f 3332/3400/3372 3334/3402/3374 3333/3401/3373 
f 3332/3400/3372 3335/3403/3375 3334/3402/3374 
f 3334/3402/3374 3336/3404/3376 3337/3405/3377 
f 3334/3402/3374 3337/3405/3377 3333/3401/3373 
f 3338/3406/3378 3330/3398/3370 3333/3401/3373 
f 3337/3405/3377 3338/3406/3378 3333/3401/3373 
f 3338/3406/3378 3339/3407/3379 3330/3398/3370 
f 3339/3407/3379 3338/3406/3378 3256/3324/3296 
f 3339/3407/3379 3256/3324/3296 3254/3322/3294 
f 3254/3322/3294 2244/2305/2277 3339/3407/3379 
f 2244/2305/2277 3330/3398/3370 3339/3407/3379 
f 3337/3405/3377 3340/3408/3380 3338/3406/3378 
f 3341/3409/3381 3342/3410/3382 3343/3411/3383 
f 3341/3409/3381 3343/3411/3383 3344/3412/3384 
f 3345/3413/3385 3341/3409/3381 3344/3412/3384 
f 3345/3413/3385 1176/1176/1176 1175/1175/1175 
f 3345/3413/3385 1203/1203/1203 1176/1176/1176 
f 3345/3413/3385 3346/3414/3386 3341/3409/3381 
f 3345/3413/3385 1175/1175/1175 3346/3414/3386 
f 3344/3412/3384 3343/3411/3383 3347/3415/3387 
f 3344/3412/3384 3347/3415/3387 3348/3416/3388 
f 3048/3114/3086 2607/2673/2645 3349/3417/3389 
f 3213/3281/3253 3048/3114/3086 3349/3417/3389 
f 3350/3418/3390 2607/2673/2645 2606/2672/2644 
f 3350/3418/3390 3349/3417/3389 2607/2673/2645 
f 3350/3418/3390 3213/3281/3253 3349/3417/3389 
f 3351/3419/3391 2212/2273/2245 3107/3175/3147 
f 3351/3419/3391 2214/2275/2247 2212/2273/2245 
f 3351/3419/3391 3107/3175/3147 3106/3174/3146 
f 3351/3419/3391 3352/3420/3392 2214/2275/2247 
f 3173/3241/3213 3353/3421/3393 3174/3242/3214 
f 3173/3241/3213 3175/3243/3215 3353/3421/3393 
f 2751/2817/2789 2752/2818/2790 2353/3422/3394 
f 2751/2817/2789 2353/3422/3394 3354/3423/3395 
f 3354/3423/3395 2411/2474/2446 2751/2817/2789 
f 3354/3423/3395 2410/2475/2447 2411/2474/2446 
f 2351/2412/2384 2410/2471/2443 3354/3424/3396 
f 3354/3424/3396 2353/2414/2386 2352/2413/2385 
f 3354/3424/3396 2352/2413/2385 2351/2412/2384 
f 3355/3425/3397 2560/2626/2598 2821/2887/2859 
f 3201/3269/3241 3355/3425/3397 2821/2887/2859 
f 3210/3278/3250 2556/2622/2594 3355/3425/3397 
f 3355/3425/3397 2556/2622/2594 2560/2626/2598 
f 3356/3426/3398 2717/2783/2755 2714/2780/2752 
f 3356/3426/3398 2714/2780/2752 3357/3427/3399 
f 3358/3428/3400 3356/3426/3398 3357/3427/3399 
f 2714/2780/2752 2783/2849/2821 3357/3427/3399 
f 3358/3428/3400 3357/3427/3399 3359/3429/3401 
f 3359/3429/3401 3360/3430/3402 3358/3428/3400 
f 3359/3429/3401 3361/3431/3403 3360/3430/3402 
f 3358/3428/3400 3360/3430/3402 3362/3432/3404 
f 3358/3428/3400 3362/3432/3404 3356/3426/3398 
f 3363/3433/3405 3364/3434/3406 3365/3435/3407 
f 3363/3433/3405 3365/3435/3407 3366/3436/3408 
f 3367/3437/3409 3364/3434/3406 3363/3433/3405 
f 3366/3436/3408 3368/3438/3410 3363/3433/3405 
f 3367/3437/3409 3363/3433/3405 3368/3438/3410 
f 3366/3436/3408 2894/3439/3411 3368/3438/3410 
f 3369/3440/3412 3370/3441/3413 3371/3442/3414 
f 3371/3442/3414 2346/2407/2379 2345/2406/2378 
f 3371/3442/3414 3370/3441/3413 2346/2407/2379 
f 3371/3442/3414 2345/2406/2378 2348/2409/2381 
f 3371/3442/3414 2348/2409/2381 3372/3443/3415 
f 3369/3440/3412 3371/3442/3414 3372/3443/3415 
f 3261/3329/3301 3373/3444/3416 3262/3330/3302 
f 3261/3329/3301 3374/3445/3417 3373/3444/3416 
f 3265/3333/3305 3375/3446/3418 3261/3329/3301 
f 3375/3446/3418 3374/3445/3417 3261/3329/3301 
f 3376/3447/3419 3209/3277/3249 3208/3276/3248 
f 3375/3446/3418 3376/3447/3419 3374/3445/3417 
f 3376/3447/3419 3375/3446/3418 3209/3277/3249 
f 3148/3216/3188 3147/3215/3187 3377/3448/3420 
f 3084/3152/3124 3377/3448/3420 3050/3116/3088 
f 3377/3448/3420 3147/3215/3187 3378/3449/3421 
f 3378/3449/3421 3072/3140/3112 3097/3165/3137 
f 3147/3215/3187 3073/3141/3113 3378/3449/3421 
f 3378/3449/3421 3097/3165/3137 3049/3115/3087 
f 3378/3449/3421 3049/3115/3087 3050/3116/3088 
f 3377/3448/3420 3378/3449/3421 3050/3116/3088 
f 3378/3449/3421 3073/3141/3113 3072/3140/3112 
f 3084/3152/3124 3379/3450/3422 3377/3448/3420 
f 3379/3450/3422 3084/3152/3124 3083/3151/3123 
f 3380/3451/3423 3381/3452/3424 3382/3453/3425 
f 3380/3451/3423 3382/3453/3425 3383/3454/3426 
f 3380/3451/3423 3383/3454/3426 3384/3455/3427 
f 3385/3456/3428 3384/3455/3427 3383/3454/3426 
f 3385/3456/3428 3383/3454/3426 3386/3457/3429 
f 3382/3453/3425 3387/3458/3430 3383/3454/3426 
f 3387/3458/3430 3386/3457/3429 3383/3454/3426 
f 3382/3453/3425 3388/3459/3431 3387/3458/3430 
f 3387/3458/3430 3389/3460/3432 3386/3457/3429 
f 2415/2479/2451 2414/2478/2450 3390/3461/3433 
f 2415/2479/2451 3390/3461/3433 3391/3462/3434 
f 3391/3462/3434 3392/3463/3435 3393/3464/3436 
f 3391/3462/3434 3393/3464/3436 2415/2479/2451 
f 3287/3355/3327 2265/2326/2298 3394/3465/3437 
f 3394/3465/3437 2265/2326/2298 2261/2322/2294 
f 3393/3464/3436 3394/3465/3437 3395/3466/3438 
f 3394/3465/3437 2261/2322/2294 3395/3466/3438 
f 3393/3464/3436 3395/3466/3438 2415/2479/2451 
f 3395/3466/3438 2412/2476/2448 2415/2479/2451 
f 3395/3466/3438 2261/2322/2294 2260/2321/2293 
f 3395/3466/3438 2260/2321/2293 3396/3467/3439 
f 3245/3313/3285 3396/3467/3439 2260/2321/2293 
f 3395/3466/3438 3396/3467/3439 2412/2476/2448 
f 3397/3468/3440 3382/3453/3425 3381/3452/3424 
f 3397/3468/3440 3388/3459/3431 3382/3453/3425 
f 3381/3452/3424 3380/3451/3423 3398/3469/3441 
f 3381/3452/3424 3398/3469/3441 3397/3468/3440 
f 3300/3368/3340 3299/3367/3339 3399/3470/3442 
f 3399/3470/3442 3299/3367/3339 3303/3371/3343 
f 3304/3372/3344 3400/3471/3443 3303/3371/3343 
f 3399/3470/3442 3303/3371/3343 3400/3471/3443 
f 3300/3368/3340 3399/3470/3442 3401/3472/3444 
f 3399/3470/3442 3402/3473/3445 3401/3472/3444 
f 3399/3470/3442 3400/3471/3443 3402/3473/3445 
f 3403/3474/3446 3404/3475/3447 3405/3476/3448 
f 3403/3474/3446 3405/3476/3448 3406/3477/3449 
f 3407/3478/3450 3403/3474/3446 3406/3477/3449 
f 3407/3478/3450 3406/3477/3449 3408/3479/3451 
f 3406/3477/3449 3405/3476/3448 3409/3480/3452 
f 3406/3477/3449 3409/3480/3452 3408/3479/3451 
f 3410/3481/3453 3411/3482/3454 3412/3483/3455 
f 3410/3481/3453 3412/3483/3455 2872/2938/2910 
f 2872/2938/2910 3413/3484/3456 3410/3481/3453 
f 2872/2938/2910 2868/2934/2906 3413/3484/3456 
f 3410/3481/3453 3414/3485/3457 3411/3482/3454 
f 3410/3481/3453 3413/3484/3456 3414/3485/3457 
f 2783/2849/2821 3415/3486/3458 3357/3427/3399 
f 2783/2849/2821 2786/2852/2824 3415/3486/3458 
f 3415/3486/3458 3359/3429/3401 3357/3427/3399 
f 3415/3486/3458 3416/3487/3459 3359/3429/3401 
f 3361/3431/3403 3359/3429/3401 3416/3487/3459 
f 2786/2852/2824 3163/3231/3203 3416/3487/3459 
f 2786/2852/2824 3416/3487/3459 3415/3486/3458 
f 2580/2646/2618 2482/2548/2520 3417/3488/3460 
f 3417/3488/3460 3418/3489/3461 2580/2646/2618 
f 3388/3459/3431 3418/3489/3461 3419/3490/3462 
f 3418/3489/3461 3388/3459/3431 3397/3468/3440 
f 3417/3488/3460 3419/3490/3462 3418/3489/3461 
f 2482/2548/2520 2481/2547/2519 3420/3491/3463 
f 2482/2548/2520 3420/3491/3463 3417/3488/3460 
f 3417/3488/3460 3420/3491/3463 3421/3492/3464 
f 3417/3488/3460 3421/3492/3464 3422/3493/3465 
f 3422/3493/3465 3419/3490/3462 3417/3488/3460 
f 3422/3493/3465 3423/3494/3466 3419/3490/3462 
f 3198/3266/3238 3424/3495/3467 3199/3267/3239 
f 2931/2997/2969 3425/3496/3468 3424/3495/3467 
f 3425/3496/3468 2931/2997/2969 2930/2996/2968 
f 3200/3268/3240 3426/3497/3469 1318/1318/1318 
f 3424/3495/3467 3426/3497/3469 3199/3267/3239 
f 3424/3495/3467 3425/3496/3468 3426/3497/3469 
f 3200/3268/3240 3199/3267/3239 3426/3497/3469 
f 3198/3266/3238 3427/3498/3470 3424/3495/3467 
f 2603/2669/2641 3428/3499/3471 2320/2381/2353 
f 2842/2908/2880 2839/2905/2877 3428/3499/3471 
f 2603/2669/2641 2601/2667/2639 3428/3499/3471 
f 2842/2908/2880 3428/3499/3471 2601/2667/2639 
f 3428/3499/3471 2839/2905/2877 3035/3101/3073 
f 3428/3499/3471 3035/3101/3073 2320/2381/2353 
f 3429/3500/3472 3007/3073/3045 3009/3075/3047 
f 3429/3500/3472 3041/3107/3079 3007/3073/3045 
f 3041/3107/3079 3429/3500/3472 3430/3501/3473 
f 3430/3501/3473 1305/1305/1305 1298/1298/1298 
f 3430/3501/3473 1298/1298/1298 3431/3502/3474 
f 3431/3502/3474 1298/1298/1298 3038/3104/3076 
f 3041/3107/3079 3430/3501/3473 3431/3502/3474 
f 3431/3502/3474 3038/3104/3076 3041/3107/3079 
f 2267/2328/2300 2254/2315/2287 3432/3503/3475 
f 2467/2533/2505 3432/3503/3475 2469/2535/2507 
f 2467/2533/2505 2267/2328/2300 3432/3503/3475 
f 2233/2294/2266 2461/3504/3476 3433/3505/3477 
f 2233/2294/2266 2232/2293/2265 2461/3504/3476 
f 3432/3506/3478 3433/3505/3477 2461/3504/3476 
f 3432/3506/3478 2461/3504/3476 2469/3507/3479 
f 3099/3167/3139 3098/3166/3138 3434/3508/3480 
f 3099/3167/3139 3434/3508/3480 3435/3509/3481 
f 3099/3167/3139 3435/3509/3481 3436/3510/3482 
f 2418/2482/2454 3436/3510/3482 2419/2483/2455 
f 3103/3171/3143 3100/3168/3140 3436/3510/3482 
f 3099/3167/3139 3436/3510/3482 3100/3168/3140 
f 3437/3511/3483 2628/2694/2666 2627/2693/2665 
f 2887/2953/2925 3437/3511/3483 2627/2693/2665 
f 3437/3511/3483 3438/3512/3484 2628/2694/2666 
f 3439/3513/3485 2885/2951/2923 2887/2953/2925 
f 2887/2953/2925 2627/2693/2665 3439/3513/3485 
f 3440/3514/3486 3441/3515/3487 3442/3516/3488 
f 3440/3514/3486 3442/3516/3488 3443/3517/3489 
f 3444/3518/3490 2804/2870/2842 2561/2627/2599 
f 3444/3518/3490 2561/2627/2599 2566/2632/2604 
f 3444/3518/3490 2566/2632/2604 3445/3519/3491 
f 3444/3518/3490 3445/3519/3491 3446/3520/3492 
f 3444/3518/3490 3447/3521/3493 2804/2870/2842 
f 3444/3518/3490 3446/3520/3492 3447/3521/3493 
f 2805/2871/2843 2804/2870/2842 3447/3521/3493 
f 3448/3522/3494 3440/3514/3486 3443/3517/3489 
f 3449/3523/3495 3448/3522/3494 3450/3524/3496 
f 3448/3522/3494 3443/3517/3489 3450/3524/3496 
f 3449/3523/3495 3450/3524/3496 3451/3525/3497 
f 3452/3526/3498 3449/3523/3495 2441/2505/2477 
f 3452/3526/3498 2441/2505/2477 2440/2504/2476 
f 2886/2952/2924 3453/3527/3499 3452/3526/3498 
f 3453/3527/3499 2886/2952/2924 2885/2951/2923 
f 3449/3523/3495 3452/3526/3498 3453/3527/3499 
f 3454/3528/3500 3448/3522/3494 3449/3523/3495 
f 3449/3523/3495 3453/3527/3499 3454/3528/3500 
f 3454/3528/3500 3455/3529/3501 3448/3522/3494 
f 3455/3529/3501 3441/3515/3487 3440/3514/3486 
f 3455/3529/3501 3440/3514/3486 3448/3522/3494 
f 3456/3530/3502 3256/3324/3296 3338/3406/3378 
f 3456/3530/3502 3338/3406/3378 3340/3408/3380 
f 3256/3324/3296 3456/3530/3502 3257/3325/3297 
f 3171/3239/3211 3174/3242/3214 3457/3531/3503 
f 3171/3239/3211 3457/3531/3503 3170/3238/3210 
f 3170/3238/3210 3457/3531/3503 3458/3532/3504 
f 3170/3238/3210 3458/3532/3504 3459/3533/3505 
f 3459/3533/3505 2370/2431/2403 3170/3238/3210 
f 3460/3534/3506 2369/2430/2402 2370/2431/2403 
f 3459/3533/3505 3460/3534/3506 2370/2431/2403 
f 3461/3535/3507 2666/2732/2704 2669/2735/2707 
f 2648/2714/2686 3462/3536/3508 3461/3535/3507 
f 2669/2735/2707 3463/3537/3509 3461/3535/3507 
f 2312/2373/2345 2308/2369/2341 3463/3537/3509 
f 2669/2735/2707 2520/2586/2558 3463/3537/3509 
f 2648/2714/2686 3461/3535/3507 3463/3537/3509 
f 3463/3537/3509 2307/2368/2340 2648/2714/2686 
f 3463/3537/3509 2308/2369/2341 2307/2368/2340 
f 2312/2373/2345 3463/3537/3509 2520/2586/2558 
f 3464/3538/3510 2937/3003/2975 2938/3004/2976 
f 3464/3538/3510 2667/2733/2705 2666/2732/2704 
f 3461/3535/3507 3464/3538/3510 2666/2732/2704 
f 3464/3538/3510 2938/3004/2976 2667/2733/2705 
f 3462/3536/3508 3465/3539/3511 3461/3535/3507 
f 3461/3535/3507 3466/3540/3512 3464/3538/3510 
f 3461/3535/3507 3465/3539/3511 3466/3540/3512 
f 3462/3536/3508 3467/3541/3513 3465/3539/3511 
f 2648/2714/2686 3467/3541/3513 3462/3536/3508 
f 2648/2714/2686 2650/2716/2688 3467/3541/3513 
f 2868/2934/2906 2867/2933/2905 3468/3542/3514 
f 2867/2933/2905 2874/2940/2912 3468/3542/3514 
f 3397/3468/3440 3398/3469/3441 3469/3543/3515 
f 3397/3468/3440 3469/3543/3515 3470/3544/3516 
f 3471/3545/3517 2536/2602/2574 2800/2866/2838 
f 3471/3545/3517 3276/3344/3316 2536/2602/2574 
f 2194/2255/2227 3186/3254/3226 3472/3546/3518 
f 3276/3344/3316 3472/3546/3518 3186/3254/3226 
f 3276/3344/3316 3471/3545/3517 3472/3546/3518 
f 2322/2383/2355 2321/2382/2354 3473/3547/3519 
f 3095/3163/3135 3473/3547/3519 3278/3346/3318 
f 3473/3547/3519 3115/3183/3155 3280/3348/3320 
f 3473/3547/3519 3280/3348/3320 3278/3346/3318 
f 2321/2382/2354 3115/3183/3155 3473/3547/3519 
f 2322/2383/2355 3473/3547/3519 3095/3163/3135 
f 3110/3178/3150 3111/3179/3151 3474/3548/3520 
f 3475/3549/3521 3474/3548/3520 3476/3550/3522 
f 3476/3550/3522 3474/3548/3520 3111/3179/3151 
f 3475/3549/3521 3476/3550/3522 3477/3551/3523 
f 3478/3552/3524 3479/3553/3525 3477/3551/3523 
f 3478/3552/3524 3480/3554/3526 3479/3553/3525 
f 3476/3550/3522 3373/3444/3416 3481/3555/3527 
f 3481/3555/3527 3477/3551/3523 3476/3550/3522 
f 3481/3555/3527 3373/3444/3416 3374/3445/3417 
f 3481/3555/3527 3482/3556/3528 3477/3551/3523 
f 3477/3551/3523 3482/3556/3528 3483/3557/3529 
f 3477/3551/3523 3483/3557/3529 3478/3552/3524 
f 3477/3551/3523 3479/3553/3525 3484/3558/3530 
f 3477/3551/3523 3484/3558/3530 3475/3549/3521 
f 3404/3475/3447 3485/3559/3531 3486/3560/3532 
f 3404/3475/3447 3486/3560/3532 3405/3476/3448 
f 3405/3476/3448 3487/3561/3533 3409/3480/3452 
f 3405/3476/3448 3486/3560/3532 3487/3561/3533 
f 3429/3500/3472 3488/3562/3534 3430/3501/3473 
f 3429/3500/3472 3009/3075/3047 3488/3562/3534 
f 3488/3562/3534 3009/3075/3047 3008/3074/3046 
f 3489/3563/3535 3435/3509/3481 3434/3508/3480 
f 3489/3563/3535 2419/2483/2455 3436/3510/3482 
f 3489/3563/3535 3436/3510/3482 3435/3509/3481 
f 2419/2483/2455 3490/3564/3536 2414/2478/2450 
f 2419/2483/2455 3489/3563/3535 3490/3564/3536 
f 3490/3564/3536 3390/3461/3433 2414/2478/2450 
f 3489/3563/3535 3434/3508/3480 3490/3564/3536 
f 3491/3565/3537 2455/2519/2491 2715/2781/2753 
f 3491/3565/3537 2715/2781/2753 2719/2785/2757 
f 3491/3565/3537 2456/2520/2492 2455/2519/2491 
f 3491/3565/3537 2719/2785/2757 3492/3566/3538 
f 2719/2785/2757 3493/3567/3539 3492/3566/3538 
f 2719/2785/2757 2718/2784/2756 3493/3567/3539 
f 3492/3566/3538 3493/3567/3539 3494/3568/3540 
f 3492/3566/3538 3494/3568/3540 3495/3569/3541 
f 3496/3570/3542 3124/3192/3164 3122/3190/3162 
f 2996/3062/3034 3497/3571/3543 2997/3063/3035 
f 3496/3570/3542 3122/3190/3162 3497/3571/3543 
f 2996/3062/3034 3496/3570/3542 3497/3571/3543 
f 2996/3062/3034 2995/3061/3033 3498/3572/3544 
f 3124/3192/3164 3496/3570/3542 3498/3572/3544 
f 2996/3062/3034 3498/3572/3544 3496/3570/3542 
f 3499/3573/3545 2421/2485/2457 2420/2484/2456 
f 3499/3573/3545 2823/2889/2861 2421/2485/2457 
f 2823/2889/2861 3500/3574/3546 2824/2890/2862 
f 2823/2889/2861 3499/3573/3545 3500/3574/3546 
f 2825/2891/2863 3501/3575/3547 3238/3306/3278 
f 2824/2890/2862 3501/3575/3547 2825/2891/2863 
f 2824/2890/2862 3500/3574/3546 3501/3575/3547 
f 3287/3355/3327 3394/3465/3437 3502/3576/3548 
f 3502/3576/3548 3394/3465/3437 3393/3464/3436 
f 2269/2330/2302 3503/3577/3549 2256/2317/2289 
f 2258/2319/2291 2256/2317/2289 3503/3577/3549 
f 2269/2330/2302 2537/2603/2575 3503/3577/3549 
f 1304/1304/1304 1305/1305/1305 3504/3578/3550 
f 3430/3501/3473 3488/3562/3534 3504/3578/3550 
f 3430/3501/3473 3504/3578/3550 1305/1305/1305 
f 3488/3562/3534 3008/3074/3046 3505/3579/3551 
f 3504/3578/3550 3488/3562/3534 3505/3579/3551 
f 3504/3578/3550 3505/3579/3551 1304/1304/1304 
f 1388/1388/1388 1304/1304/1304 3505/3579/3551 
f 2324/2385/2357 2400/2461/2433 3506/3580/3552 
f 2324/2385/2357 3506/3580/3552 3507/3581/3553 
f 3507/3581/3553 2569/2635/2607 2325/2386/2358 
f 3507/3581/3553 2325/2386/2358 2324/2385/2357 
f 2569/2635/2607 3507/3581/3553 3192/3260/3232 
f 3279/3347/3319 3283/3351/3323 3508/3582/3554 
f 3096/3164/3136 3279/3347/3319 3508/3582/3554 
f 3508/3582/3554 3509/3583/3555 3096/3164/3136 
f 3094/3162/3134 3096/3164/3136 3509/3583/3555 
f 2992/3058/3030 3509/3583/3555 3510/3584/3556 
f 3508/3582/3554 3510/3584/3556 3509/3583/3555 
f 3453/3527/3499 2885/2951/2923 3511/3585/3557 
f 3439/3513/3485 3511/3585/3557 2885/2951/2923 
f 3454/3528/3500 3453/3527/3499 3511/3585/3557 
f 3512/3586/3558 3437/3511/3483 2887/2953/2925 
f 3512/3586/3558 3513/3587/3559 3437/3511/3483 
f 3438/3512/3484 3437/3511/3483 3513/3587/3559 
f 3514/3588/3560 2341/2402/2374 2303/2364/2336 
f 3514/3588/3560 3512/3586/3558 2887/2953/2925 
f 3514/3588/3560 2887/2953/2925 2884/2950/2922 
f 2341/2402/2374 3514/3588/3560 2884/2950/2922 
f 3515/3589/3561 3516/3590/3562 2390/2451/2423 
f 3515/3589/3561 2390/2451/2423 2389/2450/2422 
f 3517/3591/3563 3516/3590/3562 3515/3589/3561 
f 3517/3591/3563 3515/3589/3561 3518/3592/3564 
f 3518/3592/3564 3519/3593/3565 3520/3594/3566 
f 3518/3592/3564 3520/3594/3566 3517/3591/3563 
f 3521/3595/3567 2389/2450/2422 2396/2457/2429 
f 3521/3595/3567 3515/3589/3561 2389/2450/2422 
f 3515/3589/3561 3522/3596/3568 3518/3592/3564 
f 3515/3589/3561 3521/3595/3567 3522/3596/3568 
f 3518/3592/3564 3522/3596/3568 3523/3597/3569 
f 3518/3592/3564 3523/3597/3569 3524/3598/3570 
f 3519/3593/3565 3518/3592/3564 3524/3598/3570 
f 3525/3599/3571 3409/3480/3452 3487/3561/3533 
f 3486/3560/3532 3525/3599/3571 3487/3561/3533 
f 3408/3479/3451 3409/3480/3452 3526/3600/3572 
f 3525/3599/3571 3526/3600/3572 3409/3480/3452 
f 3486/3560/3532 3527/3601/3573 3525/3599/3571 
f 3527/3601/3573 3486/3560/3532 3485/3559/3531 
f 2287/2348/2320 2285/2346/2318 3528/3602/3574 
f 2363/2424/2396 3528/3602/3574 2361/2422/2394 
f 2285/2346/2318 2361/2422/2394 3528/3602/3574 
f 2363/2424/2396 3529/3603/3575 3528/3602/3574 
f 3530/3604/3576 3529/3603/3575 2363/2424/2396 
f 3531/3605/3577 3402/3473/3445 3400/3471/3443 
f 3531/3605/3577 3400/3471/3443 3529/3603/3575 
f 3530/3604/3576 3531/3605/3577 3529/3603/3575 
f 2920/2986/2958 3532/3606/3578 2921/2987/2959 
f 2920/2986/2958 2919/2985/2957 3532/3606/3578 
f 3533/3607/3579 2763/2829/2801 2761/2827/2799 
f 2760/2826/2798 3533/3607/3579 2761/2827/2799 
f 2760/2826/2798 2759/2825/2797 3534/3608/3580 
f 3535/3609/3581 3533/3607/3579 3534/3608/3580 
f 3535/3609/3581 3534/3608/3580 3536/3610/3582 
f 2760/2826/2798 3537/3611/3583 3533/3607/3579 
f 3534/3608/3580 3533/3607/3579 3537/3611/3583 
f 2760/2826/2798 3534/3608/3580 3537/3611/3583 
f 2463/2529/2501 3538/3612/3584 2211/2272/2244 
f 2463/2529/2501 2464/2530/2502 3538/3612/3584 
f 3230/3298/3270 2212/2273/2245 3539/3613/3585 
f 2211/2272/2244 3538/3612/3584 3539/3613/3585 
f 2211/2272/2244 3539/3613/3585 2212/2273/2245 
f 2690/2756/2728 2693/2759/2731 3540/3614/3586 
f 2690/2756/2728 3540/3614/3586 2692/2758/2730 
f 3541/3615/3587 2629/2695/2667 2628/2694/2666 
f 3541/3615/3587 2628/2694/2666 3438/3512/3484 
f 3541/3615/3587 3542/3616/3588 2629/2695/2667 
f 3245/3313/3285 3543/3617/3589 3396/3467/3439 
f 3543/3617/3589 3245/3313/3285 3246/3314/3286 
f 3544/3618/3590 2919/2985/2957 2914/2980/2952 
f 3544/3618/3590 3532/3606/3578 2919/2985/2957 
f 2576/2642/2614 3544/3618/3590 2577/2643/2615 
f 3544/3618/3590 2914/2980/2952 2577/2643/2615 
f 2913/2979/2951 3545/3619/3591 2577/2643/2615 
f 2574/2640/2612 2577/2643/2615 3545/3619/3591 
f 2576/2642/2614 3546/3620/3592 3544/3618/3590 
f 3546/3620/3592 2576/2642/2614 2578/2644/2616 
f 3544/3618/3590 3546/3620/3592 3532/3606/3578 
f 3547/3621/3593 2478/2544/2516 2583/2649/2621 
f 3547/3621/3593 2583/2649/2621 3361/3622/3594 
f 2583/2649/2621 2584/2650/2622 3548/3623/3595 
f 2583/2649/2621 3548/3623/3595 3361/3622/3594 
f 3361/3431/3403 3416/3487/3459 3547/3624/3596 
f 3547/3624/3596 3416/3487/3459 3163/3231/3203 
f 2500/2566/2538 2499/2565/2537 3549/3625/3597 
f 2217/2278/2250 2502/2568/2540 3549/3625/3597 
f 2500/2566/2538 3549/3625/3597 2502/2568/2540 
f 2416/2480/2452 3550/3626/3598 2418/2482/2454 
f 2912/2978/2950 3551/3627/3599 3552/3628/3600 
f 2912/2978/2950 3552/3628/3600 2913/2979/2951 
f 2903/2969/2941 2902/2968/2940 3553/3629/3601 
f 3553/3629/3601 2902/2968/2940 3554/3630/3602 
f 3553/3629/3601 3554/3630/3602 3555/3631/3603 
f 2540/2606/2578 2539/2605/2577 3556/3632/3604 
f 2542/2608/2580 3556/3632/3604 2539/2605/2577 
f 3554/3630/3602 3556/3632/3604 3557/3633/3605 
f 3554/3630/3602 3557/3633/3605 3555/3631/3603 
f 2542/2608/2580 3557/3633/3605 3556/3632/3604 
f 3555/3631/3603 3558/3634/3606 3553/3629/3601 
f 3555/3631/3603 3559/3635/3607 3558/3634/3606 
f 3560/3636/3608 3561/3637/3609 3562/3638/3610 
f 3560/3636/3608 3562/3638/3610 3563/3639/3611 
f 3564/3640/3612 3165/3233/3205 3164/3232/3204 
f 3563/3639/3611 3565/3641/3613 3564/3640/3612 
f 3566/3642/3614 3560/3636/3608 3563/3639/3611 
f 3563/3639/3611 3564/3640/3612 3566/3642/3614 
f 3164/3232/3204 3566/3642/3614 3564/3640/3612 
f 3567/3643/3615 3565/3641/3613 3563/3639/3611 
f 3562/3638/3610 3568/3644/3616 3567/3643/3615 
f 3562/3638/3610 3567/3643/3615 3563/3639/3611 
f 3566/3642/3614 3569/3645/3617 3560/3636/3608 
f 3570/3646/3618 3460/3534/3506 3459/3533/3505 
f 3571/3647/3619 1185/1185/1185 3570/3646/3618 
f 3571/3647/3619 1184/1184/1184 1185/1185/1185 
f 3570/3646/3618 3459/3533/3505 3571/3647/3619 
f 3458/3532/3504 3571/3647/3619 3459/3533/3505 
f 3458/3532/3504 3572/3648/3620 3571/3647/3619 
f 3571/3647/3619 3572/3648/3620 3573/3649/3621 
f 3574/3650/3622 1192/1192/1192 1184/1184/1184 
f 3571/3647/3619 3573/3649/3621 3574/3650/3622 
f 3574/3650/3622 1184/1184/1184 3571/3647/3619 
f 3010/3076/3048 3012/3078/3050 3575/3651/3623 
f 3012/3078/3050 2594/2660/2632 3575/3651/3623 
f 3010/3076/3048 3575/3651/3623 2652/2718/2690 
f 2653/2719/2691 2652/2718/2690 3575/3651/3623 
f 2734/2800/2772 3576/3652/3624 2600/2666/2638 
f 2734/2800/2772 2739/2805/2777 3576/3652/3624 
f 2739/2805/2777 2842/2908/2880 3576/3652/3624 
f 2842/2908/2880 2600/2666/2638 3576/3652/3624 
f 3577/3653/3625 3578/3654/3626 3579/3655/3627 
f 3577/3653/3625 3579/3655/3627 3580/3656/3628 
f 3577/3653/3625 3581/3657/3629 3578/3654/3626 
f 3458/3532/3504 3457/3531/3503 3581/3657/3629 
f 3577/3653/3625 3582/3658/3630 3581/3657/3629 
f 3577/3653/3625 3580/3656/3628 3583/3659/3631 
f 3577/3653/3625 3583/3659/3631 3582/3658/3630 
f 3583/3659/3631 3021/3087/3059 2472/2538/2510 
f 3583/3659/3631 3022/3088/3060 3021/3087/3059 
f 3022/3088/3060 3583/3659/3631 3580/3656/3628 
f 3584/3660/3632 3289/3357/3329 2475/2541/2513 
f 3290/3358/3330 3584/3660/3632 3585/3661/3633 
f 3290/3358/3330 3289/3357/3329 3584/3660/3632 
f 3585/3661/3633 3584/3660/3632 3586/3662/3634 
f 3585/3661/3633 3586/3662/3634 3003/3069/3041 
f 3003/3069/3041 3587/3663/3635 3004/3070/3042 
f 3003/3069/3041 3586/3662/3634 3587/3663/3635 
f 2967/3033/3005 3588/3664/3636 3003/3069/3041 
f 2967/3033/3005 2969/3035/3007 3588/3664/3636 
f 3588/3664/3636 3585/3661/3633 3003/3069/3041 
f 2800/2866/2838 2802/2868/2840 3589/3665/3637 
f 2800/2866/2838 3589/3665/3637 3471/3545/3517 
f 3588/3664/3636 3589/3665/3637 3585/3661/3633 
f 3589/3665/3637 3290/3358/3330 3585/3661/3633 
f 3589/3665/3637 2802/2868/2840 3290/3358/3330 
f 3267/3335/3307 2240/2301/2273 3590/3666/3638 
f 3590/3666/3638 2298/2359/2331 2295/2356/2328 
f 3591/3667/3639 3590/3666/3638 2240/2301/2273 
f 3590/3666/3638 3591/3667/3639 2298/2359/2331 
f 3591/3667/3639 3249/3317/3289 2298/2359/2331 
f 3591/3667/3639 3253/3321/3293 3249/3317/3289 
f 2239/2300/2272 3253/3321/3293 3591/3667/3639 
f 3591/3667/3639 2240/2301/2273 2239/2300/2272 
f 2295/2356/2328 3592/3668/3640 3590/3666/3638 
f 2295/2356/2328 2980/3046/3018 3592/3668/3640 
f 3267/3335/3307 3590/3666/3638 3592/3668/3640 
f 3268/3336/3308 3267/3335/3307 3592/3668/3640 
f 3465/3539/3511 3593/3669/3641 3466/3540/3512 
f 2934/3000/2972 2937/3003/2975 3594/3670/3642 
f 3464/3538/3510 3594/3670/3642 2937/3003/2975 
f 3466/3540/3512 3594/3670/3642 3464/3538/3510 
f 3466/3540/3512 3593/3669/3641 3594/3670/3642 
f 3203/3271/3243 3595/3671/3643 3234/3302/3274 
f 3234/3302/3274 3595/3671/3643 3551/3627/3599 
f 3203/3271/3243 3202/3270/3242 3595/3671/3643 
f 3596/3672/3644 3595/3671/3643 3202/3270/3242 
f 3596/3672/3644 3202/3270/3242 3206/3274/3246 
f 3595/3671/3643 3597/3673/3645 3551/3627/3599 
f 3198/3266/3238 3597/3673/3645 3427/3498/3470 
f 3595/3671/3643 3596/3672/3644 3597/3673/3645 
f 3198/3266/3238 3598/3674/3646 3597/3673/3645 
f 3551/3627/3599 3598/3674/3646 3552/3628/3600 
f 3551/3627/3599 3597/3673/3645 3598/3674/3646 
f 3235/3303/3275 3234/3302/3274 3599/3675/3647 
f 3234/3302/3274 3551/3627/3599 3599/3675/3647 
f 3551/3627/3599 3600/3676/3648 3599/3675/3647 
f 3551/3627/3599 2912/2978/2950 3600/3676/3648 
f 3601/3677/3649 3578/3654/3626 3581/3657/3629 
f 3601/3677/3649 3581/3657/3629 3457/3531/3503 
f 3174/3242/3214 3353/3421/3393 3601/3677/3649 
f 3174/3242/3214 3601/3677/3649 3457/3531/3503 
f 3579/3655/3627 3578/3654/3626 3601/3677/3649 
f 3602/3678/3650 3598/3674/3646 3198/3266/3238 
f 3602/3678/3650 3603/3679/3651 3598/3674/3646 
f 3552/3628/3600 3598/3674/3646 3603/3679/3651 
f 3198/3266/3238 3604/3680/3652 3602/3678/3650 
f 3604/3680/3652 3197/3265/3237 3194/3262/3234 
f 3198/3266/3238 3197/3265/3237 3604/3680/3652 
f 3605/3681/3653 3037/3103/3075 3040/3106/3078 
f 3605/3681/3653 3040/3106/3078 3606/3682/3654 
f 3607/3683/3655 3605/3681/3653 3606/3682/3654 
f 3607/3683/3655 3606/3682/3654 3608/3684/3656 
f 3609/3685/3657 2932/2998/2970 2928/2994/2966 
f 3609/3685/3657 3607/3683/3655 3608/3684/3656 
f 2928/2994/2966 3295/3363/3335 3610/3686/3658 
f 3609/3685/3657 3610/3686/3658 3607/3683/3655 
f 3609/3685/3657 2928/2994/2966 3610/3686/3658 
f 3608/3684/3656 3611/3687/3659 3609/3685/3657 
f 3608/3684/3656 3606/3682/3654 3611/3687/3659 
f 2233/2294/2266 3433/3505/3477 3612/3688/3660 
f 3432/3506/3478 3612/3688/3660 3433/3505/3477 
f 2233/2294/2266 3613/3689/3661 2815/2881/2853 
f 2233/2294/2266 3612/3688/3660 3613/3689/3661 
f 2814/2880/2852 2815/2881/2853 3613/3689/3661 
f 3612/3688/3660 3614/3690/3662 3613/3689/3661 
f 3612/3688/3660 3615/3691/3663 3614/3690/3662 
f 3613/3689/3661 3616/3692/3664 2814/2880/2852 
f 3613/3689/3661 3614/3690/3662 3616/3692/3664 
f 2756/2822/2794 2814/2880/2852 3616/3692/3664 
f 3013/3079/3051 3617/3693/3665 3016/3082/3054 
f 3352/3420/3392 3618/3694/3666 3619/3695/3667 
f 3352/3420/3392 3351/3419/3391 3618/3694/3666 
f 3618/3694/3666 3351/3419/3391 3106/3174/3146 
f 3619/3695/3667 3618/3694/3666 3620/3696/3668 
f 3619/3695/3667 3620/3696/3668 3621/3697/3669 
f 3621/3697/3669 3622/3698/3670 3619/3695/3667 
f 3619/3695/3667 3622/3698/3670 3623/3699/3671 
f 3624/3700/3672 3352/3420/3392 3619/3695/3667 
f 3624/3700/3672 2214/2275/2247 3352/3420/3392 
f 3619/3695/3667 3623/3699/3671 3624/3700/3672 
f 3621/3697/3669 3625/3701/3673 3622/3698/3670 
f 2742/2808/2780 3626/3702/3674 2744/2810/2782 
f 3242/3310/3282 3275/3343/3315 3626/3702/3674 
f 2744/2810/2782 3626/3702/3674 3219/3287/3259 
f 3626/3702/3674 3275/3343/3315 3220/3288/3260 
f 3626/3702/3674 3220/3288/3260 3219/3287/3259 
f 2742/2808/2780 3242/3310/3282 3626/3702/3674 
f 2700/2766/2738 3627/3703/3675 2720/2786/2758 
f 3627/3703/3675 2722/2788/2760 2720/2786/2758 
f 2700/2766/2738 2699/2765/2737 3627/3703/3675 
f 3627/3703/3675 3628/3704/3676 2722/2788/2760 
f 2720/2786/2758 3629/3705/3677 2701/2767/2739 
f 3629/3705/3677 2720/2786/2758 2721/2787/2759 
f 3630/3706/3678 3631/3707/3679 3632/3708/3680 
f 3630/3706/3678 3632/3708/3680 3633/3709/3681 
f 3634/3710/3682 3620/3696/3668 3635/3711/3683 
f 3630/3706/3678 3635/3711/3683 3631/3707/3679 
f 3630/3706/3678 3634/3710/3682 3635/3711/3683 
f 3635/3711/3683 3620/3696/3668 3618/3694/3666 
f 2940/3006/2978 3636/3712/3684 3412/3483/3455 
f 2940/3006/2978 2552/2618/2590 3636/3712/3684 
f 3636/3712/3684 2869/2935/2907 2872/2938/2910 
f 3636/3712/3684 2872/2938/2910 3412/3483/3455 
f 2871/2937/2909 2869/2935/2907 3636/3712/3684 
f 2739/2805/2777 3637/3713/3685 2842/2908/2880 
f 3637/3713/3685 2841/2907/2879 2842/2908/2880 
f 3637/3713/3685 2840/2906/2878 2841/2907/2879 
f 3637/3713/3685 2739/2805/2777 2738/2804/2776 
f 2971/3037/3009 3638/3714/3686 2769/2835/2807 
f 2971/3037/3009 2442/2506/2478 3638/3714/3686 
f 3638/3714/3686 2442/2506/2478 2441/2505/2477 
f 2280/2341/2313 3639/3715/3687 2281/2342/2314 
f 3640/3716/3688 2280/2341/2313 3317/3385/3357 
f 2280/2341/2313 3640/3716/3688 3639/3715/3687 
f 3641/3717/3689 3639/3715/3687 3640/3716/3688 
f 3641/3717/3689 3640/3716/3688 3642/3718/3690 
f 3641/3717/3689 3642/3718/3690 3643/3719/3691 
f 3641/3717/3689 3643/3719/3691 3644/3720/3692 
f 2542/2608/2580 2543/2609/2581 3645/3721/3693 
f 2542/2608/2580 3645/3721/3693 3557/3633/3605 
f 2263/2324/2296 3286/3354/3326 3646/3722/3694 
f 3646/3722/3694 3286/3354/3326 3285/3353/3325 
f 3120/3188/3160 3646/3722/3694 3284/3352/3324 
f 3646/3722/3694 3285/3353/3325 3284/3352/3324 
f 2263/2324/2296 3646/3722/3694 2264/2325/2297 
f 3569/3645/3617 3647/3723/3695 3648/3724/3696 
f 3569/3645/3617 3648/3724/3696 3560/3636/3608 
f 3648/3724/3696 3561/3637/3609 3560/3636/3608 
f 3569/3645/3617 3649/3725/3697 3647/3723/3695 
f 3569/3645/3617 3566/3642/3614 3649/3725/3697 
f 3164/3232/3204 3649/3725/3697 3566/3642/3614 
f 3650/3726/3698 3651/3727/3699 3652/3728/3700 
f 3650/3726/3698 3653/3729/3701 2881/2947/2919 
f 2882/2948/2920 2881/2947/2919 3653/3729/3701 
f 3650/3726/3698 3652/3728/3700 3653/3729/3701 
f 3654/3730/3702 2881/2947/2919 2880/2946/2918 
f 3654/3730/3702 3651/3727/3699 3650/3726/3698 
f 3650/3726/3698 2881/2947/2919 3654/3730/3702 
f 3654/3730/3702 3655/3731/3703 3651/3727/3699 
f 3656/3732/3704 2829/2895/2867 2830/2896/2868 
f 3656/3732/3704 2342/2403/2375 2829/2895/2867 
f 2342/2403/2375 3656/3732/3704 3657/3733/3705 
f 2341/2402/2374 3657/3733/3705 2304/2365/2337 
f 2342/2403/2375 3657/3733/3705 2341/2402/2374 
f 3388/3459/3431 3419/3490/3462 3658/3734/3706 
f 3658/3734/3706 3419/3490/3462 3423/3494/3466 
f 3658/3734/3706 3387/3458/3430 3388/3459/3431 
f 3389/3460/3432 3387/3458/3430 3659/3735/3707 
f 3658/3734/3706 3659/3735/3707 3387/3458/3430 
f 3347/3415/3387 3660/3736/3708 3348/3416/3388 
f 3447/3521/3493 3446/3520/3492 3660/3736/3708 
f 3347/3415/3387 3661/3737/3709 3660/3736/3708 
f 3660/3736/3708 3445/3519/3491 3348/3416/3388 
f 3660/3736/3708 3446/3520/3492 3445/3519/3491 
f 3445/3519/3491 3662/3738/3710 3348/3416/3388 
f 3348/3416/3388 3662/3738/3710 3663/3739/3711 
f 3663/3739/3711 1158/1158/1158 1203/1203/1203 
f 3345/3413/3385 3663/3739/3711 1203/1203/1203 
f 3345/3413/3385 3344/3412/3384 3663/3739/3711 
f 3348/3416/3388 3663/3739/3711 3344/3412/3384 
f 3664/3740/3712 3445/3519/3491 2566/2632/2604 
f 3664/3740/3712 2566/2632/2604 2565/2631/2603 
f 3445/3519/3491 3664/3740/3712 3662/3738/3710 
f 3342/3410/3382 3665/3741/3713 3343/3411/3383 
f 3343/3411/3383 3665/3741/3713 3666/3742/3714 
f 3343/3411/3383 3666/3742/3714 3667/3743/3715 
f 3347/3415/3387 3343/3411/3383 3667/3743/3715 
f 3342/3410/3382 3668/3744/3716 3665/3741/3713 
f 3669/3745/3717 3362/3432/3404 3360/3430/3402 
f 3669/3745/3717 3670/3746/3718 3362/3432/3404 
f 3361/3431/3403 3671/3747/3719 3360/3430/3402 
f 3361/3431/3403 3548/3748/3720 3671/3747/3719 
f 3360/3430/3402 3671/3747/3719 3672/3749/3721 
f 3360/3430/3402 3672/3749/3721 3669/3745/3717 
f 2738/2804/2776 2488/2554/2526 3673/3750/3722 
f 3637/3713/3685 2738/2804/2776 3673/3750/3722 
f 3673/3750/3722 2488/2554/2526 2487/2553/2525 
f 2487/2553/2525 2840/2906/2878 3674/3751/3723 
f 3673/3750/3722 2487/2553/2525 3674/3751/3723 
f 3674/3751/3723 2840/2906/2878 3637/3713/3685 
f 3674/3751/3723 3637/3713/3685 3673/3750/3722 
f 3634/3710/3682 3675/3752/3724 3620/3696/3668 
f 3621/3697/3669 3620/3696/3668 3675/3752/3724 
f 3630/3706/3678 3675/3752/3724 3634/3710/3682 
f 3633/3709/3681 3676/3753/3725 3630/3706/3678 
f 3630/3706/3678 3676/3753/3725 3675/3752/3724 
f 3573/3649/3621 3677/3754/3726 3678/3755/3727 
f 1192/1192/1192 3574/3650/3622 3678/3755/3727 
f 2229/2290/2262 3678/3755/3727 3677/3754/3726 
f 1193/1193/1193 3678/3755/3727 2226/2287/2259 
f 2229/2290/2262 2226/2287/2259 3678/3755/3727 
f 3573/3649/3621 3678/3755/3727 3574/3650/3622 
f 1192/1192/1192 3678/3755/3727 1193/1193/1193 
f 2794/2860/2832 3679/3756/3728 3680/3757/3729 
f 2586/2652/2624 3680/3757/3729 3277/3345/3317 
f 2794/2860/2832 3680/3757/3729 2586/2652/2624 
f 3304/3372/3344 3681/3758/3730 3400/3471/3443 
f 3681/3758/3730 3528/3602/3574 3529/3603/3575 
f 2287/2348/2320 3528/3602/3574 3681/3758/3730 
f 3309/3377/3349 3681/3758/3730 3304/3372/3344 
f 3309/3377/3349 2287/2348/2320 3681/3758/3730 
f 3681/3758/3730 3529/3603/3575 3400/3471/3443 
f 3682/3759/3731 2958/3024/2996 2957/3023/2995 
f 3682/3759/3731 2328/2389/2361 2958/3024/2996 
f 2886/2952/2924 3683/3760/3732 2347/2408/2380 
f 2348/2409/2381 2347/2408/2380 3683/3760/3732 
f 2886/2952/2924 3684/3761/3733 3683/3760/3732 
f 3683/3760/3732 3684/3761/3733 2443/2507/2479 
f 3684/3761/3733 3452/3526/3498 2440/2504/2476 
f 2886/2952/2924 3452/3526/3498 3684/3761/3733 
f 3684/3761/3733 2440/2504/2476 2443/2507/2479 
f 3683/3760/3732 2443/2507/2479 3685/3762/3734 
f 3685/3762/3734 2443/2507/2479 2444/2508/2480 
f 3685/3762/3734 2444/2508/2480 3686/3763/3735 
f 3372/3443/3415 2348/2409/2381 3687/3764/3736 
f 3685/3762/3734 3686/3763/3735 3687/3764/3736 
f 2348/2409/2381 3683/3760/3732 3687/3764/3736 
f 3685/3762/3734 3687/3764/3736 3683/3760/3732 
f 3235/3303/3275 3599/3675/3647 3688/3765/3737 
f 3689/3766/3738 3235/3303/3275 3688/3765/3737 
f 3599/3675/3647 3600/3676/3648 3689/3766/3738 
f 3599/3675/3647 3689/3766/3738 3688/3765/3737 
f 3689/3766/3738 3236/3304/3276 3235/3303/3275 
f 3690/3767/3739 3691/3768/3740 2780/2846/2818 
f 3691/3768/3740 3126/3194/3166 2778/2844/2816 
f 3691/3768/3740 2778/2844/2816 2780/2846/2818 
f 3690/3767/3739 2780/2846/2818 3692/3769/3741 
f 3692/3769/3741 2780/2846/2818 2781/2847/2819 
f 3693/3770/3742 3690/3767/3739 3692/3769/3741 
f 3693/3770/3742 3692/3769/3741 3694/3771/3743 
f 3692/3769/3741 2781/2847/2819 3694/3771/3743 
f 3695/3772/3744 2457/2521/2493 2453/2517/2489 
f 3696/3773/3745 2453/2517/2489 2456/2520/2492 
f 3695/3772/3744 2453/2517/2489 3696/3773/3745 
f 3697/3774/3746 3695/3772/3744 3696/3773/3745 
f 3697/3774/3746 3696/3773/3745 3698/3775/3747 
f 3699/3776/3748 3695/3772/3744 3697/3774/3746 
f 2457/2521/2493 3695/3772/3744 3699/3776/3748 
f 3699/3776/3748 3697/3774/3746 3700/3777/3749 
f 3698/3775/3747 3700/3777/3749 3697/3774/3746 
f 3698/3775/3747 3701/3778/3750 3700/3777/3749 
f 2497/2563/2535 2496/2562/2534 3701/3778/3750 
f 2497/2563/2535 3701/3778/3750 3698/3775/3747 
f 3055/3121/3093 3702/3779/3751 3056/3122/3094 
f 3055/3121/3093 3703/3780/3752 3702/3779/3751 
f 3056/3122/3094 3702/3779/3751 3053/3119/3091 
f 3704/3781/3753 2909/2975/2947 2910/2976/2948 
f 2911/2977/2949 2909/2975/2947 3704/3781/3753 
f 3704/3781/3753 2910/2976/2948 3705/3782/3754 
f 3706/3783/3755 3704/3781/3753 3705/3782/3754 
f 3707/3784/3756 3706/3783/3755 2646/2712/2684 
f 3706/3783/3755 3707/3784/3756 3704/3781/3753 
f 3707/3784/3756 2646/2712/2684 2643/2709/2681 
f 2643/2709/2681 2617/2683/2655 3707/3784/3756 
f 3169/3237/3209 3165/3233/3205 3708/3785/3757 
f 3708/3785/3757 3564/3640/3612 3565/3641/3613 
f 3564/3640/3612 3708/3785/3757 3165/3233/3205 
f 3166/3234/3206 3709/3786/3758 3164/3232/3204 
f 3166/3234/3206 3153/3221/3193 3709/3786/3758 
f 3164/3232/3204 3710/3787/3759 3649/3725/3697 
f 3164/3232/3204 3709/3786/3758 3710/3787/3759 
f 2391/2452/2424 2390/2451/2423 3711/3788/3760 
f 3527/3601/3573 3485/3559/3531 3711/3788/3760 
f 2391/2452/2424 3711/3788/3760 3485/3559/3531 
f 2390/2451/2423 3516/3590/3562 3712/3789/3761 
f 2390/2451/2423 3712/3789/3761 3711/3788/3760 
f 3712/3789/3761 3713/3790/3762 3711/3788/3760 
f 3712/3789/3761 3714/3791/3763 3713/3790/3762 
f 3713/3790/3762 3527/3601/3573 3711/3788/3760 
f 3713/3790/3762 3715/3792/3764 3527/3601/3573 
f 3716/3793/3765 3102/3170/3142 3103/3171/3143 
f 2418/2482/2454 3550/3626/3598 3717/3794/3766 
f 2418/2482/2454 3717/3794/3766 3436/3510/3482 
f 3716/3793/3765 3103/3171/3143 3717/3794/3766 
f 3103/3171/3143 3436/3510/3482 3717/3794/3766 
f 3716/3793/3765 3717/3794/3766 3718/3795/3767 
f 3550/3626/3598 3718/3795/3767 3717/3794/3766 
f 3716/3793/3765 3719/3796/3768 3102/3170/3142 
f 3105/3173/3145 3102/3170/3142 3719/3796/3768 
f 1051/1051/1051 1052/1052/1052 3720/3797/3769 
f 3720/3797/3769 3719/3796/3768 3716/3793/3765 
f 3720/3797/3769 3716/3793/3765 3718/3795/3767 
f 3720/3797/3769 3718/3795/3767 3550/3626/3598 
f 3719/3796/3768 3720/3797/3769 1052/1052/1052 
f 2639/2705/2677 2638/2704/2676 3721/3798/3770 
f 3721/3798/3770 2638/2704/2676 3722/3799/3771 
f 3721/3798/3770 3722/3799/3771 3723/3800/3772 
f 2639/2705/2677 3721/3798/3770 3724/3801/3773 
f 2639/2705/2677 3724/3801/3773 2632/2698/2670 
f 3723/3800/3772 3724/3801/3773 3721/3798/3770 
f 3723/3800/3772 3725/3802/3774 3724/3801/3773 
f 1351/1351/1351 3726/3803/3775 2655/2721/2693 
f 2655/2721/2693 3726/3803/3775 2656/2722/2694 
f 1351/1351/1351 1350/1350/1350 3726/3803/3775 
f 3727/3804/3776 3728/3805/3777 3729/3806/3778 
f 3727/3804/3776 3729/3806/3778 3730/3807/3779 
f 3730/3807/3779 3731/3808/3780 3732/3809/3781 
f 3730/3807/3779 3732/3809/3781 3727/3804/3776 
f 3732/3809/3781 2674/2740/2712 2673/2739/2711 
f 3733/3810/3782 3350/3418/3390 3731/3808/3780 
f 3730/3807/3779 3733/3810/3782 3731/3808/3780 
f 3733/3810/3782 3213/3281/3253 3350/3418/3390 
f 3730/3807/3779 3729/3806/3778 3733/3810/3782 
f 3213/3281/3253 3733/3810/3782 3211/3279/3251 
f 3734/3811/3783 1328/1328/1328 1335/1335/1335 
f 1336/1336/1336 3735/3812/3784 1335/1335/1335 
f 3734/3811/3783 1335/1335/1335 3735/3812/3784 
f 3736/3813/3785 3088/3156/3128 1329/1329/1329 
f 1328/1328/1328 3736/3813/3785 1329/1329/1329 
f 1328/1328/1328 3734/3811/3783 3736/3813/3785 
f 3737/3814/3786 2939/3005/2977 2936/3002/2974 
f 2939/3005/2977 3737/3814/3786 3736/3813/3785 
f 3736/3813/3785 3737/3814/3786 3088/3156/3128 
f 3258/3326/3298 2976/3042/3014 3738/3815/3787 
f 2976/3042/3014 2974/3040/3012 3738/3815/3787 
f 3258/3326/3298 3738/3815/3787 3739/3816/3788 
f 3293/3361/3333 3740/3817/3789 3739/3816/3788 
f 2979/3045/3017 3740/3817/3789 3291/3359/3331 
f 3258/3326/3298 3739/3816/3788 3740/3817/3789 
f 3291/3359/3331 3740/3817/3789 3293/3361/3333 
f 3258/3326/3298 3740/3817/3789 2979/3045/3017 
f 1051/1051/1051 3741/3818/3790 1113/1113/1113 
f 3720/3797/3769 3550/3626/3598 3741/3818/3790 
f 1051/1051/1051 3720/3797/3769 3741/3818/3790 
f 3550/3626/3598 2416/2480/2452 3742/3819/3791 
f 3550/3626/3598 3742/3819/3791 3741/3818/3790 
f 3742/3819/3791 1113/1113/1113 3741/3818/3790 
f 1115/1115/1115 1113/1113/1113 3743/3820/3792 
f 3742/3819/3791 3743/3820/3792 1113/1113/1113 
f 3543/3617/3589 3246/3314/3286 3744/3821/3793 
f 3744/3821/3793 3396/3467/3439 3543/3617/3589 
f 3744/3821/3793 2412/2476/2448 3396/3467/3439 
f 3745/3822/3794 3679/3756/3728 2794/2860/2832 
f 2794/2860/2832 2858/2924/2896 3745/3822/3794 
f 2570/2636/2608 3746/3823/3795 3745/3822/3794 
f 2570/2636/2608 2569/2635/2607 3746/3823/3795 
f 3745/3822/3794 3746/3823/3795 3679/3756/3728 
f 3191/3259/3231 3193/3261/3233 3746/3823/3795 
f 3191/3259/3231 3746/3823/3795 2569/2635/2607 
f 3747/3824/3796 2570/2636/2608 3745/3822/3794 
f 3747/3824/3796 2858/2924/2896 2859/2925/2897 
f 3747/3824/3796 3745/3822/3794 2858/2924/2896 
f 3747/3824/3796 2859/2925/2897 2864/2930/2902 
f 3747/3824/3796 2572/2638/2610 2570/2636/2608 
f 3105/3173/3145 3719/3796/3768 3748/3825/3797 
f 3719/3796/3768 1052/1052/1052 3748/3825/3797 
f 3749/3826/3798 3105/3173/3145 3748/3825/3797 
f 3749/3826/3798 2437/2501/2473 3105/3173/3145 
f 2437/2501/2473 3749/3826/3798 2432/2496/2468 
f 3750/3827/3799 2949/3015/2987 3236/3304/3276 
f 3750/3827/3799 3236/3304/3276 3751/3828/3800 
f 3750/3827/3799 3751/3828/3800 3752/3829/3801 
f 3753/3830/3802 2948/3014/2986 2949/3015/2987 
f 3753/3830/3802 2949/3015/2987 3750/3827/3799 
f 3753/3830/3802 2855/2921/2893 2948/3014/2986 
f 3753/3830/3802 2856/2922/2894 2855/2921/2893 
f 3750/3827/3799 3752/3829/3801 3753/3830/3802 
f 3033/3099/3071 2315/2376/2348 3754/3831/3803 
f 3754/3831/3803 2315/2376/2348 2314/2375/2347 
f 3754/3831/3803 2314/2375/2347 3755/3832/3804 
f 3755/3832/3804 2314/2375/2347 2318/2379/2351 
f 3755/3832/3804 3756/3833/3805 3757/3834/3806 
f 3755/3832/3804 3757/3834/3806 3754/3831/3803 
f 3754/3831/3803 3757/3834/3806 3758/3835/3807 
f 3759/3836/3808 3034/3100/3072 3033/3099/3071 
f 3759/3836/3808 3033/3099/3071 3754/3831/3803 
f 3754/3831/3803 3758/3835/3807 3759/3836/3808 
f 3158/3226/3198 2335/2396/2368 3760/3837/3809 
f 2332/2393/2365 3760/3837/3809 2335/2396/2368 
f 2834/2900/2872 2832/2898/2870 3761/3838/3810 
f 3761/3838/3810 2832/2898/2870 2833/2899/2871 
f 3761/3838/3810 3017/3083/3055 3016/3082/3054 
f 3761/3838/3810 2833/2899/2871 3017/3083/3055 
f 2834/2900/2872 3761/3838/3810 3762/3839/3811 
f 3762/3839/3811 2835/2901/2873 2834/2900/2872 
f 3762/3839/3811 3763/3840/3812 2835/2901/2873 
f 3764/3841/3813 3553/3629/3601 3558/3634/3606 
f 3764/3841/3813 3765/3842/3814 3553/3629/3601 
f 2903/2969/2941 3553/3629/3601 3765/3842/3814 
f 3764/3841/3813 3766/3843/3815 3765/3842/3814 
f 2903/2969/2941 3765/3842/3814 3766/3843/3815 
f 3764/3841/3813 3767/3844/3816 3766/3843/3815 
f 2903/2969/2941 3766/3843/3815 2904/2970/2942 
f 3768/3845/3817 3764/3841/3813 3558/3634/3606 
f 3768/3845/3817 3558/3634/3606 3559/3635/3607 
f 3768/3845/3817 3767/3844/3816 3764/3841/3813 
f 3769/3846/3818 2392/2453/2425 2391/2452/2424 
f 3769/3846/3818 2391/2452/2424 3485/3559/3531 
f 3769/3846/3818 3485/3559/3531 3404/3475/3447 
f 3769/3846/3818 3770/3847/3819 2392/2453/2425 
f 2393/2454/2426 2392/2453/2425 3770/3847/3819 
f 3404/3475/3447 3770/3847/3819 3769/3846/3818 
f 3404/3475/3447 3403/3474/3446 3770/3847/3819 
f 3273/3341/3313 3771/3848/3820 3274/3342/3314 
f 3273/3341/3313 3244/3312/3284 3771/3848/3820 
f 3274/3342/3314 3771/3848/3820 3772/3849/3821 
f 3274/3342/3314 3772/3849/3821 3271/3339/3311 
f 3424/3495/3467 3427/3498/3470 3773/3850/3822 
f 3427/3498/3470 3597/3673/3645 3774/3851/3823 
f 3596/3672/3644 3774/3851/3823 3597/3673/3645 
f 3427/3498/3470 3774/3851/3823 3773/3850/3822 
f 3775/3852/3824 2724/2790/2762 2929/2995/2967 
f 2929/2995/2967 2931/2997/2969 3775/3852/3824 
f 3775/3852/3824 2725/2791/2763 2724/2790/2762 
f 3773/3850/3822 3774/3851/3823 3775/3852/3824 
f 2931/2997/2969 3776/3853/3825 3775/3852/3824 
f 3776/3853/3825 3424/3495/3467 3773/3850/3822 
f 3773/3850/3822 3775/3852/3824 3776/3853/3825 
f 2931/2997/2969 3424/3495/3467 3776/3853/3825 
f 3179/3247/3219 3777/3854/3826 3778/3855/3827 
f 3179/3247/3219 3778/3855/3827 3180/3248/3220 
f 3779/3856/3828 3713/3790/3762 3714/3791/3763 
f 3779/3856/3828 3714/3791/3763 3780/3857/3829 
f 3779/3856/3828 3780/3857/3829 3781/3858/3830 
f 3362/3432/3404 3670/3746/3718 3781/3858/3830 
f 3782/3859/3831 3781/3858/3830 3670/3746/3718 
f 3779/3856/3828 3781/3858/3830 3782/3859/3831 
f 3782/3859/3831 3670/3746/3718 3715/3792/3764 
f 3782/3859/3831 3713/3790/3762 3779/3856/3828 
f 3782/3859/3831 3715/3792/3764 3713/3790/3762 
f 3783/3860/3832 2725/2791/2763 3775/3852/3824 
f 3783/3860/3832 3775/3852/3824 3774/3851/3823 
f 3783/3860/3832 3596/3672/3644 3206/3274/3246 
f 3596/3672/3644 3783/3860/3832 3774/3851/3823 
f 2725/2791/2763 3783/3860/3832 3784/3861/3833 
f 2725/2791/2763 3784/3861/3833 2726/2792/2764 
f 3784/3861/3833 2733/2799/2771 2732/2798/2770 
f 2726/2792/2764 3784/3861/3833 2732/2798/2770 
f 3784/3861/3833 3206/3274/3246 2733/2799/2771 
f 3783/3860/3832 3206/3274/3246 3784/3861/3833 
f 3785/3862/3834 3456/3530/3502 3340/3408/3380 
f 3785/3862/3834 3340/3408/3380 3786/3863/3835 
f 3786/3863/3835 3340/3408/3380 3337/3405/3377 
f 3787/3864/3836 3785/3862/3834 3786/3863/3835 
f 3787/3864/3836 3786/3863/3835 3788/3865/3837 
f 3787/3866/3838 3788/3867/3839 3539/3613/3585 
f 3538/3612/3584 3789/3868/3840 3539/3613/3585 
f 3787/3866/3838 3539/3613/3585 3789/3868/3840 
f 3789/3869/3841 3785/3862/3834 3787/3864/3836 
f 3790/3870/3842 3257/3325/3297 3456/3530/3502 
f 3789/3869/3841 3790/3870/3842 3785/3862/3834 
f 3790/3870/3842 3456/3530/3502 3785/3862/3834 
f 3791/3871/3843 3792/3872/3844 3768/3845/3817 
f 3793/3873/3845 3792/3872/3844 3791/3871/3843 
f 3793/3873/3845 3791/3871/3843 3794/3874/3846 
f 2907/2973/2945 2906/2972/2944 3795/3875/3847 
f 3795/3875/3847 3793/3873/3845 3794/3874/3846 
f 3796/3876/3848 2906/2972/2944 2911/2977/2949 
f 3795/3875/3847 3796/3876/3848 3793/3873/3845 
f 3796/3876/3848 3795/3875/3847 2906/2972/2944 
f 3797/3877/3849 3594/3670/3642 3593/3669/3641 
f 2934/3000/2972 3594/3670/3642 3797/3877/3849 
f 3798/3878/3850 2934/3000/2972 3797/3877/3849 
f 3797/3877/3849 3593/3669/3641 3798/3878/3850 
f 3798/3878/3850 2935/3001/2973 2934/3000/2972 
f 3799/3879/3851 3413/3484/3456 2868/2934/2906 
f 2868/2934/2906 3468/3542/3514 3799/3879/3851 
f 3414/3485/3457 3413/3484/3456 3800/3880/3852 
f 3799/3879/3851 3800/3880/3852 3413/3484/3456 
f 3801/3881/3853 3617/3693/3665 3013/3079/3051 
f 2651/2717/2689 2656/2722/2694 3801/3881/3853 
f 2651/2717/2689 3801/3881/3853 3013/3079/3051 
f 3801/3881/3853 3802/3882/3854 3617/3693/3665 
f 3633/3709/3681 3802/3882/3854 3801/3881/3853 
f 3803/3883/3855 3478/3552/3524 3483/3557/3529 
f 3803/3883/3855 3376/3447/3419 3208/3276/3248 
f 3804/3884/3856 3376/3447/3419 3803/3883/3855 
f 3804/3884/3856 3374/3445/3417 3376/3447/3419 
f 3803/3883/3855 3483/3557/3529 3804/3884/3856 
f 3481/3555/3527 3374/3445/3417 3804/3884/3856 
f 3482/3556/3528 3481/3555/3527 3804/3884/3856 
f 3482/3556/3528 3804/3884/3856 3483/3557/3529 
f 3805/3885/3857 2830/2896/2868 2828/2894/2866 
f 3656/3732/3704 3805/3885/3857 3657/3733/3705 
f 3656/3732/3704 2830/2896/2868 3805/3885/3857 
f 2304/2365/2337 3805/3885/3857 2782/2848/2820 
f 2304/2365/2337 3657/3733/3705 3805/3885/3857 
f 3805/3885/3857 2828/2894/2866 3806/3886/3858 
f 2782/2848/2820 3805/3885/3857 3806/3886/3858 
f 2301/2362/2334 3806/3886/3858 2302/2363/2335 
f 2782/2848/2820 3806/3886/3858 2301/2362/2334 
f 3807/3887/3859 2675/2741/2713 2674/2740/2712 
f 2605/2671/2643 3807/3887/3859 2606/2672/2644 
f 2605/2671/2643 2675/2741/2713 3807/3887/3859 
f 3350/3418/3390 2606/2672/2644 3807/3887/3859 
f 3350/3418/3390 3808/3888/3860 3731/3808/3780 
f 3808/3888/3860 2674/2740/2712 3732/3809/3781 
f 3808/3888/3860 3732/3809/3781 3731/3808/3780 
f 3807/3887/3859 2674/2740/2712 3808/3888/3860 
f 3350/3418/3390 3807/3887/3859 3808/3888/3860 
f 3809/3889/3861 3175/3243/3215 3277/3345/3317 
f 3175/3243/3215 3810/3890/3862 3353/3421/3393 
f 3175/3243/3215 3809/3889/3861 3810/3890/3862 
f 3811/3891/3863 2614/2680/2652 2613/2679/2651 
f 2943/3009/2981 2614/2680/2652 3811/3891/3863 
f 3811/3891/3863 2613/2679/2651 3264/3332/3304 
f 2943/3009/2981 3811/3891/3863 2944/3010/2982 
f 3264/3332/3304 2944/3010/2982 3811/3891/3863 
f 3335/3403/3375 3332/3400/3372 3812/3892/3864 
f 3335/3403/3375 3812/3892/3864 3813/3893/3865 
f 3813/3893/3865 3812/3892/3864 3814/3894/3866 
f 3813/3893/3865 3814/3894/3866 3367/3437/3409 
f 3143/3211/3183 3140/3208/3180 3815/3895/3867 
f 3815/3895/3867 3140/3208/3180 3139/3207/3179 
f 3815/3895/3867 3139/3207/3179 3816/3896/3868 
f 3813/3893/3865 3816/3896/3868 3335/3403/3375 
f 3813/3893/3865 3815/3895/3867 3816/3896/3868 
f 3817/3897/3869 3818/3898/3870 3819/3899/3871 
f 3818/3898/3870 3820/3900/3872 3819/3899/3871 
f 3820/3900/3872 3821/3901/3873 3819/3899/3871 
f 3821/3901/3873 3817/3897/3869 3819/3899/3871 
f 3821/3901/3873 3822/3902/3874 3817/3897/3869 
f 3823/3903/3875 3562/3638/3610 3561/3637/3609 
f 3823/3903/3875 3561/3637/3609 3821/3901/3873 
f 3820/3900/3872 3823/3903/3875 3821/3901/3873 
f 3824/3904/3876 2215/2276/2248 2214/2275/2247 
f 3824/3904/3876 2214/2275/2247 3624/3700/3672 
f 3824/3904/3876 3503/3577/3549 2537/2603/2575 
f 2215/2276/2248 3824/3904/3876 2537/2603/2575 
f 3824/3904/3876 3825/3905/3877 3503/3577/3549 
f 3825/3905/3877 3624/3700/3672 3623/3699/3671 
f 3825/3905/3877 3824/3904/3876 3624/3700/3672 
f 3826/3906/3878 3825/3905/3877 3623/3699/3671 
f 3503/3577/3549 3825/3905/3877 3826/3906/3878 
f 3503/3577/3549 3826/3906/3878 2258/2319/2291 
f 3607/3683/3655 3610/3686/3658 3827/3907/3879 
f 3607/3683/3655 3827/3907/3879 3605/3681/3653 
f 3037/3103/3075 3605/3681/3653 3827/3907/3879 
f 3295/3363/3335 3827/3907/3879 3610/3686/3658 
f 3037/3103/3075 3827/3907/3879 3036/3102/3074 
f 3828/3908/3880 3295/3363/3335 3294/3362/3334 
f 3036/3102/3074 3827/3907/3879 3828/3908/3880 
f 3295/3363/3335 3828/3908/3880 3827/3907/3879 
f 3036/3102/3074 3828/3908/3880 3829/3909/3881 
f 3829/3909/3881 3006/3072/3044 3036/3102/3074 
f 3829/3909/3881 3830/3910/3882 3006/3072/3044 
f 3829/3909/3881 3828/3908/3880 3831/3911/3883 
f 3829/3909/3881 3831/3911/3883 3830/3910/3882 
f 3828/3908/3880 3294/3362/3334 3831/3911/3883 
f 3831/3911/3883 3294/3362/3334 3293/3361/3333 
f 3832/3912/3884 3833/3913/3885 3834/3914/3886 
f 3832/3912/3884 3834/3914/3886 3835/3915/3887 
f 3836/3916/3888 2850/2916/2888 2380/2441/2413 
f 3836/3916/3888 3833/3913/3885 3832/3912/3884 
f 3836/3916/3888 2379/2440/2412 3833/3913/3885 
f 3836/3916/3888 2380/2441/2413 2379/2440/2412 
f 3832/3912/3884 3835/3915/3887 3837/3917/3889 
f 3832/3912/3884 3837/3917/3889 3836/3916/3888 
f 3838/3918/3890 2323/2384/2356 2319/2380/2352 
f 2323/2384/2356 3838/3918/3890 3119/3187/3159 
f 3589/3665/3637 3588/3664/3636 3839/3919/3891 
f 3589/3665/3637 3839/3919/3891 3471/3545/3517 
f 3471/3545/3517 3840/3920/3892 3472/3546/3518 
f 3471/3545/3517 3839/3919/3891 3840/3920/3892 
f 3633/3709/3681 3841/3921/3893 3676/3753/3725 
f 3841/3921/3893 3801/3881/3853 2656/2722/2694 
f 3841/3921/3893 2656/2722/2694 3726/3803/3775 
f 3676/3753/3725 3841/3921/3893 3726/3803/3775 
f 3633/3709/3681 3801/3881/3853 3841/3921/3893 
f 3842/3922/3894 3649/3725/3697 3710/3787/3759 
f 3842/3922/3894 3647/3723/3695 3649/3725/3697 
f 3647/3723/3695 3843/3923/3895 3648/3724/3696 
f 3843/3923/3895 3821/3901/3873 3561/3637/3609 
f 3647/3723/3695 3842/3922/3894 3843/3923/3895 
f 3822/3902/3874 3843/3923/3895 3842/3922/3894 
f 3843/3923/3895 3822/3902/3874 3821/3901/3873 
f 3648/3724/3696 3843/3923/3895 3561/3637/3609 
f 3085/3153/3125 2808/2874/2846 3844/3924/3896 
f 3844/3924/3896 2808/2874/2846 2806/2872/2844 
f 3844/3924/3896 2806/2872/2844 3845/3925/3897 
f 3845/3925/3897 3846/3926/3898 3844/3924/3896 
f 3083/3151/3123 3085/3153/3125 3846/3926/3898 
f 3085/3153/3125 3844/3924/3896 3846/3926/3898 
f 3845/3925/3897 3847/3927/3899 3846/3926/3898 
f 3818/3898/3870 3817/3897/3869 3847/3927/3899 
f 3818/3898/3870 3847/3927/3899 3845/3925/3897 
f 3847/3927/3899 3817/3897/3869 3822/3902/3874 
f 3848/3928/3900 3534/3608/3580 2759/2825/2797 
f 3848/3928/3900 3069/3137/3109 3070/3138/3110 
f 2535/2601/2573 3069/3137/3109 3848/3928/3900 
f 3848/3928/3900 2759/2825/2797 2535/2601/2573 
f 3534/3608/3580 3849/3929/3901 3536/3610/3582 
f 3534/3608/3580 3848/3928/3900 3849/3929/3901 
f 3848/3928/3900 3070/3138/3110 3849/3929/3901 
f 3850/3930/3902 3008/3074/3046 2847/2913/2885 
f 3850/3930/3902 3505/3579/3551 3008/3074/3046 
f 3850/3930/3902 2847/2913/2885 2850/2916/2888 
f 3851/3931/3903 3850/3930/3902 2850/2916/2888 
f 1388/1388/1388 3505/3579/3551 3851/3931/3903 
f 1389/1389/1389 1388/1388/1388 3851/3931/3903 
f 3850/3930/3902 3851/3931/3903 3505/3579/3551 
f 3852/3932/3904 2525/2591/2563 2523/2589/2561 
f 3389/3460/3432 3659/3735/3707 3852/3932/3904 
f 3852/3932/3904 2523/2589/2561 3853/3933/3905 
f 3853/3933/3905 2523/2589/2561 2528/2594/2566 
f 3389/3460/3432 3853/3933/3905 3386/3457/3429 
f 3389/3460/3432 3852/3932/3904 3853/3933/3905 
f 3854/3934/3906 3636/3712/3684 2552/2618/2590 
f 2871/2937/2909 3636/3712/3684 3854/3934/3906 
f 3854/3934/3906 2552/2618/2590 2551/2617/2589 
f 3855/3935/3907 2550/2616/2588 2549/2615/2587 
f 2551/2617/2589 2550/2616/2588 3855/3935/3907 
f 2551/2617/2589 3855/3935/3907 3854/3934/3906 
f 2871/2937/2909 3854/3934/3906 3855/3935/3907 
f 3856/3936/3908 3665/3741/3713 3668/3744/3716 
f 3856/3936/3908 3668/3744/3716 3071/3139/3111 
f 3068/3136/3108 3856/3936/3908 3071/3139/3111 
f 3857/3937/3909 3666/3742/3714 3665/3741/3713 
f 3068/3136/3108 3857/3937/3909 3856/3936/3908 
f 3857/3937/3909 3665/3741/3713 3856/3936/3908 
f 3858/3938/3910 2878/2944/2916 2877/2943/2915 
f 3858/3938/3910 3859/3939/3911 2878/2944/2916 
f 3859/3939/3911 2879/2945/2917 2878/2944/2916 
f 3859/3939/3911 3860/3940/3912 2879/2945/2917 
f 3861/3941/3913 3051/3117/3089 3054/3120/3092 
f 3861/3941/3913 3004/3070/3042 3587/3663/3635 
f 3005/3071/3043 3861/3941/3913 3054/3120/3092 
f 3861/3941/3913 3005/3071/3043 3004/3070/3042 
f 3861/3941/3913 3862/3942/3914 3051/3117/3089 
f 3862/3942/3914 3861/3941/3913 3587/3663/3635 
f 3863/3943/3915 2964/3030/3002 3005/3071/3043 
f 3863/3943/3915 2965/3031/3003 2964/3030/3002 
f 3005/3071/3043 3054/3120/3092 3863/3943/3915 
f 3053/3119/3091 3702/3779/3751 3864/3944/3916 
f 3053/3119/3091 3864/3944/3916 3054/3120/3092 
f 2965/3031/3003 3863/3943/3915 3865/3945/3917 
f 3054/3120/3092 3865/3945/3917 3863/3943/3915 
f 3054/3120/3092 3864/3944/3916 3865/3945/3917 
f 3826/3906/3878 3623/3699/3671 3866/3946/3918 
f 3866/3946/3918 3623/3699/3671 3622/3698/3670 
f 3866/3946/3918 3867/3947/3919 3826/3906/3878 
f 2258/2319/2291 3826/3906/3878 3867/3947/3919 
f 2258/2319/2291 3867/3947/3919 2250/2311/2283 
f 3342/3410/3382 3341/3409/3381 3868/3948/3920 
f 3868/3948/3920 3070/3138/3110 3071/3139/3111 
f 3342/3410/3382 3868/3948/3920 3668/3744/3716 
f 3868/3948/3920 3071/3139/3111 3668/3744/3716 
f 3849/3929/3901 3070/3138/3110 3868/3948/3920 
f 3414/3485/3457 3800/3880/3852 3869/3949/3921 
f 3414/3485/3457 3869/3949/3921 3870/3950/3922 
f 3414/3485/3457 3870/3950/3922 3411/3482/3454 
f 2871/2937/2909 3855/3935/3907 3871/3951/3923 
f 3855/3935/3907 3872/3952/3924 3871/3951/3923 
f 3873/3953/3925 2645/2711/2683 2644/2710/2682 
f 2645/2711/2683 3873/3953/3925 3872/3952/3924 
f 3872/3952/3924 3873/3953/3925 3874/3954/3926 
f 3872/3952/3924 3874/3954/3926 3871/3951/3923 
f 3855/3935/3907 3875/3955/3927 3872/3952/3924 
f 3855/3935/3907 2549/2615/2587 3875/3955/3927 
f 3391/3462/3434 3390/3461/3433 3876/3956/3928 
f 3391/3462/3434 3876/3956/3928 3392/3463/3435 
f 3877/3957/3929 3878/3958/3930 3879/3959/3931 
f 3877/3957/3929 3879/3959/3931 3077/3145/3117 
f 3077/3145/3117 3880/3960/3932 3075/3143/3115 
f 3078/3146/3118 3075/3143/3115 3880/3960/3932 
f 3077/3145/3117 3879/3959/3931 3880/3960/3932 
f 3881/3961/3933 3077/3145/3117 3076/3144/3116 
f 3077/3145/3117 3881/3961/3933 3882/3962/3934 
f 3077/3145/3117 3882/3962/3934 3877/3957/3929 
f 2776/2842/2814 3883/3963/3935 2828/2894/2866 
f 3806/3886/3858 2828/2894/2866 3883/3963/3935 
f 2331/2392/2364 2339/2400/2372 3884/3964/3936 
f 2691/2757/2729 2692/2758/2730 3885/3965/3937 
f 3886/3966/3938 3885/3965/3937 2692/2758/2730 
f 3884/3964/3936 3886/3966/3938 2331/2392/2364 
f 2332/2393/2365 2331/2392/2364 3886/3966/3938 
f 3886/3966/3938 2692/2758/2730 3540/3614/3586 
f 3884/3964/3936 3885/3965/3937 3886/3966/3938 
f 3884/3964/3936 3887/3967/3939 3885/3965/3937 
f 3884/3964/3936 2339/2400/2372 3887/3967/3939 
f 2691/2757/2729 3885/3965/3937 3887/3967/3939 
f 2696/2762/2734 2691/2757/2729 3887/3967/3939 
f 3888/3968/3940 2687/2753/2725 2770/2836/2808 
f 3888/3968/3940 2688/2754/2726 2687/2753/2725 
f 3889/3969/3941 2769/2835/2807 3638/3714/3686 
f 3889/3969/3941 3319/3387/3359 2688/2754/2726 
f 2770/2836/2808 3889/3969/3941 3888/3968/3940 
f 2770/2836/2808 2769/2835/2807 3889/3969/3941 
f 3889/3969/3941 2688/2754/2726 3888/3968/3940 
f 3890/3970/3942 3527/3601/3573 3715/3792/3764 
f 3670/3746/3718 3669/3745/3717 3890/3970/3942 
f 3890/3970/3942 3525/3599/3571 3527/3601/3573 
f 3890/3970/3942 3526/3600/3572 3525/3599/3571 
f 3670/3746/3718 3890/3970/3942 3715/3792/3764 
f 3567/3643/3615 3891/3971/3943 3565/3641/3613 
f 3568/3644/3616 3891/3971/3943 3567/3643/3615 
f 3568/3644/3616 3892/3972/3944 3891/3971/3943 
f 3893/3973/3945 2716/2782/2754 2717/2783/2755 
f 3893/3973/3945 2717/2783/2755 3894/3974/3946 
f 3894/3974/3946 3356/3426/3398 3362/3432/3404 
f 3894/3974/3946 2717/2783/2755 3356/3426/3398 
f 3491/3565/3537 3895/3975/3947 2456/2520/2492 
f 3696/3773/3745 2456/2520/2492 3895/3975/3947 
f 3895/3975/3947 3492/3566/3538 3495/3569/3541 
f 3491/3565/3537 3492/3566/3538 3895/3975/3947 
f 2702/2768/2740 2369/2430/2402 3896/3976/3948 
f 3460/3534/3506 3896/3976/3948 2369/2430/2402 
f 3032/3098/3070 3034/3100/3072 3897/3977/3949 
f 3759/3836/3808 3897/3977/3949 3034/3100/3072 
f 3243/3311/3283 3032/3098/3070 3897/3977/3949 
f 3759/3836/3808 3758/3835/3807 3897/3977/3949 
f 3898/3978/3950 2767/2833/2805 2766/2832/2804 
f 2924/2990/2962 2728/2794/2766 3898/3978/3950 
f 2730/2796/2768 3898/3978/3950 2728/2794/2766 
f 3291/3359/3331 2924/2990/2962 3898/3978/3950 
f 3898/3978/3950 2766/2832/2804 2973/3039/3011 
f 2730/2796/2768 2767/2833/2805 3898/3978/3950 
f 3291/3359/3331 3898/3978/3950 2973/3039/3011 
f 3899/3979/3951 2877/2943/2915 3259/3327/3299 
f 2877/2943/2915 3899/3979/3951 3900/3980/3952 
f 2877/2943/2915 3900/3980/3952 3858/3938/3910 
f 3901/3981/3953 2547/2613/2585 2546/2612/2584 
f 3901/3981/3953 3902/3982/3954 3903/3983/3955 
f 3901/3981/3953 3903/3983/3955 2547/2613/2585 
f 3901/3981/3953 2546/2612/2584 3904/3984/3956 
f 3904/3984/3956 3902/3982/3954 3901/3981/3953 
f 3904/3984/3956 2546/2612/2584 2940/3006/2978 
f 3904/3984/3956 3905/3985/3957 3902/3982/3954 
f 2471/2537/2509 2229/2290/2262 3906/3986/3958 
f 2472/2538/2510 2471/2537/2509 3906/3986/3958 
f 3906/3986/3958 2229/2290/2262 3677/3754/3726 
f 2472/2538/2510 3906/3986/3958 3907/3987/3959 
f 3907/3987/3959 3583/3659/3631 2472/2538/2510 
f 3907/3987/3959 3582/3658/3630 3583/3659/3631 
f 3238/3306/3278 3908/3988/3960 2650/2716/2688 
f 3238/3306/3278 3501/3575/3547 3908/3988/3960 
f 2650/2716/2688 3908/3988/3960 3909/3989/3961 
f 2650/2716/2688 3909/3989/3961 3467/3541/3513 
f 3910/3990/3962 2978/3044/3016 2977/3043/3015 
f 3910/3990/3962 2977/3043/3015 3911/3991/3963 
f 3911/3991/3963 2384/2445/2417 2383/2444/2416 
f 2696/2762/2734 3911/3991/3963 2977/3043/3015 
f 2340/2401/2373 2384/2445/2417 3911/3991/3963 
f 3911/3991/3963 2383/2444/2416 3910/3990/3962 
f 3910/3990/3962 3912/3992/3964 2978/3044/3016 
f 2974/3040/3012 2978/3044/3016 3912/3992/3964 
f 3910/3990/3962 2383/2444/2416 3912/3992/3964 
f 2383/2444/2416 2849/2915/2887 3912/3992/3964 
f 3768/3845/3817 3559/3635/3607 3913/3993/3965 
f 3794/3874/3846 3791/3871/3843 3913/3993/3965 
f 3791/3871/3843 3768/3845/3817 3913/3993/3965 
f 3913/3993/3965 3559/3635/3607 3019/3085/3057 
f 3913/3993/3965 3019/3085/3057 3018/3084/3056 
f 3798/3878/3850 3593/3669/3641 3914/3994/3966 
f 3914/3994/3966 3465/3539/3511 3467/3541/3513 
f 3914/3994/3966 3467/3541/3513 3909/3989/3961 
f 3465/3539/3511 3914/3994/3966 3593/3669/3641 
f 3915/3995/3967 3698/3775/3747 3696/3773/3745 
f 3915/3995/3967 3696/3773/3745 3895/3975/3947 
f 3895/3975/3947 3495/3569/3541 3915/3995/3967 
f 3915/3995/3967 3916/3996/3968 3698/3775/3747 
f 3916/3996/3968 2497/2563/2535 3698/3775/3747 
f 3915/3995/3967 3917/3997/3969 3916/3996/3968 
f 2633/2699/2671 3918/3998/3970 3916/3996/3968 
f 3916/3996/3968 3918/3998/3970 2497/2563/2535 
f 3918/3998/3970 2633/2699/2671 2632/2698/2670 
f 1070/1070/1070 3919/3999/3971 2952/3018/2990 
f 1041/1041/1041 3919/3999/3971 1070/1070/1070 
f 3920/4000/3972 3113/3181/3153 3112/3180/3152 
f 2952/3018/2990 3919/3999/3971 3920/4000/3972 
f 2952/3018/2990 3920/4000/3972 2953/3019/2991 
f 2980/3046/3018 2986/3052/3024 3921/4001/3973 
f 2980/3046/3018 3921/4001/3973 3592/3668/3640 
f 3268/3336/3308 3592/3668/3640 3921/4001/3973 
f 3922/4002/3974 3035/3101/3073 2918/2984/2956 
f 3838/3918/3890 2319/2380/2352 3923/4003/3975 
f 3922/4002/3974 3923/4003/3975 3035/3101/3073 
f 3923/4003/3975 2320/2381/2353 3035/3101/3073 
f 3923/4003/3975 2319/2380/2352 2320/2381/2353 
f 2209/2270/2242 3922/4002/3974 3924/4004/3976 
f 2918/2984/2956 2921/2987/2959 3924/4004/3976 
f 2918/2984/2956 3924/4004/3976 3922/4002/3974 
f 2874/2940/2912 3925/4005/3977 3468/3542/3514 
f 3723/3800/3772 3722/3799/3771 3926/4006/3978 
f 3723/3800/3772 3926/4006/3978 3925/4005/3977 
f 3799/3879/3851 3468/3542/3514 3927/4007/3979 
f 3925/4005/3977 3927/4007/3979 3468/3542/3514 
f 3925/4005/3977 3926/4006/3978 3927/4007/3979 
f 3723/3800/3772 3925/4005/3977 3928/4008/3980 
f 2874/2940/2912 3928/4008/3980 3925/4005/3977 
f 3928/4008/3980 2874/2940/2912 2873/2939/2911 
f 2420/2484/2456 3929/4009/3981 3499/3573/3545 
f 2420/2484/2456 2425/2489/2461 3929/4009/3981 
f 3499/3573/3545 3930/4010/3982 3500/3574/3546 
f 3499/3573/3545 3929/4009/3981 3930/4010/3982 
f 3931/4011/3983 3501/3575/3547 3500/3574/3546 
f 3931/4011/3983 3908/3988/3960 3501/3575/3547 
f 3500/3574/3546 3932/4012/3984 3931/4011/3983 
f 3500/3574/3546 3930/4010/3982 3932/4012/3984 
f 3933/4013/3985 3335/3403/3375 3816/3896/3868 
f 3933/4013/3985 3334/3402/3374 3335/3403/3375 
f 3816/3896/3868 3934/4014/3986 3933/4013/3985 
f 3816/3896/3868 3139/3207/3179 3934/4014/3986 
f 3334/3402/3374 3933/4013/3985 3934/4014/3986 
f 3336/3404/3376 3334/3402/3374 3934/4014/3986 
f 3006/3072/3044 3830/3910/3882 3935/4015/3987 
f 3006/3072/3044 3935/4015/3987 2848/2914/2886 
f 3936/4016/3988 3912/3992/3964 2849/2915/2887 
f 2974/3040/3012 3912/3992/3964 3936/4016/3988 
f 3935/4015/3987 3738/3815/3787 3936/4016/3988 
f 3935/4015/3987 3936/4016/3988 2848/2914/2886 
f 3936/4016/3988 2849/2915/2887 2848/2914/2886 
f 2974/3040/3012 3936/4016/3988 3738/3815/3787 
f 3513/3587/3559 3512/3586/3558 3937/4017/3989 
f 3513/3587/3559 3937/4017/3989 3938/4018/3990 
f 3939/4019/3991 2723/2789/2761 2722/2788/2760 
f 3938/4018/3990 3937/4017/3989 3939/4019/3991 
f 3940/4020/3992 2722/2788/2760 3628/3704/3676 
f 3940/4020/3992 3939/4019/3991 2722/2788/2760 
f 3938/4018/3990 3939/4019/3991 3940/4020/3992 
f 3938/4018/3990 3941/4021/3993 3513/3587/3559 
f 3938/4018/3990 3940/4020/3992 3941/4021/3993 
f 3438/3512/3484 3513/3587/3559 3941/4021/3993 
f 3942/4022/3994 3229/3297/3269 2640/2706/2678 
f 3942/4022/3994 3523/3597/3569 3522/3596/3568 
f 2636/2702/2674 3942/4022/3994 2640/2706/2678 
f 3943/4023/3995 2519/2585/2557 2520/2586/2558 
f 2670/2736/2708 3943/4023/3995 2669/2735/2707 
f 2670/2736/2708 2799/2865/2837 3943/4023/3995 
f 2516/2582/2554 3943/4023/3995 2206/2267/2239 
f 2799/2865/2837 2206/2267/2239 3943/4023/3995 
f 2516/2582/2554 2519/2585/2557 3943/4023/3995 
f 3943/4023/3995 2520/2586/2558 2669/2735/2707 
f 3944/4024/3996 2856/2922/2894 3753/3830/3802 
f 3944/4024/3996 3753/3830/3802 3752/3829/3801 
f 3944/4024/3996 2851/2917/2889 2856/2922/2894 
f 3944/4024/3996 3945/4025/3997 2851/2917/2889 
f 2852/2918/2890 2851/2917/2889 3945/4025/3997 
f 3944/4024/3996 3946/4026/3998 3945/4025/3997 
f 3944/4024/3996 3752/3829/3801 3946/4026/3998 
f 3752/3829/3801 3751/3828/3800 3946/4026/3998 
f 3947/4027/3999 2741/2807/2779 2747/2813/2785 
f 2504/2570/2542 2741/2807/2779 3947/4027/3999 
f 2504/2570/2542 3948/4028/4000 2498/2564/2536 
f 2499/2565/2537 2498/2564/2536 3948/4028/4000 
f 2504/2570/2542 3947/4027/3999 3948/4028/4000 
f 2499/2565/2537 3948/4028/4000 3949/4029/4001 
f 3948/4028/4000 3950/4030/4002 3949/4029/4001 
f 3948/4028/4000 3947/4027/3999 3950/4030/4002 
f 2640/2706/2678 3228/3296/3268 3951/4031/4003 
f 3228/3296/3268 3065/3133/3105 3951/4031/4003 
f 3951/4031/4003 2637/2703/2675 2640/2706/2678 
f 3952/4032/4004 3722/3799/3771 2638/2704/2676 
f 3951/4031/4003 3952/4032/4004 2637/2703/2675 
f 3952/4032/4004 3951/4031/4003 3065/3133/3105 
f 3952/4032/4004 2638/2704/2676 2637/2703/2675 
f 3942/4022/3994 3953/4033/4005 3229/3297/3269 
f 3953/4033/4005 3224/3292/3264 3229/3297/3269 
f 3521/3595/3567 3953/4033/4005 3522/3596/3568 
f 3942/4022/3994 3522/3596/3568 3953/4033/4005 
f 3954/4034/4006 3860/3940/3912 3859/3939/3911 
f 3954/4034/4006 3955/4035/4007 3860/3940/3912 
f 3723/3800/3772 3928/4008/3980 3955/4035/4007 
f 3725/3802/3774 3723/3800/3772 3955/4035/4007 
f 3725/3802/3774 3955/4035/4007 3954/4034/4006 
f 3954/4034/4006 3859/3939/3911 3956/4036/4008 
f 3954/4034/4006 3956/4036/4008 3725/3802/3774 
f 3956/4036/4008 3305/3373/3345 3306/3374/3346 
f 2376/2437/2409 3957/4037/4009 2373/2434/2406 
f 2376/2437/2409 3958/4038/4010 3957/4037/4009 
f 3957/4037/4009 2374/2435/2407 2373/2434/2406 
f 3455/3529/3501 3454/3528/3500 3959/4039/4011 
f 3455/3529/3501 3959/4039/4011 3441/3515/3487 
f 3454/3528/3500 3511/3585/3557 3959/4039/4011 
f 3960/4040/4012 2597/2663/2635 2596/2662/2634 
f 2376/2437/2409 3960/4040/4012 3958/4038/4010 
f 2376/2437/2409 2597/2663/2635 3960/4040/4012 
f 3958/4038/4010 3960/4040/4012 3961/4041/4013 
f 3957/4037/4009 3961/4041/4013 2374/2435/2407 
f 3958/4038/4010 3961/4041/4013 3957/4037/4009 
f 3962/4042/4014 3963/4043/4015 3837/3917/3889 
f 3851/3931/3903 2850/2916/2888 3963/4043/4015 
f 3836/3916/3888 3837/3917/3889 3963/4043/4015 
f 1389/1389/1389 3851/3931/3903 3963/4043/4015 
f 1389/1389/1389 3963/4043/4015 3962/4042/4014 
f 3836/3916/3888 3963/4043/4015 2850/2916/2888 
f 3964/4044/4016 3837/3917/3889 3835/3915/3887 
f 3962/4042/4014 3837/3917/3889 3964/4044/4016 
f 3964/4044/4016 3835/3915/3887 3965/4045/4017 
f 3964/4044/4016 3966/4046/4018 3962/4042/4014 
f 3964/4044/4016 3965/4045/4017 3966/4046/4018 
f 3967/4047/4019 2464/2530/2502 2468/2534/2506 
f 3538/3612/3584 3967/4047/4019 3789/3868/3840 
f 3967/4047/4019 3538/3612/3584 2464/2530/2502 
f 3539/3613/3585 3788/3867/3839 3968/4048/4020 
f 3539/3613/3585 3968/4048/4020 3230/3298/3270 
f 3083/3151/3123 3846/3926/3898 3969/4049/4021 
f 3969/4049/4021 3846/3926/3898 3847/3927/3899 
f 3379/3450/3422 3083/3151/3123 3969/4049/4021 
f 3847/3927/3899 3822/3902/3874 3970/4050/4022 
f 3822/3902/3874 3842/3922/3894 3970/4050/4022 
f 3969/4049/4021 3847/3927/3899 3970/4050/4022 
f 3970/4050/4022 3842/3922/3894 3710/3787/3759 
f 3970/4050/4022 3710/3787/3759 3971/4051/4023 
f 3971/4051/4023 3379/3450/3422 3969/4049/4021 
f 3971/4051/4023 3969/4049/4021 3970/4050/4022 
f 3971/4051/4023 3710/3787/3759 3709/3786/3758 
f 3961/4041/4013 3972/4052/4024 2374/2435/2407 
f 2544/2610/2582 2541/2607/2579 3973/4053/4025 
f 3973/4053/4025 2541/2607/2579 2540/2606/2578 
f 3973/4053/4025 2540/2606/2578 3974/4054/4026 
f 3972/4052/4024 3973/4053/4025 3974/4054/4026 
f 3974/4054/4026 2375/2436/2408 2374/2435/2407 
f 3972/4052/4024 3974/4054/4026 3975/4055/4027 
f 3972/4052/4024 3975/4055/4027 2374/2435/2407 
f 3974/4054/4026 2374/2435/2407 3975/4055/4027 
f 2478/2544/2516 3976/4056/4028 2479/2545/2517 
f 2478/2544/2516 3547/3621/3593 3976/4056/4028 
f 2572/2638/2610 3747/3824/3796 3977/4057/4029 
f 3747/3824/3796 2864/2930/2902 3977/4057/4029 
f 2864/2930/2902 3978/4058/4030 3977/4057/4029 
f 2676/2742/2714 2572/2638/2610 3978/4058/4030 
f 2572/2638/2610 3977/4057/4029 3978/4058/4030 
f 2864/2930/2902 3979/4059/4031 3978/4058/4030 
f 3979/4059/4031 2864/2930/2902 2863/2929/2901 
f 3980/4060/4032 3523/3597/3569 3942/4022/3994 
f 3980/4060/4032 3524/3598/3570 3523/3597/3569 
f 3980/4060/4032 3942/4022/3994 2636/2702/2674 
f 2636/2702/2674 2634/2700/2672 3981/4061/4033 
f 3980/4060/4032 3981/4061/4033 3524/3598/3570 
f 2636/2702/2674 3981/4061/4033 3980/4060/4032 
f 3982/4062/4034 3876/3956/3928 3390/3461/3433 
f 3490/3564/3536 3982/4062/4034 3390/3461/3433 
f 3982/4062/4034 3490/3564/3536 3434/3508/3480 
f 1354/1354/1354 3983/4063/4035 3625/3701/3673 
f 3983/4063/4035 3622/3698/3670 3625/3701/3673 
f 3866/3946/3918 3622/3698/3670 3983/4063/4035 
f 1354/1354/1354 1881/1919/1919 3983/4063/4035 
f 3984/4064/4036 3625/3701/3673 3621/3697/3669 
f 3984/4064/4036 3675/3752/3724 3676/3753/3725 
f 3621/3697/3669 3675/3752/3724 3984/4064/4036 
f 3985/4065/4037 3726/3803/3775 1350/1350/1350 
f 3625/3701/3673 3985/4065/4037 1354/1354/1354 
f 3984/4064/4036 3676/3753/3725 3985/4065/4037 
f 3985/4065/4037 1350/1350/1350 1354/1354/1354 
f 3625/3701/3673 3984/4064/4036 3985/4065/4037 
f 3676/3753/3725 3726/3803/3775 3985/4065/4037 
f 3866/3946/3918 3986/4066/4038 3867/3947/3919 
f 1881/1919/1919 1883/1921/1921 3986/4066/4038 
f 1881/1919/1919 3986/4066/4038 3983/4063/4035 
f 3986/4066/4038 1883/1921/1921 1879/1917/1917 
f 3986/4066/4038 1879/1917/1917 2249/2310/2282 
f 3866/3946/3918 3983/4063/4035 3986/4066/4038 
f 2250/2311/2283 3986/4066/4038 2249/2310/2282 
f 2250/2311/2283 3867/3947/3919 3986/4066/4038 
f 3987/4067/4039 3616/3692/3664 3614/3690/3662 
f 1396/1396/1396 2756/2822/2794 3987/4067/4039 
f 3987/4067/4039 1466/1466/1466 1396/1396/1396 
f 3987/4067/4039 2756/2822/2794 3616/3692/3664 
f 3987/4067/4039 3614/3690/3662 3615/3691/3663 
f 3987/4067/4039 3615/3691/3663 3988/4068/4040 
f 3988/4068/4040 1308/1468/1468 1466/1466/1466 
f 3987/4067/4039 3988/4068/4040 1466/1466/1466 
f 3988/4068/4040 1309/4069/4041 1308/1468/1468 
f 3988/4068/4040 3615/3691/3663 2253/4070/4042 
f 3988/4068/4040 2253/4070/4042 1309/4069/4041 
f 3989/4071/4043 1393/1393/1393 1391/1391/1391 
f 3989/4071/4043 2753/2819/2791 1393/1393/1393 
f 3962/4042/4014 3966/4046/4018 3989/4071/4043 
f 3990/4072/4044 2754/2820/2792 2753/2819/2791 
f 3989/4071/4043 3990/4072/4044 2753/2819/2791 
f 3990/4072/4044 2895/2961/2933 2754/2820/2792 
f 3989/4071/4043 3966/4046/4018 3990/4072/4044 
f 3990/4072/4044 3991/4073/4045 2895/2961/2933 
f 3966/4046/4018 3965/4045/4017 3991/4073/4045 
f 3966/4046/4018 3991/4073/4045 3990/4072/4044 
f 3991/4073/4045 2896/2962/2934 2895/2961/2933 
f 3992/4074/4046 2897/2963/2935 2896/2962/2934 
f 3965/4045/4017 3992/4074/4046 3991/4073/4045 
f 3991/4073/4045 3992/4074/4046 2896/2962/2934 
f 3965/4045/4017 3835/3915/3887 3992/4074/4046 
f 3835/3915/3887 3834/3914/3886 3993/4075/4047 
f 3992/4074/4046 3993/4075/4047 2897/2963/2935 
f 3993/4075/4047 2711/2777/2749 2897/2963/2935 
f 3835/3915/3887 3993/4075/4047 3992/4074/4046 
f 3994/4076/4048 2337/2398/2370 3160/3228/3200 
f 3994/4076/4048 3160/3228/3200 3159/3227/3199 
f 3994/4076/4048 3834/3914/3886 3833/3913/3885 
f 3995/4077/4049 2712/2778/2750 2711/2777/2749 
f 3994/4076/4048 3159/3227/3199 3995/4077/4049 
f 3834/3914/3886 3994/4076/4048 3995/4077/4049 
f 3995/4077/4049 3159/3227/3199 2712/2778/2750 
f 3834/3914/3886 3995/4077/4049 3993/4075/4047 
f 3993/4075/4047 3995/4077/4049 2711/2777/2749 
f 3996/4078/4050 2379/2440/2412 2382/2443/2415 
f 3996/4078/4050 2382/2443/2415 2338/2399/2371 
f 3996/4078/4050 2338/2399/2371 2337/2398/2370 
f 3994/4076/4048 3996/4078/4050 2337/2398/2370 
f 3994/4076/4048 3833/3913/3885 3996/4078/4050 
f 3996/4078/4050 3833/3913/3885 2379/2440/2412 
f 1389/1389/1389 3962/4042/4014 3997/4079/4051 
f 1391/1391/1391 1389/1389/1389 3997/4079/4051 
f 1391/1391/1391 3997/4079/4051 3989/4071/4043 
f 3962/4042/4014 3989/4071/4043 3997/4079/4051 
f 1315/1315/1315 3998/4080/4052 1300/1300/1300 
f 1300/1300/1300 3998/4080/4052 3039/3105/3077 
f 3998/4080/4052 3040/3106/3078 3039/3105/3077 
f 1315/1315/1315 1317/1317/1317 3998/4080/4052 
f 3999/4081/4053 1318/1318/1318 3426/3497/3469 
f 3999/4081/4053 1317/1317/1317 1318/1318/1318 
f 4000/4082/4054 3611/3687/3659 3606/3682/3654 
f 4000/4082/4054 3606/3682/3654 3040/3106/3078 
f 1317/1317/1317 3999/4081/4053 4000/4082/4054 
f 1317/1317/1317 4000/4082/4054 3998/4080/4052 
f 3998/4080/4052 4000/4082/4054 3040/3106/3078 
f 4001/4083/4055 3609/3685/3657 3611/3687/3659 
f 4001/4083/4055 2932/2998/2970 3609/3685/3657 
f 4001/4083/4055 4000/4082/4054 3999/4081/4053 
f 4001/4083/4055 3611/3687/3659 4000/4082/4054 
f 4002/4084/4056 2932/2998/2970 4001/4083/4055 
f 4002/4084/4056 3999/4081/4053 3426/3497/3469 
f 4002/4084/4056 3426/3497/3469 3425/3496/3468 
f 3425/3496/3468 2930/2996/2968 4002/4084/4056 
f 4002/4084/4056 2930/2996/2968 2932/2998/2970 
f 4001/4083/4055 3999/4081/4053 4002/4084/4056 
f 1105/1105/1105 4003/4085/4057 1096/1096/1096 
f 4003/4085/4057 3329/3397/3369 1097/1097/1097 
f 4003/4085/4057 1097/1097/1097 1096/1096/1096 
f 3215/3283/3255 3214/3282/3254 4003/4085/4057 
f 3215/3283/3255 4003/4085/4057 1108/1108/1108 
f 4003/4085/4057 3327/3395/3367 3329/3397/3369 
f 1105/1105/1105 1108/1108/1108 4003/4085/4057 
f 4003/4085/4057 3214/3282/3254 3327/3395/3367 
f 1052/1052/1052 4004/4086/4058 3748/3825/3797 
f 1052/1052/1052 1054/1054/1054 4004/4086/4058 
f 4004/4086/4058 3749/3826/3798 3748/3825/3797 
f 1054/1054/1054 1155/1155/1155 4004/4086/4058 
f 1155/1155/1155 4005/4087/4059 4004/4086/4058 
f 2432/2496/2468 3749/3826/3798 4005/4087/4059 
f 2433/2497/2469 2432/2496/2468 4005/4087/4059 
f 3749/3826/3798 4004/4086/4058 4005/4087/4059 
f 1156/1156/1156 2567/2633/2605 4006/4088/4060 
f 1155/1155/1155 4006/4088/4060 4005/4087/4059 
f 4006/4088/4060 2567/2633/2605 2563/2629/2601 
f 1155/1155/1155 1156/1156/1156 4006/4088/4060 
f 2433/2497/2469 4005/4087/4059 4006/4088/4060 
f 4006/4088/4060 2563/2629/2601 2433/2497/2469 
f 4007/4089/4061 1156/1156/1156 1158/1158/1158 
f 4007/4089/4061 2565/2631/2603 2567/2633/2605 
f 4007/4089/4061 3664/3740/3712 2565/2631/2603 
f 1156/1156/1156 4007/4089/4061 2567/2633/2605 
f 3663/3739/3711 4008/4090/4062 1158/1158/1158 
f 4007/4089/4061 1158/1158/1158 4008/4090/4062 
f 4008/4090/4062 3664/3740/3712 4007/4089/4061 
f 4008/4090/4062 3662/3738/3710 3664/3740/3712 
f 3663/3739/3711 3662/3738/3710 4008/4090/4062 
f 1114/1114/1114 4009/4091/4063 1333/1333/1333 
f 4009/4091/4063 1336/1336/1336 1334/1334/1334 
f 4009/4091/4063 1334/1334/1334 1333/1333/1333 
f 1336/1336/1336 4010/4092/4064 3735/3812/3784 
f 1336/1336/1336 4009/4091/4063 4010/4092/4064 
f 3735/3812/3784 4011/4093/4065 3734/3811/3783 
f 4011/4093/4065 2668/2734/2706 2667/2733/2705 
f 4010/4092/4064 2668/2734/2706 4011/4093/4065 
f 3735/3812/3784 4010/4092/4064 4011/4093/4065 
f 1114/1114/1114 4012/4094/4066 4009/4091/4063 
f 4012/4094/4066 4010/4092/4064 4009/4091/4063 
f 4012/4094/4066 2671/2737/2709 2668/2734/2706 
f 4010/4092/4064 4012/4094/4066 2668/2734/2706 
f 4013/4095/4067 3736/3813/3785 3734/3811/3783 
f 4013/4095/4067 2667/2733/2705 2938/3004/2976 
f 4013/4095/4067 3734/3811/3783 4011/4093/4065 
f 2939/3005/2977 3736/3813/3785 4013/4095/4067 
f 4013/4095/4067 2938/3004/2976 2939/3005/2977 
f 4011/4093/4065 2667/2733/2705 4013/4095/4067 
f 4014/4096/4068 4012/4094/4066 1114/1114/1114 
f 4014/4096/4068 1114/1114/1114 1115/1115/1115 
f 4012/4094/4066 4014/4096/4068 2671/2737/2709 
f 4014/4096/4068 3246/3314/3286 2671/2737/2709 
f 4014/4096/4068 4015/4097/4069 3246/3314/3286 
f 1115/1115/1115 4015/4097/4069 4014/4096/4068 
f 1115/1115/1115 3743/3820/3792 4015/4097/4069 
f 4015/4097/4069 3744/3821/3793 3246/3314/3286 
f 4016/4098/4070 2412/2476/2448 3744/3821/3793 
f 4016/4098/4070 2413/2477/2449 2412/2476/2448 
f 4016/4098/4070 2416/2480/2452 2413/2477/2449 
f 4016/4098/4070 3742/3819/3791 2416/2480/2452 
f 3743/3820/3792 4016/4098/4070 4015/4097/4069 
f 4015/4097/4069 4016/4098/4070 3744/3821/3793 
f 3743/3820/3792 3742/3819/3791 4016/4098/4070 
f 4017/4099/4071 3098/3166/3138 2273/2334/2306 
f 3982/4062/4034 3434/3508/3480 4017/4099/4071 
f 4017/4099/4071 3434/3508/3480 3098/3166/3138 
f 2273/2334/2306 2272/2333/2305 4018/4100/4072 
f 2273/2334/2306 4018/4100/4072 4017/4099/4071 
f 3982/4062/4034 4019/4101/4073 3876/3956/3928 
f 4017/4099/4071 4019/4101/4073 3982/4062/4034 
f 4017/4099/4071 4018/4100/4072 4019/4101/4073 
f 2272/2333/2305 4020/4102/4074 4018/4100/4072 
f 4018/4100/4072 4020/4102/4074 4021/4103/4075 
f 4018/4100/4072 4021/4103/4075 4019/4101/4073 
f 4019/4101/4073 4022/4104/4076 3876/3956/3928 
f 4019/4101/4073 4021/4103/4075 4022/4104/4076 
f 4023/4105/4077 4021/4103/4075 4020/4102/4074 
f 4023/4105/4077 3177/3245/3217 3078/3146/3118 
f 3078/3146/3118 3880/3960/3932 4024/4106/4078 
f 4022/4104/4076 4024/4106/4078 3880/3960/3932 
f 4023/4105/4077 3078/3146/3118 4024/4106/4078 
f 4021/4103/4075 4024/4106/4078 4022/4104/4076 
f 4021/4103/4075 4023/4105/4077 4024/4106/4078 
f 4025/4107/4079 3392/3463/3435 3876/3956/3928 
f 4025/4107/4079 3880/3960/3932 3879/3959/3931 
f 4022/4104/4076 3880/3960/3932 4025/4107/4079 
f 4025/4107/4079 3876/3956/3928 4022/4104/4076 
f 4026/4108/4080 3393/3464/3436 3392/3463/3435 
f 4025/4107/4079 3879/3959/3931 4026/4108/4080 
f 4026/4108/4080 3878/3958/3930 3502/3576/3548 
f 4026/4108/4080 3392/3463/3435 4025/4107/4079 
f 4026/4108/4080 3879/3959/3931 3878/3958/3930 
f 3502/3576/3548 3393/3464/3436 4026/4108/4080 
f 4027/4109/4081 3177/3245/3217 4023/4105/4077 
f 4027/4109/4081 3176/3244/3216 3177/3245/3217 
f 4023/4105/4077 4020/4102/4074 4027/4109/4081 
f 4028/4110/4082 2272/2333/2305 2277/2338/2310 
f 4028/4110/4082 3176/3244/3216 4027/4109/4081 
f 4028/4110/4082 2277/2338/2310 3176/3244/3216 
f 4028/4110/4082 4029/4111/4083 2272/2333/2305 
f 4027/4109/4081 4029/4111/4083 4028/4110/4082 
f 4027/4109/4081 4020/4102/4074 4029/4111/4083 
f 2272/2333/2305 4029/4111/4083 4020/4102/4074 
f 4030/4112/4084 3916/3996/3968 3917/3997/3969 
f 2633/2699/2671 3916/3996/3968 4030/4112/4084 
f 2634/2700/2672 2633/2699/2671 4030/4112/4084 
f 2634/2700/2672 4030/4112/4084 3981/4061/4033 
f 4030/4112/4084 3917/3997/3969 4031/4113/4085 
f 3519/3593/3565 3524/3598/3570 4031/4113/4085 
f 3981/4061/4033 4031/4113/4085 3524/3598/3570 
f 3981/4061/4033 4030/4112/4084 4031/4113/4085 
f 4031/4113/4085 4032/4114/4086 3519/3593/3565 
f 4031/4113/4085 3917/3997/3969 4032/4114/4086 
f 3915/3995/3967 3495/3569/3541 4032/4114/4086 
f 3915/3995/3967 4032/4114/4086 3917/3997/3969 
f 4033/4115/4087 2863/2929/2901 2862/2928/2900 
f 3979/4059/4031 2863/2929/2901 4033/4115/4087 
f 3979/4059/4031 4033/4115/4087 4034/4116/4088 
f 4035/4117/4089 2676/2742/2714 3978/4058/4030 
f 4035/4117/4089 3978/4058/4030 3979/4059/4031 
f 3979/4059/4031 4034/4116/4088 4035/4117/4089 
f 4034/4116/4088 2367/2428/2400 4036/4118/4090 
f 4036/4118/4090 2367/2428/2400 2366/2427/2399 
f 4035/4117/4089 4034/4116/4088 4036/4118/4090 
f 4037/4119/4091 2677/2743/2715 2676/2742/2714 
f 4037/4119/4091 2676/2742/2714 4035/4117/4089 
f 4035/4117/4089 4036/4118/4090 4037/4119/4091 
f 4038/4120/4092 2371/2432/2404 3079/3147/3119 
f 4038/4120/4092 2366/2427/2399 2371/2432/2404 
f 4037/4119/4091 4036/4118/4090 4038/4120/4092 
f 4036/4118/4090 2366/2427/2399 4038/4120/4092 
f 4039/4121/4093 4038/4120/4092 3079/3147/3119 
f 4039/4121/4093 3079/3147/3119 3080/3148/3120 
f 4039/4121/4093 2677/2743/2715 4037/4119/4091 
f 4037/4119/4091 4038/4120/4092 4039/4121/4093 
f 2327/2388/2360 2678/2744/2716 4040/4122/4094 
f 4039/4121/4093 4040/4122/4094 2677/2743/2715 
f 3080/3148/3120 4040/4122/4094 4039/4121/4093 
f 2678/2744/2716 2677/2743/2715 4040/4122/4094 
f 2955/3021/2993 2958/3024/2996 4041/4123/4095 
f 2327/2388/2360 4040/4122/4094 4041/4123/4095 
f 3080/3148/3120 4041/4123/4095 4040/4122/4094 
f 2328/2389/2361 2327/2388/2360 4041/4123/4095 
f 2328/2389/2361 4041/4123/4095 2958/3024/2996 
f 3080/3148/3120 2955/3021/2993 4041/4123/4095 
f 4034/4116/4088 4042/4124/4096 2367/2428/2400 
f 4042/4124/4096 2796/2862/2834 2368/2429/2401 
f 4042/4124/4096 4034/4116/4088 4033/4115/4087 
f 4042/4124/4096 2368/2429/2401 2367/2428/2400 
f 4042/4124/4096 4033/4115/4087 4043/4125/4097 
f 4043/4125/4097 2591/2657/2629 2796/2862/2834 
f 4043/4125/4097 2796/2862/2834 4042/4124/4096 
f 4043/4125/4097 2862/2928/2900 2793/2859/2831 
f 4043/4125/4097 2793/2859/2831 2591/2657/2629 
f 4033/4115/4087 2862/2928/2900 4043/4125/4097 
f 3976/4126/4098 3163/3231/3203 3162/3230/3202 
f 3547/3624/3596 3163/3231/3203 3976/4126/4098 
f 4044/4127/4099 3162/3230/3202 3161/3229/3201 
f 3976/4126/4098 3162/3230/3202 4044/4127/4099 
f 4044/4128/4100 2479/2545/2517 3976/4056/4028 
f 4044/4128/4100 4045/4129/4101 2479/2545/2517 
f 4045/4129/4101 2480/2546/2518 2479/2545/2517 
f 4045/4129/4101 4044/4128/4100 4046/4130/4102 
f 4045/4129/4101 4046/4130/4102 4047/4131/4103 
f 3136/3204/3176 3168/3236/3208 4047/4131/4103 
f 4045/4129/4101 4048/4132/4104 2480/2546/2518 
f 4048/4132/4104 2481/2547/2519 2480/2546/2518 
f 4047/4131/4103 4048/4132/4104 4045/4129/4101 
f 4047/4131/4103 3168/3236/3208 4048/4132/4104 
f 3168/3236/3208 3167/3235/3207 4049/4133/4105 
f 3168/3236/3208 4049/4133/4105 4048/4132/4104 
f 4048/4132/4104 4049/4133/4105 2481/2547/2519 
f 4049/4133/4105 3167/3235/3207 3169/3237/3209 
f 4050/4134/4106 3420/3491/3463 2481/2547/2519 
f 4050/4134/4106 2481/2547/2519 4049/4133/4105 
f 4049/4133/4105 3169/3237/3209 4050/4134/4106 
f 4050/4134/4106 3169/3237/3209 4051/4135/4107 
f 3169/3237/3209 3708/3785/3757 4051/4135/4107 
f 4050/4134/4106 4051/4135/4107 4052/4136/4108 
f 4052/4136/4108 3421/3492/3464 3420/3491/3463 
f 4052/4136/4108 3420/3491/3463 4050/4134/4106 
f 4052/4136/4108 4051/4135/4107 4053/4137/4109 
f 4054/4138/4110 3421/3492/3464 4052/4136/4108 
f 4052/4136/4108 4053/4137/4109 4054/4138/4110 
f 4054/4138/4110 4055/4139/4111 3421/3492/3464 
f 4055/4139/4111 3422/3493/3465 3421/3492/3464 
f 4055/4139/4111 4056/4140/4112 3422/3493/3465 
f 3667/3743/3715 4056/4140/4112 4055/4139/4111 
f 3667/3743/3715 3666/3742/3714 4056/4140/4112 
f 4056/4140/4112 3423/3494/3466 3422/3493/3465 
f 4055/4139/4111 4057/4141/4113 3667/3743/3715 
f 4055/4139/4111 4054/4138/4110 4057/4141/4113 
f 4057/4141/4113 3661/3737/3709 3347/3415/3387 
f 3347/3415/3387 3667/3743/3715 4057/4141/4113 
f 4054/4138/4110 4053/4137/4109 4058/4142/4114 
f 4054/4138/4110 4058/4142/4114 4057/4141/4113 
f 4057/4141/4113 4058/4142/4114 3661/3737/3709 
f 3708/3785/3757 3565/3641/3613 4059/4143/4115 
f 4059/4143/4115 3565/3641/3613 3891/3971/3943 
f 4059/4143/4115 4053/4137/4109 4051/4135/4107 
f 4059/4143/4115 4051/4135/4107 3708/3785/3757 
f 4053/4137/4109 4059/4143/4115 4060/4144/4116 
f 4059/4143/4115 3891/3971/3943 4060/4144/4116 
f 4060/4144/4116 3891/3971/3943 3892/3972/3944 
f 4053/4137/4109 4060/4144/4116 4058/4142/4114 
f 4058/4142/4114 4060/4144/4116 4061/4145/4117 
f 4058/4142/4114 4061/4145/4117 3661/3737/3709 
f 4060/4144/4116 3892/3972/3944 4061/4145/4117 
f 4061/4145/4117 3892/3972/3944 4062/4146/4118 
f 4063/4147/4119 3661/3737/3709 4061/4145/4117 
f 4061/4145/4117 4062/4146/4118 4063/4147/4119 
f 4063/4147/4119 3660/3736/3708 3661/3737/3709 
f 3447/3521/3493 3660/3736/3708 4063/4147/4119 
f 2805/2871/2843 3447/3521/3493 4064/4148/4120 
f 4063/4147/4119 4064/4148/4120 3447/3521/3493 
f 4063/4147/4119 4062/4146/4118 4064/4148/4120 
f 3562/3638/3610 3823/3903/3875 4065/4149/4121 
f 4065/4149/4121 3892/3972/3944 3568/3644/3616 
f 3562/3638/3610 4065/4149/4121 3568/3644/3616 
f 4065/4149/4121 4062/4146/4118 3892/3972/3944 
f 4062/4146/4118 4066/4150/4122 4064/4148/4120 
f 4062/4146/4118 4065/4149/4121 4066/4150/4122 
f 4066/4150/4122 3823/3903/3875 3820/3900/3872 
f 4066/4150/4122 4065/4149/4121 3823/3903/3875 
f 3820/3900/3872 3818/3898/3870 4067/4151/4123 
f 4064/4148/4120 4066/4150/4122 4067/4151/4123 
f 4067/4151/4123 3845/3925/3897 2806/2872/2844 
f 4067/4151/4123 3818/3898/3870 3845/3925/3897 
f 2806/2872/2844 2805/2871/2843 4067/4151/4123 
f 4066/4150/4122 3820/3900/3872 4067/4151/4123 
f 4064/4148/4120 4067/4151/4123 2805/2871/2843 
f 3666/3742/3714 3857/3937/3909 4068/4152/4124 
f 4056/4140/4112 4068/4152/4124 3423/3494/3466 
f 3666/3742/3714 4068/4152/4124 4056/4140/4112 
f 3857/3937/3909 4069/4153/4125 4068/4152/4124 
f 3857/3937/3909 3068/3136/3108 4069/4153/4125 
f 3658/3734/3706 3423/3494/3466 4070/4154/4126 
f 4068/4152/4124 4069/4153/4125 4070/4154/4126 
f 4070/4154/4126 3659/3735/3707 3658/3734/3706 
f 4068/4152/4124 4070/4154/4126 3423/3494/3466 
f 4069/4153/4125 4071/4155/4127 4070/4154/4126 
f 4071/4155/4127 2525/2591/2563 3852/3932/3904 
f 4071/4155/4127 3852/3932/3904 3659/3735/3707 
f 4070/4154/4126 4071/4155/4127 3659/3735/3707 
f 4072/4156/4128 2525/2591/2563 4071/4155/4127 
f 3066/3134/3106 2526/2592/2564 4072/4156/4128 
f 4072/4156/4128 3068/3136/3108 3066/3134/3106 
f 4072/4156/4128 4069/4153/4125 3068/3136/3108 
f 4069/4153/4125 4072/4156/4128 4071/4155/4127 
f 4072/4156/4128 2526/2592/2564 2525/2591/2563 
f 4047/4131/4103 4046/4130/4102 4073/4157/4129 
f 4047/4131/4103 4073/4157/4129 3136/3204/3176 
f 4044/4127/4099 3161/3229/3201 4046/4158/4130 
f 3161/3229/3201 2356/2417/2389 4074/4159/4131 
f 4046/4158/4130 3161/3229/3201 4074/4159/4131 
f 4074/4159/4131 2356/2417/2389 2355/2416/2388 
f 4046/4158/4130 4074/4159/4131 4073/4160/4132 
f 4073/4160/4132 4074/4159/4131 4075/4161/4133 
f 4075/4161/4133 2355/2416/2388 2354/2415/2387 
f 4074/4159/4131 2355/2416/2388 4075/4161/4133 
f 4073/4160/4132 4075/4161/4133 4076/4162/4134 
f 4076/4163/4135 3136/3204/3176 4073/4157/4129 
f 3137/3205/3177 4076/4163/4135 3134/3202/3174 
f 4076/4163/4135 3137/3205/3177 3136/3204/3176 
f 4077/4164/4136 4076/4162/4134 4075/4161/4133 
f 4075/4161/4133 2354/2415/2387 4077/4164/4136 
f 4077/4164/4136 3134/4165/4137 4076/4162/4134 
f 4077/4166/4138 2354/4167/4139 4078/4168/4140 
f 4079/4169/4141 3135/3203/3175 3134/3202/3174 
f 4079/4169/4141 3134/3202/3174 4077/4166/4138 
f 4077/4166/4138 4078/4168/4140 4079/4169/4141 
f 4079/4169/4141 4078/4168/4140 4080/4170/4142 
f 4079/4169/4141 4080/4170/4142 4081/4171/4143 
f 4081/4171/4143 3135/3203/3175 4079/4169/4141 
f 4081/4171/4143 4082/4172/4144 3135/3203/3175 
f 4082/4172/4144 3132/3200/3172 3135/3203/3175 
f 4081/4171/4143 4083/4173/4145 4084/4174/4146 
f 4081/4171/4143 4084/4174/4146 4082/4172/4144 
f 4082/4172/4144 4084/4174/4146 4085/4175/4147 
f 4082/4172/4144 4086/4176/4148 3132/3200/3172 
f 4082/4172/4144 4085/4175/4147 4086/4176/4148 
f 4086/4176/4148 3133/3201/3173 3132/3200/3172 
f 4086/4176/4148 4087/4177/4149 3133/3201/3173 
f 4085/4175/4147 3881/3961/3933 4087/4177/4149 
f 3881/3961/3933 3076/3144/3116 4087/4177/4149 
f 4085/4175/4147 4087/4177/4149 4086/4176/4148 
f 3076/3144/3116 3152/3220/3192 4088/4178/4150 
f 4087/4177/4149 4088/4178/4150 3133/3201/3173 
f 4087/4177/4149 3076/3144/3116 4088/4178/4150 
f 4088/4178/4150 3152/3220/3192 3151/3219/3191 
f 4089/4179/4151 3128/3196/3168 3133/3201/3173 
f 4089/4179/4151 3133/3201/3173 4088/4178/4150 
f 4088/4178/4150 3151/3219/3191 4089/4179/4151 
f 3166/3234/3206 3128/3196/3168 4089/4179/4151 
f 4089/4179/4151 3151/3219/3191 3153/3221/3193 
f 4089/4179/4151 3153/3221/3193 3166/3234/3206 
f 4090/4180/4152 4083/4173/4145 2624/2690/2662 
f 4090/4180/4152 4084/4174/4146 4083/4173/4145 
f 4091/4181/4153 3881/3961/3933 4085/4175/4147 
f 4091/4181/4153 3882/3962/3934 3881/3961/3933 
f 4084/4174/4146 4091/4181/4153 4085/4175/4147 
f 4084/4174/4146 4090/4180/4152 4091/4181/4153 
f 4092/4182/4154 2624/2690/2662 2623/2689/2661 
f 4092/4182/4154 4090/4180/4152 2624/2690/2662 
f 4093/4183/4155 3882/3962/3934 4091/4181/4153 
f 4090/4180/4152 4092/4182/4154 4093/4183/4155 
f 4090/4180/4152 4093/4183/4155 4091/4181/4153 
f 4093/4183/4155 4094/4184/4156 3882/3962/3934 
f 4094/4184/4156 3877/3957/3929 3882/3962/3934 
f 4094/4184/4156 4093/4183/4155 4095/4185/4157 
f 2992/3058/3030 3510/3584/3556 4096/4186/4158 
f 4096/4186/4158 2993/3059/3031 2992/3058/3030 
f 4096/4186/4158 4095/4185/4157 2993/3059/3031 
f 4094/4184/4156 4095/4185/4157 4096/4186/4158 
f 4096/4186/4158 3510/3584/3556 4097/4187/4159 
f 4096/4186/4158 4097/4187/4159 4094/4184/4156 
f 4094/4184/4156 4097/4187/4159 3877/3957/3929 
f 4097/4187/4159 3878/3958/3930 3877/3957/3929 
f 4098/4188/4160 3502/3576/3548 3878/3958/3930 
f 3283/3351/3323 4098/4188/4160 3508/3582/3554 
f 3510/3584/3556 3508/3582/3554 4098/4188/4160 
f 3510/3584/3556 4098/4188/4160 4097/4187/4159 
f 4097/4187/4159 4098/4188/4160 3878/3958/3930 
f 3283/3351/3323 3287/3355/3327 4098/4188/4160 
f 4098/4188/4160 3287/3355/3327 3502/3576/3548 
f 4093/4183/4155 4099/4189/4161 4095/4185/4157 
f 4099/4189/4161 2994/3060/3032 2993/3059/3031 
f 4099/4189/4161 2993/3059/3031 4095/4185/4157 
f 4099/4189/4161 4092/4182/4154 2623/2689/2661 
f 4093/4183/4155 4092/4182/4154 4099/4189/4161 
f 4100/4190/4162 2623/2689/2661 2622/2688/2660 
f 4099/4189/4161 2623/2689/2661 4100/4190/4162 
f 4100/4190/4162 2622/2688/2660 3272/3340/3312 
f 4100/4190/4162 2994/3060/3032 4099/4189/4161 
f 4101/4191/4163 2989/3055/3027 2994/3060/3032 
f 4100/4190/4162 4101/4191/4163 2994/3060/3032 
f 4101/4191/4163 4100/4190/4162 3272/3340/3312 
f 4102/4192/4164 3272/3340/3312 3271/3339/3311 
f 4101/4191/4163 3272/3340/3312 4102/4192/4164 
f 4102/4192/4164 3271/3339/3311 3772/3849/3821 
f 4103/4193/4165 3757/3834/3806 3756/3833/3805 
f 4103/4193/4165 4102/4192/4164 3772/3849/3821 
f 4104/4194/4166 3756/3833/3805 2990/3056/3028 
f 4102/4192/4164 4104/4194/4166 4101/4191/4163 
f 4102/4192/4164 4103/4193/4165 4104/4194/4166 
f 4104/4194/4166 2990/3056/3028 2989/3055/3027 
f 4101/4191/4163 4104/4194/4166 2989/3055/3027 
f 4103/4193/4165 3756/3833/3805 4104/4194/4166 
f 4103/4193/4165 3772/3849/3821 4105/4195/4167 
f 4105/4195/4167 3758/3835/3807 3757/3834/3806 
f 4105/4195/4167 3757/3834/3806 4103/4193/4165 
f 4105/4195/4167 3772/3849/3821 3771/3848/3820 
f 4105/4195/4167 3771/3848/3820 4106/4196/4168 
f 3243/3311/3283 3897/3977/3949 4106/4196/4168 
f 4106/4196/4168 3897/3977/3949 3758/3835/3807 
f 4106/4196/4168 3758/3835/3807 4105/4195/4167 
f 4106/4196/4168 3771/3848/3820 3244/3312/3284 
f 4106/4196/4168 3244/3312/3284 3243/3311/3283 
f 2624/2690/2662 4107/4197/4169 2621/2687/2659 
f 4081/4171/4143 4080/4170/4142 4107/4197/4169 
f 4081/4171/4143 4107/4197/4169 4083/4173/4145 
f 2624/2690/2662 4083/4173/4145 4107/4197/4169 
f 4108/4198/4170 4078/4168/4140 2354/4167/4139 
f 4108/4198/4170 2354/4167/4139 2353/3422/3394 
f 4108/4198/4170 2353/3422/3394 2752/2818/2790 
f 4109/4199/4171 4107/4197/4169 4080/4170/4142 
f 3222/3290/3262 2621/2687/2659 4109/4199/4171 
f 4078/4168/4140 4108/4198/4170 4109/4199/4171 
f 4109/4199/4171 2621/2687/2659 4107/4197/4169 
f 4078/4168/4140 4109/4199/4171 4080/4170/4142 
f 4108/4198/4170 2752/2818/2790 4110/4200/4172 
f 4109/4199/4171 4110/4200/4172 3222/3290/3262 
f 4109/4199/4171 4108/4198/4170 4110/4200/4172 
f 2752/2818/2790 2750/2816/2788 4110/4200/4172 
f 2750/2816/2788 3222/3290/3262 4110/4200/4172 
f 2540/2606/2578 3556/3632/3604 4111/4201/4173 
f 3974/4054/4026 2540/2606/2578 4111/4201/4173 
f 3974/4054/4026 4111/4201/4173 2375/2436/2408 
f 4112/4202/4174 2378/2439/2411 2375/2436/2408 
f 4112/4202/4174 2375/2436/2408 4111/4201/4173 
f 3556/3632/3604 4112/4202/4174 4111/4201/4173 
f 3556/3632/3604 3554/3630/3602 4112/4202/4174 
f 2902/2968/2940 4112/4202/4174 3554/3630/3602 
f 4112/4202/4174 2900/2966/2938 2899/2965/2937 
f 4112/4202/4174 2899/2965/2937 2378/2439/2411 
f 2902/2968/2940 2900/2966/2938 4112/4202/4174 
f 3960/4040/4012 2596/2662/2634 4113/4203/4175 
f 4113/4203/4175 3973/4053/4025 3972/4052/4024 
f 4113/4203/4175 3972/4052/4024 3961/4041/4013 
f 4113/4203/4175 3961/4041/4013 3960/4040/4012 
f 2544/2610/2582 3973/4053/4025 4114/4204/4176 
f 4113/4203/4175 4114/4204/4176 3973/4053/4025 
f 4115/4205/4177 2544/2610/2582 4114/4204/4176 
f 4113/4203/4175 2596/2662/2634 4115/4205/4177 
f 4115/4205/4177 2596/2662/2634 2595/2661/2633 
f 4113/4203/4175 4115/4205/4177 4114/4204/4176 
f 4116/4206/4178 2543/2609/2581 2544/2610/2582 
f 4115/4205/4177 4116/4206/4178 2544/2610/2582 
f 4116/4206/4178 3645/3721/3693 2543/2609/2581 
f 4115/4205/4177 2595/2661/2633 4117/4207/4179 
f 4117/4207/4179 2595/2661/2633 2594/2660/2632 
f 4117/4207/4179 2594/2660/2632 3014/3080/3052 
f 4116/4206/4178 4115/4205/4177 4117/4207/4179 
f 4117/4207/4179 3014/3080/3052 3015/3081/3053 
f 4116/4206/4178 4117/4207/4179 4118/4208/4180 
f 4117/4207/4179 3015/3081/3053 4118/4208/4180 
f 4118/4208/4180 3015/3081/3053 3019/3085/3057 
f 4116/4206/4178 4118/4208/4180 4119/4209/4181 
f 4119/4209/4181 3019/3085/3057 3559/3635/3607 
f 4119/4209/4181 3557/3633/3605 3645/3721/3693 
f 4119/4209/4181 3555/3631/3603 3557/3633/3605 
f 4116/4206/4178 4119/4209/4181 3645/3721/3693 
f 4119/4209/4181 3559/3635/3607 3555/3631/3603 
f 4118/4208/4180 3019/3085/3057 4119/4209/4181 
f 3148/3216/3188 3377/3448/3420 4120/4210/4182 
f 4120/4210/4182 3379/3450/3422 3971/4051/4023 
f 3971/4051/4023 3709/3786/3758 4120/4210/4182 
f 4120/4210/4182 3377/3448/3420 3379/3450/3422 
f 4120/4210/4182 3153/3221/3193 3148/3216/3188 
f 4120/4210/4182 3709/3786/3758 3153/3221/3193 
f 4121/4211/4183 3337/3405/3377 3336/3404/3376 
f 3788/3865/3837 3786/3863/3835 4121/4211/4183 
f 3786/3863/3835 3337/3405/3377 4121/4211/4183 
f 3788/3865/3837 4121/4211/4183 3968/4212/4184 
f 3968/4212/4184 4121/4211/4183 4122/4213/4185 
f 4122/4213/4185 3336/3404/3376 3934/4014/3986 
f 4121/4211/4183 3336/3404/3376 4122/4213/4185 
f 3968/4212/4184 4122/4213/4185 4123/4214/4186 
f 4123/4215/4187 3231/3299/3271 3230/3298/3270 
f 4123/4215/4187 3230/3298/3270 3968/4048/4020 
f 4124/4216/4188 3934/4014/3986 3139/3207/3179 
f 4122/4213/4185 3934/4014/3986 4124/4216/4188 
f 4123/4214/4186 4122/4213/4185 4124/4216/4188 
f 4124/4216/4188 3139/3207/3179 3138/3206/3178 
f 4123/4214/4186 4124/4216/4188 4125/4217/4189 
f 4125/4217/4189 4124/4216/4188 3138/3206/3178 
f 4125/4218/4190 2661/2727/2699 3231/3299/3271 
f 4125/4218/4190 3231/3299/3271 4123/4215/4187 
f 4126/4219/4191 3141/3209/3181 3142/3210/3182 
f 4126/4219/4191 3138/3206/3178 3141/3209/3181 
f 4125/4217/4189 3138/3206/3178 4126/4219/4191 
f 4126/4220/4192 2661/2727/2699 4125/4218/4190 
f 4126/4220/4192 2662/2728/2700 2661/2727/2699 
f 3142/4221/4193 2662/2728/2700 4126/4220/4192 
f 3142/4221/4193 4127/4222/4194 2662/2728/2700 
f 4127/4222/4194 2663/2729/2701 2662/2728/2700 
f 4128/4223/4195 3763/3840/3812 2664/2730/2702 
f 4127/4222/4194 4128/4223/4195 2663/2729/2701 
f 4128/4223/4195 2664/2730/2702 2663/2729/2701 
f 4127/4222/4194 3142/4221/4193 3143/4224/4196 
f 4129/4225/4197 4128/4223/4195 4127/4222/4194 
f 4127/4222/4194 3143/4224/4196 4129/4225/4197 
f 4130/4226/4198 3763/3840/3812 4128/4223/4195 
f 4130/4226/4198 2835/2901/2873 3763/3840/3812 
f 4129/4225/4197 4130/4226/4198 4128/4223/4195 
f 2360/2421/2393 2835/2901/2873 4130/4226/4198 
f 4129/4225/4197 3143/4224/4196 4131/4227/4199 
f 4129/4225/4197 4131/4227/4199 4132/4228/4200 
f 4133/4229/4201 4129/4225/4197 4132/4228/4200 
f 4133/4229/4201 4130/4226/4198 4129/4225/4197 
f 2360/2421/2393 4130/4226/4198 4133/4229/4201 
f 4131/4230/4202 3815/3895/3867 3813/3893/3865 
f 3143/3211/3183 3815/3895/3867 4131/4230/4202 
f 4134/4231/4203 3813/3893/3865 3367/3437/3409 
f 4131/4230/4202 3813/3893/3865 4134/4231/4203 
f 4134/4231/4203 3367/3437/3409 3368/3438/3410 
f 4134/4232/4204 4132/4228/4200 4131/4227/4199 
f 4134/4232/4204 4135/4233/4205 4132/4228/4200 
f 3368/4234/4206 4135/4233/4205 4134/4232/4204 
f 4136/4235/4207 3368/4234/4206 2894/2960/2932 
f 4136/4235/4207 2894/2960/2932 2893/2959/2931 
f 3368/4234/4206 4136/4235/4207 4135/4233/4205 
f 2893/2959/2931 2892/2958/2930 4137/4236/4208 
f 2893/2959/2931 4137/4236/4208 4136/4235/4207 
f 4138/4237/4209 3530/3604/3576 2363/2424/2396 
f 4136/4235/4207 4138/4237/4209 4135/4233/4205 
f 4136/4235/4207 4137/4236/4208 4138/4237/4209 
f 4137/4236/4208 3530/3604/3576 4138/4237/4209 
f 2892/2958/2930 4139/4238/4210 4137/4236/4208 
f 4137/4236/4208 4139/4238/4210 3530/3604/3576 
f 3531/3605/3577 3530/3604/3576 4139/4238/4210 
f 4140/4239/4211 2892/2958/2930 2891/2957/2929 
f 2892/2958/2930 4140/4239/4211 4139/4238/4210 
f 3531/3605/3577 4139/4238/4210 4141/4240/4212 
f 4140/4239/4211 4142/4241/4213 4141/4240/4212 
f 4140/4239/4211 4141/4240/4212 4139/4238/4210 
f 3402/3473/3445 3531/3605/3577 4141/4240/4212 
f 4143/4242/4214 2891/2957/2929 2890/2956/2928 
f 4140/4239/4211 2891/2957/2929 4143/4242/4214 
f 4143/4242/4214 4142/4241/4213 4140/4239/4211 
f 4143/4242/4214 4144/4243/4215 4142/4241/4213 
f 4145/4244/4216 3183/3251/3223 3184/3252/3224 
f 4145/4244/4216 3184/3252/3224 4146/4245/4217 
f 4144/4243/4215 4146/4245/4217 4142/4241/4213 
f 4144/4243/4215 4145/4244/4216 4146/4245/4217 
f 4143/4242/4214 2890/2956/2928 4147/4246/4218 
f 4144/4243/4215 4143/4242/4214 4147/4246/4218 
f 4148/4247/4219 4145/4244/4216 4144/4243/4215 
f 4144/4243/4215 4147/4246/4218 4148/4247/4219 
f 4148/4247/4219 4149/4248/4220 4145/4244/4216 
f 4149/4248/4220 3183/3251/3223 4145/4244/4216 
f 4149/4248/4220 4150/4249/4221 3183/3251/3223 
f 3182/3250/3222 3183/3251/3223 4150/4249/4221 
f 4149/4250/4222 4148/4251/4223 4151/4252/4224 
f 4149/4250/4222 4151/4252/4224 4152/4253/4225 
f 4152/4253/4225 4153/4254/4226 4150/4255/4227 
f 4152/4253/4225 4150/4255/4227 4149/4250/4222 
f 4153/4254/4226 4154/4256/4228 4150/4255/4227 
f 4153/4254/4226 4155/4257/4229 4154/4256/4228 
f 4156/4258/4230 4153/4254/4226 4152/4253/4225 
f 4156/4258/4230 4152/4253/4225 4151/4252/4224 
f 4156/4258/4230 4157/4259/4231 4153/4254/4226 
f 4157/4259/4231 4155/4257/4229 4153/4254/4226 
f 4157/4259/4231 4158/4260/4232 4155/4257/4229 
f 4159/4261/4233 4155/4257/4229 4158/4260/4232 
f 4159/4261/4233 4160/4262/4234 4155/4257/4229 
f 4154/4256/4228 4155/4257/4229 4160/4262/4234 
f 4161/4263/4235 4157/4259/4231 4156/4258/4230 
f 4158/4260/4232 4157/4259/4231 4161/4263/4235 
f 4158/4260/4232 4161/4263/4235 4162/4264/4236 
f 4158/4260/4232 4163/4265/4237 4159/4261/4233 
f 4158/4260/4232 4162/4264/4236 4163/4265/4237 
f 4164/4266/4238 4159/4261/4233 4163/4265/4237 
f 4160/4262/4234 4159/4261/4233 4165/4267/4239 
f 4164/4266/4238 4165/4267/4239 4159/4261/4233 
f 4166/4268/4240 4162/4264/4236 4161/4263/4235 
f 4162/4264/4236 4167/4269/4241 4163/4265/4237 
f 4162/4264/4236 4166/4268/4240 4167/4269/4241 
f 4163/4265/4237 4167/4269/4241 4168/4270/4242 
f 4163/4265/4237 4168/4270/4242 4164/4266/4238 
f 4169/4271/4243 3949/4029/4001 3950/4030/4002 
f 4168/4270/4242 4170/4272/4244 4164/4266/4238 
f 4168/4270/4242 4169/4271/4243 4170/4272/4244 
f 4169/4271/4243 3950/4030/4002 4170/4272/4244 
f 4170/4272/4244 4165/4267/4239 4164/4266/4238 
f 4171/4273/4245 4167/4269/4241 4166/4268/4240 
f 4171/4273/4245 2449/2513/2485 2448/2512/2484 
f 4172/4274/4246 4169/4271/4243 4168/4270/4242 
f 4167/4269/4241 4171/4273/4245 4172/4274/4246 
f 4171/4273/4245 2448/2512/2484 4172/4274/4246 
f 4167/4269/4241 4172/4274/4246 4168/4270/4242 
f 4172/4274/4246 4173/4275/4247 4169/4271/4243 
f 4173/4275/4247 3949/4029/4001 4169/4271/4243 
f 4173/4275/4247 4172/4274/4246 2448/2512/2484 
f 4173/4275/4247 4174/4276/4248 3949/4029/4001 
f 4174/4276/4248 2499/2565/2537 3949/4029/4001 
f 4174/4276/4248 3549/3625/3597 2499/2565/2537 
f 4175/4277/4249 4174/4276/4248 4173/4275/4247 
f 4173/4275/4247 2448/2512/2484 4175/4277/4249 
f 4175/4277/4249 2448/2512/2484 2447/2511/2483 
f 4175/4277/4249 4176/4278/4250 4174/4276/4248 
f 4176/4278/4250 3549/3625/3597 4174/4276/4248 
f 4176/4278/4250 2217/2278/2250 3549/3625/3597 
f 4177/4279/4251 2701/2767/2739 3629/3705/3677 
f 4175/4277/4249 2447/2511/2483 4177/4279/4251 
f 4176/4278/4250 4175/4277/4249 4177/4279/4251 
f 2447/2511/2483 2701/2767/2739 4177/4279/4251 
f 4178/4280/4252 2217/2278/2250 4176/4278/4250 
f 4177/4279/4251 3629/3705/3677 4178/4280/4252 
f 4178/4280/4252 2218/2279/2251 2217/2278/2250 
f 4176/4278/4250 4177/4279/4251 4178/4280/4252 
f 4178/4280/4252 4179/4281/4253 2218/2279/2251 
f 4178/4280/4252 3629/3705/3677 4179/4281/4253 
f 4171/4273/4245 4166/4268/4240 4180/4282/4254 
f 4180/4282/4254 2449/2513/2485 4171/4273/4245 
f 4180/4282/4254 2452/2516/2488 2449/2513/2485 
f 4180/4282/4254 4166/4268/4240 4181/4283/4255 
f 4166/4268/4240 4161/4263/4235 4181/4283/4255 
f 4180/4282/4254 4181/4283/4255 4182/4284/4256 
f 4182/4284/4256 2452/2516/2488 4180/4282/4254 
f 4183/4285/4257 2451/2515/2487 2452/2516/2488 
f 4182/4284/4256 4183/4285/4257 2452/2516/2488 
f 4183/4285/4257 2698/2764/2736 2451/2515/2487 
f 4183/4285/4257 4182/4284/4256 4184/4286/4258 
f 4185/4287/4259 2699/2765/2737 2698/2764/2736 
f 4185/4287/4259 2698/2764/2736 4183/4285/4257 
f 4183/4285/4257 4184/4286/4258 4185/4287/4259 
f 4185/4287/4259 4184/4286/4258 4186/4288/4260 
f 4187/4289/4261 3627/3703/3675 2699/2765/2737 
f 4185/4287/4259 4186/4288/4260 4187/4289/4261 
f 4187/4289/4261 2699/2765/2737 4185/4287/4259 
f 4188/4290/4262 3438/3512/3484 3941/4021/3993 
f 3541/3615/3587 3438/3512/3484 4188/4290/4262 
f 4186/4288/4260 3541/3615/3587 4188/4290/4262 
f 4188/4290/4262 4187/4289/4261 4186/4288/4260 
f 4188/4290/4262 4189/4291/4263 4187/4289/4261 
f 4189/4291/4263 3940/4020/3992 3628/3704/3676 
f 4188/4290/4262 3941/4021/3993 4189/4291/4263 
f 4189/4291/4263 3628/3704/3676 3627/3703/3675 
f 4189/4291/4263 3627/3703/3675 4187/4289/4261 
f 4189/4291/4263 3941/4021/3993 3940/4020/3992 
f 4190/4292/4264 3542/3616/3588 3541/3615/3587 
f 4186/4288/4260 4190/4292/4264 3541/3615/3587 
f 4190/4292/4264 4186/4288/4260 4184/4286/4258 
f 4191/4293/4265 4184/4286/4258 4182/4284/4256 
f 4191/4293/4265 4182/4284/4256 4181/4283/4255 
f 4190/4292/4264 4184/4286/4258 4191/4293/4265 
f 4192/4294/4266 4181/4283/4255 4161/4263/4235 
f 4192/4294/4266 4191/4293/4265 4181/4283/4255 
f 4161/4263/4235 4156/4258/4230 4192/4294/4266 
f 4190/4292/4264 4193/4295/4267 3542/3616/3588 
f 4191/4293/4265 4193/4295/4267 4190/4292/4264 
f 4191/4293/4265 4192/4294/4266 4193/4295/4267 
f 4192/4294/4266 4156/4258/4230 4194/4296/4268 
f 4192/4294/4266 4194/4296/4268 4193/4295/4267 
f 4156/4258/4230 4151/4252/4224 4194/4296/4268 
f 4193/4295/4267 4194/4296/4268 4195/4297/4269 
f 4193/4295/4267 4195/4297/4269 3542/3616/3588 
f 4196/4298/4270 4151/4252/4224 4148/4251/4223 
f 4194/4296/4268 4196/4298/4270 4195/4297/4269 
f 4194/4296/4268 4151/4252/4224 4196/4298/4270 
f 4195/4297/4269 4196/4298/4270 4197/4299/4271 
f 4195/4297/4269 4197/4299/4271 4198/4300/4272 
f 4198/4300/4272 2629/2695/2667 3542/3616/3588 
f 4198/4300/4272 3542/3616/3588 4195/4297/4269 
f 4199/4301/4273 2894/3439/3411 3366/3436/3408 
f 4199/4301/4273 4198/4300/4272 4197/4299/4271 
f 4200/4302/4274 2630/2696/2668 2629/2695/2667 
f 4200/4302/4274 2629/2695/2667 4198/4300/4272 
f 4199/4301/4273 4200/4302/4274 4198/4300/4272 
f 4199/4301/4273 4201/4303/4275 4200/4302/4274 
f 4199/4301/4273 3366/3436/3408 4201/4303/4275 
f 4202/4304/4276 4200/4302/4274 4201/4303/4275 
f 4202/4304/4276 2630/2696/2668 4200/4302/4274 
f 2626/2692/2664 2630/2696/2668 4202/4304/4276 
f 4203/4305/4277 4201/4303/4275 3366/3436/3408 
f 4203/4305/4277 3366/3436/3408 3365/3435/3407 
f 4201/4303/4275 4203/4305/4277 4204/4306/4278 
f 4201/4303/4275 4204/4306/4278 4202/4304/4276 
f 4202/4304/4276 4204/4306/4278 4205/4307/4279 
f 4202/4304/4276 4205/4307/4279 2626/2692/2664 
f 4206/4308/4280 4204/4306/4278 4203/4305/4277 
f 4204/4306/4278 4206/4308/4280 4207/4309/4281 
f 4204/4306/4278 4207/4309/4281 4205/4307/4279 
f 4208/4310/4282 3443/3517/3489 3442/3516/3488 
f 4205/4307/4279 4207/4309/4281 4208/4310/4282 
f 4209/4311/4283 3439/3513/3485 2627/2693/2665 
f 4205/4307/4279 4208/4310/4282 4209/4311/4283 
f 4209/4311/4283 2627/2693/2665 2626/2692/2664 
f 4209/4311/4283 2626/2692/2664 4205/4307/4279 
f 4209/4311/4283 4208/4310/4282 3442/3516/3488 
f 4210/4312/4284 3441/3515/3487 3959/4039/4011 
f 4210/4312/4284 3959/4039/4011 3511/3585/3557 
f 4209/4311/4283 3442/3516/3488 4210/4312/4284 
f 4210/4312/4284 3511/3585/3557 3439/3513/3485 
f 4210/4312/4284 3442/3516/3488 3441/3515/3487 
f 4209/4311/4283 4210/4312/4284 3439/3513/3485 
f 4211/4313/4285 4207/4309/4281 4206/4308/4280 
f 4207/4309/4281 4212/4314/4286 4208/4310/4282 
f 4208/4310/4282 4212/4314/4286 3443/3517/3489 
f 4207/4309/4281 4211/4313/4285 4212/4314/4286 
f 4212/4314/4286 3450/3524/3496 3443/3517/3489 
f 4211/4313/4285 4213/4315/4287 4212/4314/4286 
f 4212/4314/4286 4213/4315/4287 3450/3524/3496 
f 4211/4313/4285 4214/4316/4288 4213/4315/4287 
f 3311/3379/3351 4215/4317/4289 4216/4318/4290 
f 4214/4316/4288 4216/4318/4290 4215/4317/4289 
f 4215/4317/4289 3450/3524/3496 4213/4315/4287 
f 4214/4316/4288 4215/4317/4289 4213/4315/4287 
f 4215/4317/4289 3451/3525/3497 3450/3524/3496 
f 3311/3379/3351 4217/4319/4291 4215/4317/4289 
f 4217/4319/4291 3451/3525/3497 4215/4317/4289 
f 4217/4319/4291 3311/3379/3351 3310/3378/3350 
f 4217/4319/4291 4218/4320/4292 3451/3525/3497 
f 3638/3714/3686 2441/2505/2477 4218/4320/4292 
f 2441/2505/2477 3449/3523/3495 4218/4320/4292 
f 3449/3523/3495 3451/3525/3497 4218/4320/4292 
f 3889/3969/3941 3638/3714/3686 4219/4321/4293 
f 4217/4319/4291 3310/3378/3350 4219/4321/4293 
f 4218/4320/4292 4219/4321/4293 3638/3714/3686 
f 4219/4321/4293 3310/3378/3350 3319/3387/3359 
f 4219/4321/4293 3319/3387/3359 3889/3969/3941 
f 4218/4320/4292 4217/4319/4291 4219/4321/4293 
f 4220/4322/4294 3312/3380/3352 3311/3379/3351 
f 4220/4322/4294 3311/3379/3351 4216/4318/4290 
f 4216/4318/4290 4214/4316/4288 4221/4323/4295 
f 4216/4318/4290 4221/4323/4295 4220/4322/4294 
f 4222/4324/4296 3312/3380/3352 4220/4322/4294 
f 4222/4324/4296 4220/4322/4294 4221/4323/4295 
f 4222/4324/4296 3317/3385/3357 3312/3380/3352 
f 3640/3716/3688 3317/3385/3357 4222/4324/4296 
f 4222/4324/4296 3642/3718/3690 3640/3716/3688 
f 4222/4324/4296 4221/4323/4295 4223/4325/4297 
f 4222/4324/4296 4223/4325/4297 3642/3718/3690 
f 4214/4316/4288 4224/4326/4298 4221/4323/4295 
f 4211/4313/4285 4206/4308/4280 4224/4326/4298 
f 4214/4316/4288 4211/4313/4285 4224/4326/4298 
f 4224/4326/4298 4225/4327/4299 4221/4323/4295 
f 4225/4327/4299 3643/3719/3691 3642/3718/3690 
f 4225/4327/4299 4223/4325/4297 4221/4323/4295 
f 4225/4327/4299 3642/3718/3690 4223/4325/4297 
f 4226/4328/4300 4203/4305/4277 3365/3435/3407 
f 4224/4326/4298 4206/4308/4280 4226/4328/4300 
f 4206/4308/4280 4203/4305/4277 4226/4328/4300 
f 4224/4326/4298 4226/4328/4300 4225/4327/4299 
f 4226/4328/4300 3643/3719/3691 4225/4327/4299 
f 4226/4328/4300 4227/4329/4301 3643/3719/3691 
f 4226/4328/4300 3365/3435/3407 4227/4329/4301 
f 4227/4329/4301 3644/3720/3692 3643/3719/3691 
f 4227/4329/4301 3365/3435/3407 3364/3434/3406 
f 4228/4330/4302 3367/3437/3409 3814/3894/3866 
f 4227/4329/4301 3364/3434/3406 4228/4330/4302 
f 4228/4330/4302 3364/3434/3406 3367/3437/3409 
f 3814/3894/3866 3644/3720/3692 4228/4330/4302 
f 4227/4329/4301 4228/4330/4302 3644/3720/3692 
f 4229/4331/4303 3814/3894/3866 3812/3892/3864 
f 4229/4331/4303 3639/3715/3687 3641/3717/3689 
f 4229/4331/4303 2281/2342/2314 3639/3715/3687 
f 3814/3894/3866 4229/4331/4303 3644/3720/3692 
f 4229/4331/4303 3641/3717/3689 3644/3720/3692 
f 4229/4331/4303 4230/4332/4304 2281/2342/2314 
f 4229/4331/4303 3812/3892/3864 4230/4332/4304 
f 4230/4332/4304 3331/3399/3371 2282/2343/2315 
f 4230/4332/4304 3332/3400/3372 3331/3399/3371 
f 4230/4332/4304 3812/3892/3864 3332/3400/3372 
f 4230/4332/4304 2282/2343/2315 2281/2342/2314 
f 4197/4299/4271 2889/4333/4305 4199/4301/4273 
f 4199/4301/4273 2889/4333/4305 2894/3439/3411 
f 4196/4298/4270 2890/4334/4306 4197/4299/4271 
f 4197/4299/4271 2890/4334/4306 2889/4333/4305 
f 4196/4298/4270 4147/4335/4307 2890/4334/4306 
f 4196/4298/4270 4148/4251/4223 4147/4335/4307 
f 4170/4272/4244 3950/4030/4002 4231/4336/4308 
f 4170/4272/4244 4231/4336/4308 4232/4337/4309 
f 4170/4272/4244 4232/4337/4309 4165/4267/4239 
f 4232/4337/4309 4231/4336/4308 4233/4338/4310 
f 4231/4336/4308 2407/2468/2440 4233/4338/4310 
f 4233/4338/4310 2407/2468/2440 2406/2467/2439 
f 4232/4337/4309 4233/4338/4310 4234/4339/4311 
f 4232/4337/4309 4234/4339/4311 4235/4340/4312 
f 4232/4337/4309 4235/4340/4312 4165/4267/4239 
f 4160/4262/4234 4165/4267/4239 4235/4340/4312 
f 4234/4339/4311 4236/4341/4313 4235/4340/4312 
f 4236/4341/4313 4237/4342/4314 4235/4340/4312 
f 4154/4256/4228 4160/4262/4234 4238/4343/4315 
f 4235/4340/4312 4237/4342/4314 4238/4343/4315 
f 4235/4340/4312 4238/4343/4315 4160/4262/4234 
f 4239/4344/4316 3777/3854/3826 4240/4345/4317 
f 4237/4346/4318 4239/4344/4316 4240/4345/4317 
f 4240/4345/4317 3777/3854/3826 3179/3247/3219 
f 4240/4345/4317 3179/3247/3219 3182/3250/3222 
f 4237/4346/4318 4240/4345/4317 4238/4347/4319 
f 3182/3250/3222 4238/4347/4319 4240/4345/4317 
f 3182/3250/3222 4154/4348/4320 4238/4347/4319 
f 3182/3250/3222 4150/4249/4221 4154/4348/4320 
f 4239/4344/4316 4241/4349/4321 3777/3854/3826 
f 4239/4344/4316 4242/4350/4322 4241/4349/4321 
f 4241/4349/4321 4242/4350/4322 4243/4351/4323 
f 4244/4352/4324 3777/3854/3826 4241/4349/4321 
f 4244/4352/4324 4243/4351/4323 3699/3776/3748 
f 4244/4352/4324 3778/3855/3827 3777/3854/3826 
f 4244/4352/4324 3699/3776/3748 3700/3777/3749 
f 4241/4349/4321 4243/4351/4323 4244/4352/4324 
f 3700/3777/3749 3778/3855/3827 4244/4352/4324 
f 4239/4344/4316 4245/4353/4325 4242/4350/4322 
f 4237/4346/4318 4245/4353/4325 4239/4344/4316 
f 2406/2473/2445 2409/2470/2442 4246/4354/4326 
f 4247/4355/4327 2351/2412/2384 2350/2411/2383 
f 4247/4355/4327 2409/2470/2442 2351/2412/2384 
f 4247/4355/4327 4246/4354/4326 2409/2470/2442 
f 4245/4353/4325 4246/4354/4326 4247/4355/4327 
f 4245/4353/4325 4247/4355/4327 4242/4350/4322 
f 4236/4356/4328 4246/4354/4326 4245/4353/4325 
f 4237/4346/4318 4236/4356/4328 4245/4353/4325 
f 4236/4356/4328 4248/4357/4329 4246/4354/4326 
f 2406/2473/2445 4246/4354/4326 4248/4357/4329 
f 4233/4338/4310 2406/2467/2439 4248/4358/4330 
f 4248/4358/4330 4236/4341/4313 4234/4339/4311 
f 4248/4358/4330 4234/4339/4311 4233/4338/4310 
f 4249/4359/4331 2350/2411/2383 2959/3025/2997 
f 4249/4359/4331 4242/4350/4322 4247/4355/4327 
f 4249/4359/4331 4243/4351/4323 4242/4350/4322 
f 4247/4355/4327 2350/2411/2383 4249/4359/4331 
f 4250/4360/4332 3699/3776/3748 4243/4351/4323 
f 2457/2521/2493 3699/3776/3748 4250/4360/4332 
f 4250/4360/4332 4243/4351/4323 4249/4359/4331 
f 2458/2522/2494 4250/4360/4332 2959/3025/2997 
f 2458/2522/2494 2457/2521/2493 4250/4360/4332 
f 4249/4359/4331 2959/3025/2997 4250/4360/4332 
f 4251/4361/4333 3700/3777/3749 3701/3778/3750 
f 4251/4361/4333 3181/3249/3221 3180/3248/3220 
f 3700/3777/3749 4251/4361/4333 3778/3855/3827 
f 4251/4361/4333 3180/3248/3220 3778/3855/3827 
f 4251/4361/4333 3701/3778/3750 4252/4362/4334 
f 4252/4362/4334 2496/2562/2534 2495/2561/2533 
f 4252/4362/4334 3181/3249/3221 4251/4361/4333 
f 4252/4362/4334 3701/3778/3750 2496/2562/2534 
f 4252/4362/4334 4253/4363/4335 3181/3249/3221 
f 4253/4363/4335 3184/3252/3224 3181/3249/3221 
f 4253/4363/4335 4252/4362/4334 2495/2561/2533 
f 4254/4364/4336 2495/2561/2533 2494/2560/2532 
f 4253/4363/4335 2495/2561/2533 4254/4364/4336 
f 4253/4363/4335 4255/4365/4337 3184/3252/3224 
f 4254/4364/4336 4255/4365/4337 4253/4363/4335 
f 4254/4364/4336 3401/3472/3444 4255/4365/4337 
f 4255/4365/4337 4146/4245/4217 3184/3252/3224 
f 4256/4366/4338 4141/4240/4212 4142/4241/4213 
f 3401/3472/3444 4256/4366/4338 4255/4365/4337 
f 4255/4365/4337 4256/4366/4338 4146/4245/4217 
f 3402/3473/3445 4141/4240/4212 4256/4366/4338 
f 3401/3472/3444 3402/3473/3445 4256/4366/4338 
f 4256/4366/4338 4142/4241/4213 4146/4245/4217 
f 4257/4367/4339 2494/2560/2532 2493/2559/2531 
f 4257/4367/4339 3401/3472/3444 4254/4364/4336 
f 4257/4367/4339 3300/3368/3340 3401/3472/3444 
f 4254/4364/4336 2494/2560/2532 4257/4367/4339 
f 4257/4367/4339 2493/2559/2531 4258/4368/4340 
f 4258/4368/4340 3300/3368/3340 4257/4367/4339 
f 4258/4368/4340 3301/3369/3341 3300/3368/3340 
f 4258/4368/4340 3306/3374/3346 3301/3369/3341 
f 2493/2559/2531 4259/4369/4341 4258/4368/4340 
f 4259/4369/4341 3956/4036/4008 3306/3374/3346 
f 4258/4368/4340 4259/4369/4341 3306/3374/3346 
f 4259/4369/4341 3725/3802/3774 3956/4036/4008 
f 4260/4370/4342 3724/3801/3773 3725/3802/3774 
f 2493/2559/2531 4260/4370/4342 4259/4369/4341 
f 4260/4370/4342 3725/3802/3774 4259/4369/4341 
f 4260/4370/4342 2493/2559/2531 2492/2558/2530 
f 4261/4371/4343 2492/2558/2530 2497/2563/2535 
f 4261/4371/4343 3724/3801/3773 4260/4370/4342 
f 3918/3998/3970 2632/2698/2670 4261/4371/4343 
f 4261/4371/4343 2632/2698/2670 3724/3801/3773 
f 4260/4370/4342 2492/2558/2530 4261/4371/4343 
f 4261/4371/4343 2497/2563/2535 3918/3998/3970 
f 4262/4372/4344 3950/4030/4002 3947/4027/3999 
f 4231/4336/4308 4262/4372/4344 2407/2468/2440 
f 3947/4027/3999 2747/2813/2785 4262/4372/4344 
f 4262/4372/4344 2408/2469/2441 2407/2468/2440 
f 4262/4372/4344 2747/2813/2785 2408/2469/2441 
f 4262/4372/4344 4231/4336/4308 3950/4030/4002 
f 2468/4373/4345 2237/2298/2270 2236/2297/2269 
f 2468/4373/4345 2236/2297/2269 4263/4374/4346 
f 4263/4374/4346 2235/2296/2268 3252/3320/3292 
f 4263/4374/4346 2236/2297/2269 2235/2296/2268 
f 4264/4375/4347 3251/3319/3291 3257/3325/3297 
f 4264/4375/4347 3252/3320/3292 3251/3319/3291 
f 4264/4375/4347 4263/4374/4346 3252/3320/3292 
f 2468/4373/4345 4263/4374/4346 4264/4375/4347 
f 4264/4375/4347 3257/3325/3297 3790/3870/3842 
f 3967/4376/4348 4264/4375/4347 3790/3870/3842 
f 2468/4373/4345 4264/4375/4347 3967/4376/4348 
f 3967/4376/4348 3790/3870/3842 3789/3869/3841 
f 3956/4036/4008 4265/4377/4349 3305/3373/3345 
f 4265/4377/4349 3308/3376/3348 3305/3373/3345 
f 3859/3939/3911 3858/3938/3910 4265/4377/4349 
f 3859/3939/3911 4265/4377/4349 3956/4036/4008 
f 4265/4377/4349 4266/4378/4350 3308/3376/3348 
f 3858/3938/3910 4266/4378/4350 4265/4377/4349 
f 3858/3938/3910 3900/3980/3952 4266/4378/4350 
f 4267/4379/4351 3900/3980/3952 3899/3979/3951 
f 3900/3980/3952 4268/4380/4352 4266/4378/4350 
f 3900/3980/3952 4267/4379/4351 4268/4380/4352 
f 4269/4381/4353 2283/2344/2316 2286/2347/2319 
f 2288/2349/2321 3308/3376/3348 4269/4381/4353 
f 4268/4380/4352 2283/2344/2316 4269/4381/4353 
f 4269/4381/4353 2286/2347/2319 2288/2349/2321 
f 4266/4378/4350 4268/4380/4352 4269/4381/4353 
f 4266/4378/4350 4269/4381/4353 3308/3376/3348 
f 4270/4382/4354 2284/2345/2317 2283/2344/2316 
f 4268/4380/4352 4270/4382/4354 2283/2344/2316 
f 4270/4382/4354 4268/4380/4352 4267/4379/4351 
f 4270/4382/4354 2404/2465/2437 2284/2345/2317 
f 4270/4382/4354 4267/4379/4351 4271/4383/4355 
f 2248/2309/2281 2402/2463/2435 4271/4383/4355 
f 4271/4383/4355 2402/2463/2435 2404/2465/2437 
f 4271/4383/4355 2404/2465/2437 4270/4382/4354 
f 4267/4379/4351 3899/3979/3951 4272/4384/4356 
f 4271/4383/4355 4267/4379/4351 4272/4384/4356 
f 4271/4383/4355 4272/4384/4356 2248/2309/2281 
f 4273/4385/4357 2248/2309/2281 4272/4384/4356 
f 4273/4385/4357 2245/2306/2278 2248/2309/2281 
f 4272/4384/4356 3899/3979/3951 4274/4386/4358 
f 4272/4384/4356 4274/4386/4358 4273/4385/4357 
f 3899/3979/3951 3259/3327/3299 4274/4386/4358 
f 4275/4387/4359 4273/4385/4357 4274/4386/4358 
f 4276/4388/4360 2245/2306/2278 4273/4385/4357 
f 4275/4387/4359 4276/4388/4360 4273/4385/4357 
f 4276/4388/4360 2388/2449/2421 2245/2306/2278 
f 4274/4386/4358 4277/4389/4361 4275/4387/4359 
f 4274/4386/4358 3259/3327/3299 4277/4389/4361 
f 4278/4390/4362 4275/4387/4359 4277/4389/4361 
f 4279/4391/4363 4276/4388/4360 4275/4387/4359 
f 4278/4390/4362 4279/4391/4363 4275/4387/4359 
f 4279/4391/4363 3705/3782/3754 2910/2976/2948 
f 4279/4391/4363 4278/4390/4362 3705/3782/3754 
f 3259/3327/3299 4280/4392/4364 4277/4389/4361 
f 4280/4392/4364 3653/3729/3701 3652/3728/3700 
f 3259/3327/3299 2882/2948/2920 4280/4392/4364 
f 2882/2948/2920 3653/3729/3701 4280/4392/4364 
f 4280/4392/4364 3652/3728/3700 4281/4393/4365 
f 4277/4389/4361 4280/4392/4364 4281/4393/4365 
f 4277/4389/4361 4281/4393/4365 4278/4390/4362 
f 4282/4394/4366 3705/3782/3754 4278/4390/4362 
f 4282/4394/4366 4278/4390/4362 4281/4393/4365 
f 4283/4395/4367 3652/3728/3700 3651/3727/3699 
f 4281/4393/4365 4283/4395/4367 4282/4394/4366 
f 4281/4393/4365 3652/3728/3700 4283/4395/4367 
f 2644/2710/2682 2646/2712/2684 4284/4396/4368 
f 3706/3783/3755 4284/4396/4368 2646/2712/2684 
f 4284/4396/4368 4282/4394/4366 4283/4395/4367 
f 4285/4397/4369 3706/3783/3755 3705/3782/3754 
f 4284/4396/4368 4285/4397/4369 4282/4394/4366 
f 4285/4397/4369 3705/3782/3754 4282/4394/4366 
f 3706/3783/3755 4285/4397/4369 4284/4396/4368 
f 4286/4398/4370 3655/3731/3703 3874/3954/3926 
f 4283/4395/4367 3651/3727/3699 4286/4398/4370 
f 4286/4398/4370 3651/3727/3699 3655/3731/3703 
f 4283/4395/4367 4286/4398/4370 4287/4399/4371 
f 4283/4395/4367 4287/4399/4371 4284/4396/4368 
f 2644/2710/2682 4284/4396/4368 4287/4399/4371 
f 3873/3953/3925 2644/2710/2682 4287/4399/4371 
f 4287/4399/4371 3874/3954/3926 3873/3953/3925 
f 4287/4399/4371 4286/4398/4370 3874/3954/3926 
f 2908/2974/2946 2385/2446/2418 4288/4400/4372 
f 4288/4400/4372 2385/2446/2418 2388/2449/2421 
f 4288/4400/4372 2388/2449/2421 4276/4388/4360 
f 4279/4391/4363 4288/4400/4372 4276/4388/4360 
f 2910/2976/2948 2908/2974/2946 4288/4400/4372 
f 2910/2976/2948 4288/4400/4372 4279/4391/4363 
f 3955/4035/4007 4289/4401/4373 3860/3940/3912 
f 4289/4401/4373 2873/2939/2911 2875/2941/2913 
f 3955/4035/4007 3928/4008/3980 4289/4401/4373 
f 3928/4008/3980 2873/2939/2911 4289/4401/4373 
f 4289/4401/4373 2875/2941/2913 4290/4402/4374 
f 2880/2946/2918 2879/2945/2917 4290/4402/4374 
f 4290/4402/4374 2879/2945/2917 3860/3940/3912 
f 4290/4402/4374 3860/3940/3912 4289/4401/4373 
f 3654/3730/3702 2880/2946/2918 4291/4403/4375 
f 4291/4403/4375 3655/3731/3703 3654/3730/3702 
f 4290/4402/4374 4291/4403/4375 2880/2946/2918 
f 4290/4402/4374 2875/2941/2913 4291/4403/4375 
f 4292/4404/4376 2870/2936/2908 2871/2937/2909 
f 4292/4404/4376 2871/2937/2909 3871/3951/3923 
f 2875/2941/2913 2870/2936/2908 4292/4404/4376 
f 4291/4403/4375 4292/4404/4376 3655/3731/3703 
f 2875/2941/2913 4292/4404/4376 4291/4403/4375 
f 4292/4404/4376 3874/3954/3926 3655/3731/3703 
f 4292/4404/4376 3871/3951/3923 3874/3954/3926 
f 3521/3595/3567 4293/4405/4377 3953/4033/4005 
f 4293/4405/4377 3225/3293/3265 3224/3292/3264 
f 3953/4033/4005 4293/4405/4377 3224/3292/3264 
f 4293/4405/4377 3521/3595/3567 2396/2457/2429 
f 4293/4405/4377 2396/2457/2429 4294/4406/4378 
f 4293/4405/4377 4294/4406/4378 3225/3293/3265 
f 2396/2457/2429 4295/4407/4379 4294/4406/4378 
f 2396/2457/2429 2395/2456/2428 4295/4407/4379 
f 4294/4406/4378 4296/4408/4380 3225/3293/3265 
f 4294/4406/4378 4295/4407/4379 4296/4408/4380 
f 3064/3132/3104 3226/3294/3266 4297/4409/4381 
f 4297/4409/4381 3226/3294/3266 3225/3293/3265 
f 4297/4409/4381 3225/3293/3265 4296/4408/4380 
f 4298/4410/4382 2395/2456/2428 2394/2455/2427 
f 4298/4410/4382 4295/4407/4379 2395/2456/2428 
f 4295/4407/4379 4299/4411/4383 4296/4408/4380 
f 4295/4407/4379 4298/4410/4382 4299/4411/4383 
f 4296/4408/4380 4300/4412/4384 4297/4409/4381 
f 4296/4408/4380 4299/4411/4383 4300/4412/4384 
f 4301/4413/4385 4297/4409/4381 4300/4412/4384 
f 4301/4413/4385 3064/3132/3104 4297/4409/4381 
f 4302/4414/4386 4299/4411/4383 4298/4410/4382 
f 4299/4411/4383 4302/4414/4386 4303/4415/4387 
f 4299/4411/4383 4303/4415/4387 4300/4412/4384 
f 4300/4412/4384 4303/4415/4387 4304/4416/4388 
f 4300/4412/4384 4304/4416/4388 4301/4413/4385 
f 4305/4417/4389 4301/4413/4385 4304/4416/4388 
f 4305/4417/4389 4306/4418/4390 4301/4413/4385 
f 4306/4418/4390 3060/3128/3100 3064/3132/3104 
f 4306/4418/4390 3064/3132/3104 4301/4413/4385 
f 4307/4419/4391 4303/4415/4387 4302/4414/4386 
f 4303/4415/4387 4308/4420/4392 4304/4416/4388 
f 4303/4415/4387 4307/4419/4391 4308/4420/4392 
f 4304/4416/4388 4308/4420/4392 4309/4421/4393 
f 4304/4416/4388 4309/4421/4393 4305/4417/4389 
f 4310/4422/4394 4305/4417/4389 4309/4421/4393 
f 4310/4422/4394 4311/4423/4395 4305/4417/4389 
f 4306/4418/4390 4305/4417/4389 4311/4423/4395 
f 4312/4424/4396 4308/4420/4392 4307/4419/4391 
f 4308/4420/4392 4313/4425/4397 4309/4421/4393 
f 4308/4420/4392 4312/4424/4396 4313/4425/4397 
f 4309/4421/4393 4314/4426/4398 4310/4422/4394 
f 4309/4421/4393 4313/4425/4397 4314/4426/4398 
f 3193/3261/3233 3190/3258/3230 4315/4427/4399 
f 4315/4427/4399 4310/4422/4394 4314/4426/4398 
f 4316/4428/4400 4311/4423/4395 4310/4422/4394 
f 4316/4428/4400 4315/4427/4399 3190/3258/3230 
f 4316/4428/4400 3190/3258/3230 3189/3257/3229 
f 4315/4427/4399 4316/4428/4400 4310/4422/4394 
f 4317/4429/4401 4312/4424/4396 3809/3889/3861 
f 3809/3889/3861 3277/3345/3317 4317/4429/4401 
f 4317/4429/4401 3277/3345/3317 3680/3757/3729 
f 4317/4429/4401 4313/4425/4397 4312/4424/4396 
f 4317/4429/4401 3680/3757/3729 4318/4430/4402 
f 4313/4425/4397 4317/4429/4401 4318/4430/4402 
f 4318/4430/4402 3680/3757/3729 3679/3756/3728 
f 4313/4425/4397 4318/4430/4402 4314/4426/4398 
f 4318/4430/4402 3679/3756/3728 4319/4431/4403 
f 4314/4426/4398 4319/4431/4403 4315/4427/4399 
f 4314/4426/4398 4318/4430/4402 4319/4431/4403 
f 4319/4431/4403 3746/3823/3795 3193/3261/3233 
f 4319/4431/4403 3679/3756/3728 3746/3823/3795 
f 3193/3261/3233 4315/4427/4399 4319/4431/4403 
f 4320/4432/4404 3189/3257/3229 3188/3256/3228 
f 3189/3257/3229 4321/4433/4405 4316/4428/4400 
f 4316/4428/4400 4321/4433/4405 4311/4423/4395 
f 3189/3257/3229 4320/4432/4404 4321/4433/4405 
f 4320/4432/4404 4322/4434/4406 4321/4433/4405 
f 4320/4432/4404 2817/2883/2855 4322/4434/4406 
f 4323/4435/4407 3060/3128/3100 4306/4418/4390 
f 4321/4433/4405 4323/4435/4407 4311/4423/4395 
f 4322/4434/4406 3061/3129/3101 4323/4435/4407 
f 4323/4435/4407 3061/3129/3101 3060/3128/3100 
f 4306/4418/4390 4311/4423/4395 4323/4435/4407 
f 4321/4433/4405 4322/4434/4406 4323/4435/4407 
f 4324/4436/4408 4322/4434/4406 2817/2883/2855 
f 4324/4436/4408 2817/2883/2855 2816/2882/2854 
f 4322/4434/4406 4324/4436/4408 3061/3129/3101 
f 4324/4436/4408 3062/3130/3102 3061/3129/3101 
f 2816/2882/2854 4325/4437/4409 4324/4436/4408 
f 2816/2882/2854 2820/2886/2858 4325/4437/4409 
f 4324/4436/4408 4325/4437/4409 3062/3130/3102 
f 4326/4438/4410 2820/2886/2858 2560/2626/2598 
f 4326/4438/4410 2560/2626/2598 2559/2625/2597 
f 2820/2886/2858 4327/4439/4411 4325/4437/4409 
f 2820/2886/2858 4326/4438/4410 4327/4439/4411 
f 4325/4437/4409 4327/4439/4411 4328/4440/4412 
f 4328/4440/4412 3927/4007/3979 3926/4006/3978 
f 4327/4439/4411 3927/4007/3979 4328/4440/4412 
f 4325/4437/4409 4328/4440/4412 3062/3130/3102 
f 4329/4441/4413 4327/4439/4411 4326/4438/4410 
f 4329/4441/4413 3800/3880/3852 3799/3879/3851 
f 3799/3879/3851 3927/4007/3979 4329/4441/4413 
f 4327/4439/4411 4329/4441/4413 3927/4007/3979 
f 4328/4440/4412 3926/4006/3978 4330/4442/4414 
f 4330/4442/4414 3062/3130/3102 4328/4440/4412 
f 4330/4442/4414 3926/4006/3978 3722/3799/3771 
f 3952/4032/4004 3065/3133/3105 4330/4442/4414 
f 4330/4442/4414 3065/3133/3105 3062/3130/3102 
f 4330/4442/4414 3722/3799/3771 3952/4032/4004 
f 4331/4443/4415 4326/4438/4410 2559/2625/2597 
f 3869/3949/3921 3800/3880/3852 4331/4443/4415 
f 4329/4441/4413 4326/4438/4410 4331/4443/4415 
f 4329/4441/4413 4331/4443/4415 3800/3880/3852 
f 4331/4443/4415 2559/2625/2597 4332/4444/4416 
f 3869/3949/3921 4331/4443/4415 4332/4444/4416 
f 4332/4444/4416 2559/2625/2597 2558/2624/2596 
f 4333/4445/4417 3870/3950/3922 3869/3949/3921 
f 4333/4445/4417 3869/3949/3921 4332/4444/4416 
f 4332/4444/4416 2558/2624/2596 4333/4445/4417 
f 4333/4445/4417 2558/2624/2596 2557/2623/2595 
f 4334/4446/4418 3870/3950/3922 4333/4445/4417 
f 4333/4445/4417 2557/2623/2595 4334/4446/4418 
f 4335/4447/4419 2940/3006/2978 3412/3483/3455 
f 4334/4446/4418 4335/4447/4419 3870/3950/3922 
f 4335/4447/4419 3412/3483/3455 3411/3482/3454 
f 4335/4447/4419 3411/3482/3454 3870/3950/3922 
f 3904/3984/3956 2940/3006/2978 4336/4448/4420 
f 4335/4447/4419 4336/4448/4420 2940/3006/2978 
f 3905/3985/3957 3904/3984/3956 4336/4448/4420 
f 3905/3985/3957 4336/4448/4420 4337/4449/4421 
f 4337/4449/4421 4335/4447/4419 4334/4446/4418 
f 4337/4449/4421 4336/4448/4420 4335/4447/4419 
f 4334/4446/4418 4338/4450/4422 4337/4449/4421 
f 2557/2623/2595 3145/3213/3185 4338/4450/4422 
f 4334/4446/4418 2557/2623/2595 4338/4450/4422 
f 4337/4449/4421 4338/4450/4422 4339/4451/4423 
f 4339/4451/4423 4338/4450/4422 3145/3213/3185 
f 4337/4449/4421 4339/4451/4423 3905/3985/3957 
f 4340/4452/4424 3902/3982/3954 3905/3985/3957 
f 4340/4452/4424 3905/3985/3957 4339/4451/4423 
f 4339/4451/4423 3145/3213/3185 4341/4453/4425 
f 4341/4453/4425 3144/3212/3184 3212/3280/3252 
f 4341/4453/4425 3145/3213/3185 3144/3212/3184 
f 4339/4451/4423 4341/4453/4425 4342/4454/4426 
f 4339/4451/4423 4342/4454/4426 4340/4452/4424 
f 4343/4455/4427 4340/4452/4424 4342/4454/4426 
f 4344/4456/4428 3903/3983/3955 3902/3982/3954 
f 4344/4456/4428 3902/3982/3954 4340/4452/4424 
f 4343/4455/4427 4344/4456/4428 4340/4452/4424 
f 4341/4453/4425 4345/4457/4429 4342/4454/4426 
f 4341/4453/4425 3212/3280/3252 4345/4457/4429 
f 4345/4457/4429 3212/3280/3252 3211/3279/3251 
f 4342/4454/4426 4346/4458/4430 4343/4455/4427 
f 4342/4454/4426 4345/4457/4429 4346/4458/4430 
f 4347/4459/4431 3484/3558/3530 3479/3553/3525 
f 4346/4458/4430 4348/4460/4432 4343/4455/4427 
f 4347/4459/4431 3479/3553/3525 4348/4460/4432 
f 4346/4458/4430 4347/4459/4431 4348/4460/4432 
f 4348/4460/4432 4344/4456/4428 4343/4455/4427 
f 4348/4460/4432 3479/3553/3525 3480/3554/3526 
f 4345/4457/4429 3211/3279/3251 4349/4461/4433 
f 4349/4461/4433 3733/3810/3782 3729/3806/3778 
f 4349/4461/4433 3211/3279/3251 3733/3810/3782 
f 3729/3806/3778 3728/3805/3777 4350/4462/4434 
f 4350/4462/4434 4347/4459/4431 4346/4458/4430 
f 4345/4457/4429 4350/4462/4434 4346/4458/4430 
f 4345/4457/4429 4349/4461/4433 4350/4462/4434 
f 3729/3806/3778 4350/4462/4434 4349/4461/4433 
f 4350/4462/4434 4351/4463/4435 4347/4459/4431 
f 4351/4463/4435 4350/4462/4434 3728/3805/3777 
f 4351/4463/4435 3484/3558/3530 4347/4459/4431 
f 4351/4463/4435 4352/4464/4436 3484/3558/3530 
f 3475/3549/3521 3484/3558/3530 4352/4464/4436 
f 4353/4465/4437 4352/4464/4436 4351/4463/4435 
f 4351/4463/4435 3728/3805/3777 4353/4465/4437 
f 4353/4465/4437 4354/4466/4438 4352/4464/4436 
f 3475/3549/3521 4352/4464/4436 4355/4467/4439 
f 4354/4466/4438 4356/4468/4440 4355/4467/4439 
f 4354/4466/4438 4355/4467/4439 4352/4464/4436 
f 3474/3548/3520 3475/3549/3521 4355/4467/4439 
f 4357/4469/4441 3728/3805/3777 3727/3804/3776 
f 4357/4469/4441 4353/4465/4437 3728/3805/3777 
f 4353/4465/4437 4358/4470/4442 4354/4466/4438 
f 4353/4465/4437 4357/4469/4441 4358/4470/4442 
f 4359/4471/4443 4354/4466/4438 4358/4470/4442 
f 4359/4471/4443 4356/4468/4440 4354/4466/4438 
f 4360/4472/4444 3682/3759/3731 2957/3023/2995 
f 4360/4472/4444 4356/4468/4440 4359/4471/4443 
f 4359/4471/4443 3682/3759/3731 4360/4472/4444 
f 4361/4473/4445 4355/4467/4439 4356/4468/4440 
f 4360/4472/4444 4361/4473/4445 4356/4468/4440 
f 4362/4474/4446 4358/4470/4442 4357/4469/4441 
f 4363/4475/4447 2604/2670/2642 2328/2389/2361 
f 4358/4470/4442 4363/4475/4447 4359/4471/4443 
f 4359/4471/4443 4363/4475/4447 3682/3759/3731 
f 4358/4470/4442 4362/4474/4446 4363/4475/4447 
f 4363/4475/4447 2328/2389/2361 3682/3759/3731 
f 4363/4475/4447 4362/4474/4446 4364/4476/4448 
f 2604/2670/2642 4364/4476/4448 2673/2739/2711 
f 4363/4475/4447 4364/4476/4448 2604/2670/2642 
f 4365/4477/4449 4357/4469/4441 3727/3804/3776 
f 4365/4477/4449 3727/3804/3776 3732/3809/3781 
f 3732/3809/3781 2673/2739/2711 4365/4477/4449 
f 4365/4477/4449 4364/4476/4448 4362/4474/4446 
f 4365/4477/4449 2673/2739/2711 4364/4476/4448 
f 4362/4474/4446 4357/4469/4441 4365/4477/4449 
f 4361/4473/4445 4366/4478/4450 4355/4467/4439 
f 3474/3548/3520 4355/4467/4439 4366/4478/4450 
f 3110/3178/3150 3474/3548/3520 4366/4478/4450 
f 3112/3180/3152 3110/3178/3150 4366/4478/4450 
f 3112/3180/3152 4366/4478/4450 4361/4473/4445 
f 3920/4000/3972 3112/3180/3152 4367/4479/4451 
f 4360/4472/4444 2957/3023/2995 4367/4479/4451 
f 4361/4473/4445 4360/4472/4444 4367/4479/4451 
f 4367/4479/4451 2953/3019/2991 3920/4000/3972 
f 4367/4479/4451 2957/3023/2995 2953/3019/2991 
f 4361/4473/4445 4367/4479/4451 3112/3180/3152 
f 4368/4480/4452 3903/3983/3955 4344/4456/4428 
f 4348/4460/4432 3480/3554/3526 4368/4480/4452 
f 4348/4460/4432 4368/4480/4452 4344/4456/4428 
f 3803/3883/3855 3208/3276/3248 4369/4481/4453 
f 4369/4481/4453 3480/3554/3526 3478/3552/3524 
f 4369/4481/4453 3478/3552/3524 3803/3883/3855 
f 4369/4481/4453 3208/3276/3248 2548/2614/2586 
f 3480/3554/3526 4370/4482/4454 4368/4480/4452 
f 4370/4482/4454 2548/2614/2586 2547/2613/2585 
f 4370/4482/4454 2547/2613/2585 3903/3983/3955 
f 4369/4481/4453 2548/2614/2586 4370/4482/4454 
f 3480/3554/3526 4369/4481/4453 4370/4482/4454 
f 4368/4480/4452 4370/4482/4454 3903/3983/3955 
f 4371/4483/4455 2818/2884/2856 2817/2883/2855 
f 4371/4483/4455 3154/3222/3194 2818/2884/2856 
f 4371/4483/4455 2817/2883/2855 4320/4432/4404 
f 4320/4432/4404 3188/3256/3228 4371/4483/4455 
f 4371/4483/4455 3188/3256/3228 3192/3260/3232 
f 4371/4483/4455 4372/4484/4456 3154/3222/3194 
f 4372/4484/4456 3192/3260/3232 3507/3581/3553 
f 4371/4483/4455 3192/3260/3232 4372/4484/4456 
f 4372/4484/4456 3507/3581/3553 3506/3580/3552 
f 4372/4484/4456 4373/4485/4457 3154/3222/3194 
f 4373/4485/4457 3506/3580/3552 2400/2461/2433 
f 4372/4484/4456 3506/3580/3552 4373/4485/4457 
f 3046/3112/3084 4373/4485/4457 2401/2462/2434 
f 4373/4485/4457 2400/2461/2433 2401/2462/2434 
f 4374/4486/4458 3154/3222/3194 4373/4485/4457 
f 4374/4486/4458 3155/3223/3195 3154/3222/3194 
f 3046/3112/3084 4374/4486/4458 4373/4485/4457 
f 3355/3425/3397 3201/3269/3241 4375/4487/4459 
f 3046/3112/3084 3045/3111/3083 4375/4487/4459 
f 3046/3112/3084 4375/4487/4459 4374/4486/4458 
f 4375/4487/4459 3201/3269/3241 3155/3223/3195 
f 4375/4487/4459 3155/3223/3195 4374/4486/4458 
f 4375/4487/4459 3045/3111/3083 3044/3110/3082 
f 4375/4487/4459 3044/3110/3082 3210/3278/3250 
f 3355/3425/3397 4375/4487/4459 3210/3278/3250 
f 4312/4424/4396 4307/4419/4391 4376/4488/4460 
f 4376/4488/4460 3810/3890/3862 3809/3889/3861 
f 4376/4488/4460 3809/3889/3861 4312/4424/4396 
f 4307/4419/4391 4302/4414/4386 4377/4489/4461 
f 4376/4488/4460 4307/4419/4391 4377/4489/4461 
f 4378/4490/4462 3810/3890/3862 4376/4488/4460 
f 4376/4488/4460 4377/4489/4461 4378/4490/4462 
f 4379/4491/4463 3353/3421/3393 3810/3890/3862 
f 4379/4491/4463 3601/3677/3649 3353/3421/3393 
f 3579/3655/3627 3601/3677/3649 4379/4491/4463 
f 4378/4490/4462 4379/4491/4463 3810/3890/3862 
f 4379/4491/4463 4380/4492/4464 3579/3655/3627 
f 4379/4491/4463 4378/4490/4462 4380/4492/4464 
f 4378/4490/4462 4377/4489/4461 4381/4493/4465 
f 4378/4490/4462 4381/4493/4465 4380/4492/4464 
f 4382/4494/4466 3027/3093/3065 3023/3089/3061 
f 4380/4492/4464 4381/4493/4465 4382/4494/4466 
f 4383/4495/4467 3579/3655/3627 4380/4492/4464 
f 4383/4495/4467 4382/4494/4466 3023/3089/3061 
f 4383/4495/4467 3023/3089/3061 3022/3088/3060 
f 3022/3088/3060 3580/3656/3628 4383/4495/4467 
f 4383/4495/4467 3580/3656/3628 3579/3655/3627 
f 4380/4492/4464 4382/4494/4466 4383/4495/4467 
f 4384/4496/4468 4377/4489/4461 4302/4414/4386 
f 4302/4414/4386 4298/4410/4382 4384/4496/4468 
f 4384/4496/4468 4381/4493/4465 4377/4489/4461 
f 4384/4496/4468 4298/4410/4382 2394/2455/2427 
f 4381/4493/4465 4385/4497/4469 4382/4494/4466 
f 4385/4497/4469 2393/2454/2426 3027/3093/3065 
f 4382/4494/4466 4385/4497/4469 3027/3093/3065 
f 4384/4496/4468 2394/2455/2427 4385/4497/4469 
f 4381/4493/4465 4384/4496/4468 4385/4497/4469 
f 4385/4497/4469 2394/2455/2427 2393/2454/2426 
f 1175/1175/1175 1178/1178/1178 4386/4498/4470 
f 1175/1175/1175 4386/4498/4470 3346/3414/3386 
f 1207/1207/1207 4386/4498/4470 1178/1178/1178 
f 3535/3609/3581 3346/3414/3386 4386/4498/4470 
f 2987/3053/3025 2763/2829/2801 4387/4499/4471 
f 3535/3609/3581 4387/4499/4471 3533/3607/3579 
f 1207/1207/1207 4387/4499/4471 4386/4498/4470 
f 2987/3053/3025 4387/4499/4471 1207/1207/1207 
f 3533/3607/3579 4387/4499/4471 2763/2829/2801 
f 3535/3609/3581 4386/4498/4470 4387/4499/4471 
f 3849/3929/3901 3868/3948/3920 4388/4500/4472 
f 4388/4500/4472 3536/3610/3582 3849/3929/3901 
f 4388/4500/4472 3535/3609/3581 3536/3610/3582 
f 4388/4500/4472 3868/3948/3920 3341/3409/3381 
f 4388/4500/4472 3341/3409/3381 3346/3414/3386 
f 3535/3609/3581 4388/4500/4472 3346/3414/3386 
f 2653/2719/2691 3575/3651/3623 4389/4501/4473 
f 4389/4501/4473 2594/2660/2632 2593/2659/2631 
f 4389/4501/4473 3575/3651/3623 2594/2660/2632 
f 2657/2723/2695 2653/2719/2691 4389/4501/4473 
f 4389/4501/4473 2598/2664/2636 2657/2723/2695 
f 4389/4501/4473 2593/2659/2631 2598/2664/2636 
f 3751/3828/3800 4390/4502/4474 3946/4026/3998 
f 3236/3304/3276 4390/4502/4474 3751/3828/3800 
f 4390/4502/4474 3689/3766/3738 3600/3676/3648 
f 3236/3304/3276 3689/3766/3738 4390/4502/4474 
f 3946/4026/3998 4390/4502/4474 4391/4503/4475 
f 4391/4503/4475 2912/2978/2950 2917/2983/2955 
f 4390/4502/4474 3600/3676/3648 4391/4503/4475 
f 4391/4503/4475 3600/3676/3648 2912/2978/2950 
f 3946/4026/3998 4391/4503/4475 4392/4504/4476 
f 4392/4504/4476 4391/4503/4475 2917/2983/2955 
f 2852/2918/2890 3945/4025/3997 4393/4505/4477 
f 3946/4026/3998 4392/4504/4476 4393/4505/4477 
f 3946/4026/3998 4393/4505/4477 3945/4025/3997 
f 4394/4506/4478 2484/2550/2522 2483/2549/2521 
f 4392/4504/4476 2917/2983/2955 4394/4506/4478 
f 2484/2550/2522 4394/4506/4478 2917/2983/2955 
f 4394/4506/4478 2483/2549/2521 4395/4507/4479 
f 4392/4504/4476 4394/4506/4478 4395/4507/4479 
f 4392/4504/4476 4395/4507/4479 4393/4505/4477 
f 4393/4505/4477 4396/4508/4480 2852/2918/2890 
f 4396/4508/4480 2853/2919/2891 2852/2918/2890 
f 4396/4508/4480 4395/4507/4479 2483/2549/2521 
f 4393/4505/4477 4395/4507/4479 4396/4508/4480 
f 4396/4508/4480 4397/4509/4481 2853/2919/2891 
f 4397/4509/4481 2946/3012/2984 2857/2923/2895 
f 4397/4509/4481 2857/2923/2895 2853/2919/2891 
f 4398/4510/4482 2486/2552/2524 3125/3193/3165 
f 4398/4510/4482 2483/2549/2521 2486/2552/2524 
f 4398/4510/4482 4397/4509/4481 4396/4508/4480 
f 4396/4508/4480 2483/2549/2521 4398/4510/4482 
f 4399/4511/4483 2946/3012/2984 4397/4509/4481 
f 4398/4510/4482 4399/4511/4483 4397/4509/4481 
f 4399/4511/4483 3125/3193/3165 3127/3195/3167 
f 4399/4511/4483 4398/4510/4482 3125/3193/3165 
f 4399/4511/4483 4400/4512/4484 2946/3012/2984 
f 2947/3013/2985 2946/3012/2984 4400/4512/4484 
f 3127/3195/3167 4400/4512/4484 4399/4511/4483 
f 3127/3195/3167 4401/4513/4485 4400/4512/4484 
f 4401/4513/4485 3127/3195/3167 3126/3194/3166 
f 4401/4513/4485 3126/3194/3166 3691/3768/3740 
f 3691/3768/3740 4402/4514/4486 4401/4513/4485 
f 3691/3768/3740 3690/3767/3739 4402/4514/4486 
f 4401/4513/4485 4402/4514/4486 4403/4515/4487 
f 4401/4513/4485 4403/4515/4487 4400/4512/4484 
f 2947/3013/2985 4400/4512/4484 4403/4515/4487 
f 4402/4514/4486 4404/4516/4488 4403/4515/4487 
f 3232/3300/3272 2947/3013/2985 4405/4517/4489 
f 4403/4515/4487 4405/4517/4489 2947/3013/2985 
f 4403/4515/4487 4404/4516/4488 4405/4517/4489 
f 4406/4518/4490 4402/4514/4486 3690/3767/3739 
f 4406/4518/4490 3690/3767/3739 3693/3770/3742 
f 4402/4514/4486 4406/4518/4490 4404/4516/4488 
f 3693/3770/3742 4407/4519/4491 4406/4518/4490 
f 4406/4518/4490 4408/4520/4492 4404/4516/4488 
f 4406/4518/4490 4407/4519/4491 4408/4520/4492 
f 3693/3770/3742 4409/4521/4493 4407/4519/4491 
f 4409/4521/4493 4410/4522/4494 4407/4519/4491 
f 4409/4521/4493 3369/3440/3412 4410/4522/4494 
f 4411/4523/4495 3369/3440/3412 4409/4521/4493 
f 3693/3770/3742 4411/4523/4495 4409/4521/4493 
f 3693/3770/3742 3694/3771/3743 4411/4523/4495 
f 4411/4523/4495 3370/3441/3413 3369/3440/3412 
f 3694/3771/3743 4412/4524/4496 4411/4523/4495 
f 4412/4524/4496 2346/2407/2379 3370/3441/3413 
f 2344/2405/2377 2346/2407/2379 4412/4524/4496 
f 3694/3771/3743 2781/2847/2819 4412/4524/4496 
f 2781/2847/2819 2831/2897/2869 4412/4524/4496 
f 2344/2405/2377 4412/4524/4496 2831/2897/2869 
f 4412/4524/4496 3370/3441/3413 4411/4523/4495 
f 4413/4525/4497 3687/3764/3736 3686/3763/3735 
f 3369/3440/3412 3372/3443/3415 4413/4525/4497 
f 3372/3443/3415 3687/3764/3736 4413/4525/4497 
f 3369/3440/3412 4413/4525/4497 4410/4522/4494 
f 4410/4522/4494 4413/4525/4497 4414/4526/4498 
f 4413/4525/4497 3686/3763/3735 4414/4526/4498 
f 4414/4526/4498 3686/3763/3735 2444/2508/2480 
f 4414/4526/4498 2444/2508/2480 3322/3390/3362 
f 4415/4527/4499 4414/4526/4498 3322/3390/3362 
f 4415/4527/4499 4408/4520/4492 4407/4519/4491 
f 4415/4527/4499 4407/4519/4491 4410/4522/4494 
f 3323/3391/3363 4408/4520/4492 4415/4527/4499 
f 4415/4527/4499 3322/3390/3362 3323/3391/3363 
f 4410/4522/4494 4414/4526/4498 4415/4527/4499 
f 4404/4516/4488 4408/4520/4492 4416/4528/4500 
f 4416/4528/4500 3232/3300/3272 4405/4517/4489 
f 4404/4516/4488 4416/4528/4500 4405/4517/4489 
f 3323/3391/3363 4416/4528/4500 4408/4520/4492 
f 3296/3364/3336 3232/3300/3272 4417/4529/4501 
f 3321/3389/3361 3296/3364/3336 4417/4529/4501 
f 4416/4528/4500 4417/4529/4501 3232/3300/3272 
f 3323/3391/3363 4417/4529/4501 4416/4528/4500 
f 3323/3391/3363 3321/3389/3361 4417/4529/4501 
f 3939/4019/3991 4418/4530/4502 2723/2789/2761 
f 3937/4017/3989 4418/4530/4502 3939/4019/3991 
f 3937/4017/3989 4419/4531/4503 4418/4530/4502 
f 4419/4531/4503 3937/4017/3989 3512/3586/3558 
f 4419/4531/4503 3512/3586/3558 3514/3588/3560 
f 3514/3588/3560 2303/2364/2336 4419/4531/4503 
f 4419/4531/4503 2303/2364/2336 2305/2366/2338 
f 4419/4531/4503 2305/2366/2338 4418/4530/4502 
f 4418/4530/4502 2305/2366/2338 4420/4532/4504 
f 4418/4530/4502 4420/4532/4504 2723/2789/2761 
f 2721/2787/2759 2723/2789/2761 4420/4532/4504 
f 2305/2366/2338 2302/2363/2335 4421/4533/4505 
f 2305/2366/2338 4421/4533/4505 4420/4532/4504 
f 4420/4532/4504 4421/4533/4505 4422/4534/4506 
f 4423/4535/4507 4422/4534/4506 4179/4281/4253 
f 4420/4532/4504 4422/4534/4506 4423/4535/4507 
f 2721/2787/2759 4420/4532/4504 4423/4535/4507 
f 4423/4535/4507 4179/4281/4253 3629/3705/3677 
f 3629/3705/3677 2721/2787/2759 4423/4535/4507 
f 4421/4533/4505 4424/4536/4508 4425/4537/4509 
f 4421/4533/4505 4425/4537/4509 4422/4534/4506 
f 4421/4533/4505 4426/4538/4510 4424/4536/4508 
f 4421/4533/4505 2302/2363/2335 4426/4538/4510 
f 3806/3886/3858 4426/4538/4510 2302/2363/2335 
f 3806/3886/3858 3883/3963/3935 4426/4538/4510 
f 4426/4538/4510 3883/3963/3935 4427/4539/4511 
f 4427/4539/4511 3883/3963/3935 2776/2842/2814 
f 4426/4538/4510 4427/4539/4511 4424/4536/4508 
f 4428/4540/4512 2776/2842/2814 2775/2841/2813 
f 4427/4539/4511 2776/2842/2814 4428/4540/4512 
f 4429/4541/4513 2995/3061/3033 2999/3065/3037 
f 4427/4539/4511 4428/4540/4512 4429/4541/4513 
f 4429/4541/4513 3498/3572/3544 2995/3061/3033 
f 4427/4539/4511 4429/4541/4513 4430/4542/4514 
f 4430/4542/4514 4429/4541/4513 2999/3065/3037 
f 4430/4542/4514 4425/4537/4509 4424/4536/4508 
f 4430/4542/4514 4424/4536/4508 4427/4539/4511 
f 4431/4543/4515 2998/3064/3036 2221/2282/2254 
f 4431/4543/4515 4425/4537/4509 4430/4542/4514 
f 4430/4542/4514 2999/3065/3037 4431/4543/4515 
f 4431/4543/4515 2999/3065/3037 2998/3064/3036 
f 4432/4544/4516 2221/2282/2254 2219/2280/2252 
f 4432/4544/4516 4431/4543/4515 2221/2282/2254 
f 4432/4544/4516 2218/2279/2251 4179/4281/4253 
f 4431/4543/4515 4432/4544/4516 4425/4537/4509 
f 4432/4544/4516 2219/2280/2252 2218/2279/2251 
f 4432/4544/4516 4422/4534/4506 4425/4537/4509 
f 4432/4544/4516 4179/4281/4253 4422/4534/4506 
f 3124/3192/3164 3498/3572/3544 4433/4545/4517 
f 4428/4540/4512 2775/2841/2813 4433/4545/4517 
f 4433/4545/4517 2775/2841/2813 2779/2845/2817 
f 4433/4545/4517 2779/2845/2817 3124/3192/3164 
f 4433/4545/4517 3498/3572/3544 4429/4541/4513 
f 4433/4545/4517 4429/4541/4513 4428/4540/4512 
f 3830/3910/3882 4434/4546/4518 3935/4015/3987 
f 3831/3911/3883 3293/3361/3333 4434/4546/4518 
f 3293/3361/3333 3739/3816/3788 4434/4546/4518 
f 4434/4546/4518 3738/3815/3787 3935/4015/3987 
f 3830/3910/3882 3831/3911/3883 4434/4546/4518 
f 4434/4546/4518 3739/3816/3788 3738/3815/3787 
f 4435/4547/4519 3931/4011/3983 3932/4012/3984 
f 4435/4547/4519 4436/4548/4520 3931/4011/3983 
f 4436/4548/4520 3908/3988/3960 3931/4011/3983 
f 4436/4548/4520 3909/3989/3961 3908/3988/3960 
f 4437/4549/4521 3603/3679/3651 3602/3678/3650 
f 3930/4010/3982 4438/4550/4522 3932/4012/3984 
f 3930/4010/3982 4437/4549/4521 4438/4550/4522 
f 3602/3678/3650 3604/3680/3652 4438/4550/4522 
f 3602/3678/3650 4438/4550/4522 4437/4549/4521 
f 3932/4012/3984 4438/4550/4522 4439/4551/4523 
f 3932/4012/3984 4439/4551/4523 4435/4547/4519 
f 4440/4552/4524 4435/4547/4519 4439/4551/4523 
f 4441/4553/4525 2936/3002/2974 2935/3001/2973 
f 4441/4553/4525 4436/4548/4520 4435/4547/4519 
f 4441/4553/4525 4440/4552/4524 2936/3002/2974 
f 4440/4552/4524 4441/4553/4525 4435/4547/4519 
f 4438/4550/4522 4442/4554/4526 4439/4551/4523 
f 4442/4554/4526 3194/3262/3234 3092/3160/3132 
f 4438/4550/4522 3604/3680/3652 4442/4554/4526 
f 3604/3680/3652 3194/3262/3234 4442/4554/4526 
f 4439/4551/4523 4442/4554/4526 4443/4555/4527 
f 4442/4554/4526 3092/3160/3132 4443/4555/4527 
f 4443/4555/4527 3092/3160/3132 3089/3157/3129 
f 4439/4551/4523 4443/4555/4527 4440/4552/4524 
f 4443/4555/4527 3089/3157/3129 4444/4556/4528 
f 3088/3156/3128 3737/3814/3786 4444/4556/4528 
f 4444/4556/4528 4440/4552/4524 4443/4555/4527 
f 4444/4556/4528 2936/3002/2974 4440/4552/4524 
f 3737/3814/3786 2936/3002/2974 4444/4556/4528 
f 3088/3156/3128 4444/4556/4528 3089/3157/3129 
f 3798/3878/3850 3914/3994/3966 4445/4557/4529 
f 4441/4553/4525 4445/4557/4529 4436/4548/4520 
f 4445/4557/4529 3909/3989/3961 4436/4548/4520 
f 2935/3001/2973 4445/4557/4529 4441/4553/4525 
f 2935/3001/2973 3798/3878/3850 4445/4557/4529 
f 4445/4557/4529 3914/3994/3966 3909/3989/3961 
f 4437/4549/4521 4446/4558/4530 3603/3679/3651 
f 3930/4010/3982 3929/4009/3981 4446/4558/4530 
f 3930/4010/3982 4446/4558/4530 4437/4549/4521 
f 3929/4009/3981 4447/4559/4531 4446/4558/4530 
f 3929/4009/3981 2425/2489/2461 4447/4559/4531 
f 3552/3628/3600 3603/3679/3651 4448/4560/4532 
f 4446/4558/4530 4448/4560/4532 3603/3679/3651 
f 4448/4560/4532 2913/2979/2951 3552/3628/3600 
f 4447/4559/4531 3545/3619/3591 4448/4560/4532 
f 4448/4560/4532 3545/3619/3591 2913/2979/2951 
f 4446/4558/4530 4447/4559/4531 4448/4560/4532 
f 4447/4559/4531 2425/2489/2461 4449/4561/4533 
f 2425/2489/2461 2424/2488/2460 4449/4561/4533 
f 2429/2493/2465 2574/2640/2612 4449/4561/4533 
f 2429/2493/2465 4449/4561/4533 2424/2488/2460 
f 2574/2640/2612 3545/3619/3591 4449/4561/4533 
f 4447/4559/4531 4449/4561/4533 3545/3619/3591 
f 2696/2762/2734 4450/4562/4534 3911/3991/3963 
f 2340/2401/2373 3911/3991/3963 4450/4562/4534 
f 2696/2762/2734 3887/3967/3939 4450/4562/4534 
f 4450/4562/4534 3887/3967/3939 2339/2400/2372 
f 4450/4562/4534 2339/2400/2372 2340/2401/2373 
f 4451/4563/4535 3838/3918/3890 3923/4003/3975 
f 2209/2270/2242 4451/4563/4535 3922/4002/3974 
f 4451/4563/4535 2209/2270/2242 2201/2262/2234 
f 4451/4563/4535 3923/4003/3975 3922/4002/3974 
f 2921/2987/2959 4452/4564/4536 3924/4004/3976 
f 4452/4564/4536 2209/2270/2242 3924/4004/3976 
f 4452/4564/4536 2204/2265/2237 2203/2264/2236 
f 2921/2987/2959 3532/3606/3578 4452/4564/4536 
f 4452/4564/4536 2203/2264/2236 2209/2270/2242 
f 3532/3606/3578 3546/3620/3592 4453/4565/4537 
f 3546/3620/3592 2578/2644/2616 4453/4565/4537 
f 4452/4564/4536 4453/4565/4537 2204/2265/2237 
f 3532/3606/3578 4453/4565/4537 4452/4564/4536 
f 4454/4566/4538 2521/2587/2559 2205/2266/2238 
f 4454/4566/4538 2205/2266/2238 2204/2265/2237 
f 4453/4565/4537 2578/2644/2616 4454/4566/4538 
f 4453/4565/4537 4454/4566/4538 2204/2265/2237 
f 2578/2644/2616 4455/4567/4539 4454/4566/4538 
f 4455/4567/4539 2522/2588/2560 2521/2587/2559 
f 4455/4567/4539 2521/2587/2559 4454/4566/4538 
f 2573/2639/2611 2428/2492/2464 4455/4567/4539 
f 2430/2494/2466 2522/2588/2560 4455/4567/4539 
f 2430/2494/2466 4455/4567/4539 2428/2492/2464 
f 2578/2644/2616 2573/2639/2611 4455/4567/4539 
f 4456/4568/4540 2201/2262/2234 2200/2261/2233 
f 4451/4563/4535 2201/2262/2234 4456/4568/4540 
f 4456/4568/4540 3119/3187/3159 3838/3918/3890 
f 4456/4568/4540 3838/3918/3890 4451/4563/4535 
f 4456/4568/4540 2200/2261/2233 4457/4569/4541 
f 4457/4569/4541 3120/3188/3160 3117/3185/3157 
f 4457/4569/4541 3119/3187/3159 4456/4568/4540 
f 4457/4569/4541 3117/3185/3157 3119/3187/3159 
f 4458/4570/4542 2264/2325/2297 3646/3722/3694 
f 4458/4570/4542 3646/3722/3694 3120/3188/3160 
f 2200/2261/2233 4458/4570/4542 4457/4569/4541 
f 4457/4569/4541 4458/4570/4542 3120/3188/3160 
f 2259/2320/2292 2264/2325/2297 4458/4570/4542 
f 2797/2863/2835 2259/2320/2292 4459/4571/4543 
f 4459/4571/4543 2199/2260/2232 2797/2863/2835 
f 2259/2320/2292 4458/4570/4542 4459/4571/4543 
f 4459/4571/4543 2200/2261/2233 2199/2260/2232 
f 2200/2261/2233 4459/4571/4543 4458/4570/4542 
f 2986/3052/3024 4460/4572/4544 3921/4001/3973 
f 3158/3226/3198 3760/3837/3809 4460/4572/4544 
f 2986/3052/3024 3158/3226/3198 4460/4572/4544 
f 3921/4001/3973 4461/4573/4545 3268/3336/3308 
f 3921/4001/3973 4460/4572/4544 4461/4573/4545 
f 4461/4573/4545 3269/3337/3309 3268/3336/3308 
f 4460/4572/4544 4462/4574/4546 4461/4573/4545 
f 4460/4572/4544 3760/3837/3809 4462/4574/4546 
f 4461/4573/4545 4462/4574/4546 4463/4575/4547 
f 4463/4575/4547 3316/3384/3356 3315/3383/3355 
f 4463/4575/4547 3320/3388/3360 3316/3384/3356 
f 4463/4575/4547 3315/3383/3355 4464/4576/4548 
f 4461/4573/4545 4463/4575/4547 4464/4576/4548 
f 4461/4573/4545 4464/4576/4548 3269/3337/3309 
f 4464/4576/4548 3270/3338/3310 3269/3337/3309 
f 4464/4576/4548 3315/3383/3355 3270/3338/3310 
f 4465/4577/4549 3760/3837/3809 2332/2393/2365 
f 4465/4577/4549 4462/4574/4546 3760/3837/3809 
f 2332/2393/2365 3886/3966/3938 4465/4577/4549 
f 4465/4577/4549 3886/3966/3938 3540/3614/3586 
f 4463/4575/4547 4466/4578/4550 3320/3388/3360 
f 4466/4578/4550 3540/3614/3586 2693/2759/2731 
f 4466/4578/4550 2693/2759/2731 3320/3388/3360 
f 4465/4577/4549 3540/3614/3586 4466/4578/4550 
f 4462/4574/4546 4465/4577/4549 4466/4578/4550 
f 4462/4574/4546 4466/4578/4550 4463/4575/4547 
f 1040/1040/1040 4467/4579/4551 1041/1041/1041 
f 3920/4000/3972 4467/4579/4551 3113/3181/3153 
f 1041/1041/1041 4467/4579/4551 3919/3999/3971 
f 3920/4000/3972 3919/3999/3971 4467/4579/4551 
f 1040/1040/1040 3113/3181/3153 4467/4579/4551 
f 4468/4580/4552 3582/3658/3630 3907/3987/3959 
f 3572/3648/3620 3458/3532/3504 4468/4580/4552 
f 3458/3532/3504 3581/3657/3629 4468/4580/4552 
f 4468/4580/4552 3581/3657/3629 3582/3658/3630 
f 4469/4581/4553 3573/3649/3621 3572/3648/3620 
f 3907/3987/3959 3906/3986/3958 4469/4581/4553 
f 3572/3648/3620 4468/4580/4552 4469/4581/4553 
f 4469/4581/4553 3677/3754/3726 3573/3649/3621 
f 3906/3986/3958 3677/3754/3726 4469/4581/4553 
f 3907/3987/3959 4469/4581/4553 4468/4580/4552 
f 2620/2686/2658 2619/2685/2657 4470/4582/4554 
f 4470/4582/4554 2641/2707/2679 2645/2711/2683 
f 2619/2685/2657 2641/2707/2679 4470/4582/4554 
f 3265/3333/3305 2620/2686/2658 4471/4583/4555 
f 2620/2686/2658 4470/4582/4554 4471/4583/4555 
f 3265/3333/3305 4471/4583/4555 3375/3446/3418 
f 4471/4583/4555 4470/4582/4554 4472/4584/4556 
f 4470/4582/4554 2645/2711/2683 4472/4584/4556 
f 2645/2711/2683 3872/3952/3924 4472/4584/4556 
f 4473/4585/4557 2549/2615/2587 3209/3277/3249 
f 4473/4585/4557 3875/3955/3927 2549/2615/2587 
f 3209/3277/3249 3375/3446/3418 4473/4585/4557 
f 3375/3446/3418 4471/4583/4555 4473/4585/4557 
f 3872/3952/3924 3875/3955/3927 4473/4585/4557 
f 4471/4583/4555 4472/4584/4556 4473/4585/4557 
f 3872/3952/3924 4473/4585/4557 4472/4584/4556 
f 4474/4586/4558 2705/2771/2743 2702/2768/2740 
f 3460/3534/3506 3570/3646/3618 4474/4586/4558 
f 3460/3534/3506 4474/4586/4558 3896/3976/3948 
f 4474/4586/4558 2702/2768/2740 3896/3976/3948 
f 4475/4587/4559 1167/1167/1167 2706/2772/2744 
f 4475/4587/4559 2705/2771/2743 4474/4586/4558 
f 3570/3646/3618 1185/1185/1185 4475/4587/4559 
f 3570/3646/3618 4475/4587/4559 4474/4586/4558 
f 4475/4587/4559 2706/2772/2744 2705/2771/2743 
f 3362/3432/3404 3781/3858/3830 4476/4588/4560 
f 4476/4588/4560 3893/3973/3945 3894/3974/3946 
f 4476/4588/4560 3894/3974/3946 3362/3432/3404 
f 3781/3858/3830 3780/3857/3829 4477/4589/4561 
f 4476/4588/4560 3781/3858/3830 4477/4589/4561 
f 3893/3973/3945 4476/4588/4560 4477/4589/4561 
f 4478/4590/4562 2716/2782/2754 3893/3973/3945 
f 4478/4590/4562 2718/2784/2756 2716/2782/2754 
f 3893/3973/3945 4477/4589/4561 4478/4590/4562 
f 4479/4591/4563 4477/4589/4561 3780/3857/3829 
f 4479/4591/4563 3780/3857/3829 3714/3791/3763 
f 3714/3791/3763 3712/3789/3761 4479/4591/4563 
f 4477/4589/4561 4479/4591/4563 4480/4592/4564 
f 4480/4592/4564 2718/2784/2756 4478/4590/4562 
f 4477/4589/4561 4480/4592/4564 4478/4590/4562 
f 4480/4592/4564 3493/3567/3539 2718/2784/2756 
f 4481/4593/4565 3712/3789/3761 3516/3590/3562 
f 3712/3789/3761 4481/4593/4565 4479/4591/4563 
f 4480/4592/4564 4479/4591/4563 4481/4593/4565 
f 4481/4593/4565 3516/3590/3562 3517/3591/3563 
f 4482/4594/4566 3493/3567/3539 4480/4592/4564 
f 4482/4594/4566 3494/3568/3540 3493/3567/3539 
f 4482/4594/4566 4481/4593/4565 3517/3591/3563 
f 4482/4594/4566 3517/3591/3563 3520/3594/3566 
f 3520/3594/3566 3494/3568/3540 4482/4594/4566 
f 4480/4592/4564 4481/4593/4565 4482/4594/4566 
f 3519/3593/3565 4483/4595/4567 3520/3594/3566 
f 3519/3593/3565 4032/4114/4086 4483/4595/4567 
f 3495/3569/3541 4483/4595/4567 4032/4114/4086 
f 3495/3569/3541 3494/3568/3540 4483/4595/4567 
f 3520/3594/3566 4483/4595/4567 3494/3568/3540 
f 3890/3970/3942 4484/4596/4568 3526/3600/3572 
f 3669/3745/3717 4484/4596/4568 3890/3970/3942 
f 3669/3745/3717 3672/3749/3721 4484/4596/4568 
f 4485/4597/4569 3672/3749/3721 3671/3747/3719 
f 3672/3749/3721 4485/4597/4569 4486/4598/4570 
f 3672/3749/3721 4486/4598/4570 4484/4596/4568 
f 4484/4596/4568 4486/4598/4570 4487/4599/4571 
f 3408/3479/3451 3526/3600/3572 4487/4599/4571 
f 4484/4596/4568 4487/4599/4571 3526/3600/3572 
f 4488/4600/4572 4486/4598/4570 4485/4597/4569 
f 4488/4600/4572 2679/2745/2717 2685/2751/2723 
f 4486/4598/4570 4488/4600/4572 4489/4601/4573 
f 4486/4598/4570 4489/4601/4573 4487/4599/4571 
f 4487/4599/4571 4490/4602/4574 3408/3479/3451 
f 4487/4599/4571 4489/4601/4573 4490/4602/4574 
f 4491/4603/4575 3408/3479/3451 4490/4602/4574 
f 4491/4603/4575 3407/3478/3450 3408/3479/3451 
f 3026/3092/3064 3407/3478/3450 4491/4603/4575 
f 3024/3090/3062 3026/3092/3064 4491/4603/4575 
f 4492/4604/4576 4488/4600/4572 2685/2751/2723 
f 4492/4604/4576 4489/4601/4573 4488/4600/4572 
f 4489/4601/4573 4493/4605/4577 4490/4602/4574 
f 4489/4601/4573 4492/4604/4576 4493/4605/4577 
f 3024/3090/3062 4491/4603/4575 4494/4606/4578 
f 4490/4602/4574 4493/4605/4577 4494/4606/4578 
f 4494/4606/4578 3025/3091/3063 3024/3090/3062 
f 4490/4602/4574 4494/4606/4578 4491/4603/4575 
f 4495/4607/4579 4493/4605/4577 4492/4604/4576 
f 4493/4605/4577 4496/4608/4580 4494/4606/4578 
f 4494/4606/4578 4496/4608/4580 3025/3091/3063 
f 4493/4605/4577 4495/4607/4579 4496/4608/4580 
f 4495/4607/4579 4497/4609/4581 4496/4608/4580 
f 4495/4607/4579 3057/3124/3096 4497/4609/4581 
f 4496/4608/4580 4498/4610/4582 3025/3091/3063 
f 4496/4608/4580 4497/4609/4581 4498/4610/4582 
f 3021/3087/3059 3020/3086/3058 4499/4611/4583 
f 4499/4611/4583 3025/3091/3063 4498/4610/4582 
f 4499/4611/4583 3020/3086/3058 3025/3091/3063 
f 3057/3124/3096 3051/3123/3095 3862/4612/4584 
f 3057/3124/3096 3862/4612/4584 4497/4609/4581 
f 4497/4609/4581 4500/4613/4585 4498/4610/4582 
f 4497/4609/4581 3862/4612/4584 4500/4613/4585 
f 4498/4610/4582 4501/4614/4586 4499/4611/4583 
f 4498/4610/4582 4500/4613/4585 4501/4614/4586 
f 4502/4615/4587 4499/4611/4583 4501/4614/4586 
f 4502/4615/4587 2475/2541/2513 2473/2539/2511 
f 3021/3087/3059 4499/4611/4583 4503/4616/4588 
f 4502/4615/4587 2473/2539/2511 4503/4616/4588 
f 4503/4616/4588 2472/2538/2510 3021/3087/3059 
f 4502/4615/4587 4503/4616/4588 4499/4611/4583 
f 4503/4616/4588 2473/2539/2511 2472/2538/2510 
f 3862/3942/3914 3587/3663/3635 4500/4617/4589 
f 4500/4617/4589 3587/3663/3635 3586/3662/3634 
f 4501/4618/4590 3586/3662/3634 3584/3660/3632 
f 4500/4617/4589 3586/3662/3634 4501/4618/4590 
f 4501/4618/4590 3584/3660/3632 4502/4619/4591 
f 3584/3660/3632 2475/2541/2513 4502/4619/4591 
f 4504/4620/4592 2685/2751/2723 2684/2750/2722 
f 2684/2750/2722 3058/3125/3097 4504/4620/4592 
f 4495/4607/4579 4492/4604/4576 4504/4620/4592 
f 4504/4620/4592 3058/3125/3097 3057/3124/3096 
f 4504/4620/4592 3057/3124/3096 4495/4607/4579 
f 4504/4620/4592 4492/4604/4576 2685/2751/2723 
f 4505/4621/4593 3026/3092/3064 3027/3093/3065 
f 3026/3092/3064 4505/4621/4593 3407/3478/3450 
f 2393/2454/2426 3770/3847/3819 4505/4621/4593 
f 4505/4621/4593 3770/3847/3819 3403/3474/3446 
f 4505/4621/4593 3403/3474/3446 3407/3478/3450 
f 4505/4621/4593 3027/3093/3065 2393/2454/2426 
f 4506/4622/4594 2680/2746/2718 2679/2745/2717 
f 4488/4600/4572 4506/4622/4594 2679/2745/2717 
f 4488/4600/4572 4485/4597/4569 4506/4622/4594 
f 4506/4622/4594 4485/4597/4569 4507/4623/4595 
f 4485/4597/4569 3671/3747/3719 4507/4623/4595 
f 4507/4623/4595 3671/3747/3719 3548/3748/3720 
f 4506/4622/4594 4507/4623/4595 4508/4624/4596 
f 4506/4622/4594 4508/4624/4596 2680/2746/2718 
f 4507/4623/4595 3548/3748/3720 4509/4625/4597 
f 4508/4624/4596 4507/4623/4595 4509/4625/4597 
f 4510/4626/4598 2680/2746/2718 4508/4624/4596 
f 4508/4624/4596 4509/4625/4597 4510/4626/4598 
f 4510/4626/4598 4511/4627/4599 2680/2746/2718 
f 4511/4628/4600 3470/3544/3516 3469/3543/3515 
f 4511/4628/4600 4510/4629/4601 3470/3544/3516 
f 4512/4630/4602 3469/3543/3515 3398/3469/3441 
f 3469/3543/3515 4512/4630/4602 4513/4631/4603 
f 3469/3543/3515 4513/4631/4603 4511/4628/4600 
f 4513/4632/4604 2681/2747/2719 2680/2746/2718 
f 4513/4632/4604 2680/2746/2718 4511/4627/4599 
f 3298/3366/3338 2681/2747/2719 4513/4632/4604 
f 4513/4631/4603 4512/4630/4602 4514/4633/4605 
f 3703/3780/3752 3298/4634/4606 4514/4633/4605 
f 3703/3780/3752 3055/3121/3093 3298/4634/4606 
f 4513/4631/4603 4514/4633/4605 3298/4634/4606 
f 4512/4630/4602 3398/3469/3441 4515/4635/4607 
f 4512/4630/4602 4516/4636/4608 4514/4633/4605 
f 4516/4636/4608 3703/3780/3752 4514/4633/4605 
f 4512/4630/4602 4515/4635/4607 4516/4636/4608 
f 4516/4636/4608 4517/4637/4609 3703/3780/3752 
f 4517/4637/4609 3864/3944/3916 3702/3779/3751 
f 4517/4637/4609 3702/3779/3751 3703/3780/3752 
f 4517/4637/4609 4516/4636/4608 4518/4638/4610 
f 4517/4637/4609 4518/4638/4610 4519/4639/4611 
f 4519/4639/4611 3864/3944/3916 4517/4637/4609 
f 4519/4639/4611 3865/3945/3917 3864/3944/3916 
f 4518/4638/4610 4520/4640/4612 4519/4639/4611 
f 4518/4638/4610 4521/4641/4613 4520/4640/4612 
f 4519/4639/4611 4520/4640/4612 4522/4642/4614 
f 2965/3031/3003 3865/3945/3917 4522/4642/4614 
f 4522/4642/4614 2966/3032/3004 2965/3031/3003 
f 4519/4639/4611 4522/4642/4614 3865/3945/3917 
f 4523/4643/4615 4520/4640/4612 4521/4641/4613 
f 4520/4640/4612 4523/4643/4615 4524/4644/4616 
f 4520/4640/4612 4524/4644/4616 4522/4642/4614 
f 4522/4642/4614 4524/4644/4616 2966/3032/3004 
f 4524/4644/4616 2969/3035/3007 2966/3032/3004 
f 4525/4645/4617 3840/3920/3892 3839/3919/3891 
f 4526/4646/4618 3588/3664/3636 2969/3035/3007 
f 4523/4643/4615 4525/4645/4617 4526/4646/4618 
f 4525/4645/4617 3839/3919/3891 4526/4646/4618 
f 4526/4646/4618 3839/3919/3891 3588/3664/3636 
f 4523/4643/4615 4526/4646/4618 4524/4644/4616 
f 4524/4644/4616 4526/4646/4618 2969/3035/3007 
f 4525/4645/4617 4523/4643/4615 4527/4647/4619 
f 4523/4643/4615 4521/4641/4613 4527/4647/4619 
f 4527/4647/4619 3384/3455/3427 3385/3456/3428 
f 4527/4647/4619 4521/4641/4613 3384/3455/3427 
f 4528/4648/4620 4527/4647/4619 3385/3456/3428 
f 4528/4648/4620 3840/3920/3892 4525/4645/4617 
f 4525/4645/4617 4527/4647/4619 4528/4648/4620 
f 4528/4648/4620 4529/4649/4621 3840/3920/3892 
f 2528/2594/2566 2194/2255/2227 4529/4649/4621 
f 4529/4649/4621 2194/2255/2227 3472/3546/3518 
f 4529/4649/4621 3472/3546/3518 3840/3920/3892 
f 4530/4650/4622 3386/3457/3429 3853/3933/3905 
f 4529/4649/4621 4530/4650/4622 2528/2594/2566 
f 4528/4648/4620 3385/3456/3428 4530/4650/4622 
f 4530/4650/4622 3385/3456/3428 3386/3457/3429 
f 4529/4649/4621 4528/4648/4620 4530/4650/4622 
f 3853/3933/3905 2528/2594/2566 4530/4650/4622 
f 4531/4651/4623 4518/4638/4610 4516/4636/4608 
f 4531/4651/4623 4516/4636/4608 4515/4635/4607 
f 3398/3469/3441 3380/3451/3423 4531/4651/4623 
f 3380/3451/3423 3384/3455/3427 4531/4651/4623 
f 4521/4641/4613 4531/4651/4623 3384/3455/3427 
f 3398/3469/3441 4531/4651/4623 4515/4635/4607 
f 4521/4641/4613 4518/4638/4610 4531/4651/4623 
f 4509/4652/4624 3548/3623/3595 2584/2650/2622 
f 4510/4629/4601 4509/4652/4624 4532/4653/4625 
f 4510/4629/4601 4532/4653/4625 3470/3544/3516 
f 4532/4653/4625 2584/2650/2622 2581/2647/2619 
f 4509/4652/4624 2584/2650/2622 4532/4653/4625 
f 4533/4654/4626 3397/3468/3440 3470/3544/3516 
f 3418/3489/3461 3397/3468/3440 4533/4654/4626 
f 4533/4654/4626 2580/2646/2618 3418/3489/3461 
f 4533/4654/4626 3470/3544/3516 4532/4653/4625 
f 4533/4654/4626 2581/2647/2619 2580/2646/2618 
f 4532/4653/4625 2581/2647/2619 4533/4654/4626 
f 2943/3009/2981 4534/4655/4627 2614/2680/2652 
f 4534/4655/4627 2615/2681/2653 2614/2680/2652 
f 4534/4655/4627 2943/3009/2981 2898/2964/2936 
f 4534/4655/4627 2898/2964/2936 2904/2970/2942 
f 2904/2970/2942 4535/4656/4628 4534/4655/4627 
f 4534/4655/4627 4535/4656/4628 2615/2681/2653 
f 2904/2970/2942 3766/3843/3815 4535/4656/4628 
f 4536/4657/4629 2615/2681/2653 4535/4656/4628 
f 3768/3845/3817 4536/4657/4629 3767/3844/3816 
f 3766/3843/3815 3767/3844/3816 4536/4657/4629 
f 3766/3843/3815 4536/4657/4629 4535/4656/4628 
f 4536/4657/4629 3792/3872/3844 3793/3873/3845 
f 3768/3845/3817 3792/3872/3844 4536/4657/4629 
f 4536/4657/4629 4537/4658/4630 2615/2681/2653 
f 4536/4657/4629 3793/3873/3845 4537/4658/4630 
f 4537/4658/4630 3793/3873/3845 3796/3876/3848 
f 4538/4659/4631 2617/2683/2655 2616/2682/2654 
f 4538/4659/4631 2616/2682/2654 2615/2681/2653 
f 4537/4658/4630 3796/3876/3848 4538/4659/4631 
f 4538/4659/4631 2615/2681/2653 4537/4658/4630 
f 2911/2977/2949 3704/3781/3753 4539/4660/4632 
f 4539/4660/4632 3704/3781/3753 3707/3784/3756 
f 4539/4660/4632 3707/3784/3756 2617/2683/2655 
f 3796/3876/3848 4539/4660/4632 4538/4659/4631 
f 3796/3876/3848 2911/2977/2949 4539/4660/4632 
f 4538/4659/4631 4539/4660/4632 2617/2683/2655 
f 3633/3709/3681 4540/4661/4633 3802/3882/3854 
f 3633/3709/3681 3632/3708/3680 4540/4661/4633 
f 3802/3882/3854 4540/4661/4633 4541/4662/4634 
f 3802/3882/3854 4541/4662/4634 3617/3693/3665 
f 4542/4663/4635 4540/4661/4633 3632/3708/3680 
f 4542/4663/4635 2660/2726/2698 2659/2725/2697 
f 4543/4664/4636 2659/2725/2697 2664/2730/2702 
f 4542/4663/4635 2659/2725/2697 4543/4664/4636 
f 4540/4661/4633 4542/4663/4635 4543/4664/4636 
f 4540/4661/4633 4543/4664/4636 4541/4662/4634 
f 4544/4665/4637 2664/2730/2702 3763/3840/3812 
f 4543/4664/4636 2664/2730/2702 4544/4665/4637 
f 4541/4662/4634 4543/4664/4636 4544/4665/4637 
f 4544/4665/4637 3763/3840/3812 3762/3839/3811 
f 4545/4666/4638 4544/4665/4637 3762/3839/3811 
f 4545/4666/4638 3762/3839/3811 3761/3838/3810 
f 4545/4666/4638 3016/3082/3054 3617/3693/3665 
f 4541/4662/4634 4544/4665/4637 4545/4666/4638 
f 4545/4666/4638 3617/3693/3665 4541/4662/4634 
f 3761/3838/3810 3016/3082/3054 4545/4666/4638 
f 4542/4663/4635 3632/3708/3680 4546/4667/4639 
f 4546/4667/4639 3108/3176/3148 2660/2726/2698 
f 4546/4667/4639 2660/2726/2698 4542/4663/4635 
f 4546/4667/4639 3632/3708/3680 3631/3707/3679 
f 4546/4667/4639 3109/3177/3149 3108/3176/3148 
f 4546/4667/4639 3631/3707/3679 4547/4668/4640 
f 3635/3711/3683 4547/4668/4640 3631/3707/3679 
f 4546/4667/4639 4547/4668/4640 3109/3177/3149 
f 3618/3694/3666 3106/3174/3146 4548/4669/4641 
f 3635/3711/3683 3618/3694/3666 4548/4669/4641 
f 4548/4669/4641 3106/3174/3146 3109/3177/3149 
f 4548/4669/4641 3109/3177/3149 4547/4668/4640 
f 3635/3711/3683 4548/4669/4641 4547/4668/4640 
f 4549/4670/4642 2991/3057/3029 2990/3056/3028 
f 3756/3833/3805 3755/3832/3804 4549/4670/4642 
f 3755/3832/3804 2318/2379/2351 4549/4670/4642 
f 4549/4670/4642 2318/2379/2351 3094/3162/3134 
f 3756/3833/3805 4549/4670/4642 2990/3056/3028 
f 4550/4671/4643 3509/3583/3555 2992/3058/3030 
f 4550/4671/4643 2992/3058/3030 2991/3057/3029 
f 3094/3162/3134 3509/3583/3555 4550/4671/4643 
f 4549/4670/4642 4550/4671/4643 2991/3057/3029 
f 4549/4670/4642 3094/3162/3134 4550/4671/4643 
f 3615/3691/3663 2254/4672/4644 2253/4070/4042 
f 3615/3691/3663 3612/3688/3660 2254/4672/4644 
f 3432/3506/3478 2254/4672/4644 3612/3688/3660 
f 2737/2803/2775 2736/2802/2774 4551/4673/4645 
f 2736/2802/2774 2506/2572/2544 4551/4673/4645 
f 4551/4673/4645 2997/3063/3035 3497/3571/3543 
f 4551/4673/4645 2506/2572/2544 2997/3063/3035 
f 3497/3571/3543 3122/3190/3162 4552/4674/4646 
f 3497/3571/3543 4552/4674/4646 4551/4673/4645 
f 2490/2556/2528 2737/2803/2775 4552/4674/4646 
f 3122/3190/3162 2490/2556/2528 4552/4674/4646 
f 2737/2803/2775 4551/4673/4645 4552/4674/4646 
f 3476/3550/3522 3111/3179/3151 4553/4675/4647 
f 4553/4675/4647 3111/3179/3151 1101/1101/1101 
f 4553/4675/4647 3325/3393/3365 3262/3330/3302 
f 4553/4675/4647 3262/3330/3302 3373/3444/3416 
f 3476/3550/3522 4553/4675/4647 3373/3444/3416 
f 4553/4675/4647 1101/1101/1101 3325/3393/3365 
f 2386/2447/2419 4554/4676/4648 2387/2448/2420 
f 2907/2973/2945 4554/4676/4648 2386/2447/2419 
f 2907/2973/2945 3795/3875/3847 4554/4676/4648 
f 3794/3874/3846 4554/4676/4648 3795/3875/3847 
f 4555/4677/4649 2247/2308/2280 2246/2307/2279 
f 2247/2308/2280 4555/4677/4649 2403/2464/2436 
f 4555/4677/4649 2246/2307/2279 2358/2419/2391 
f 4555/4677/4649 2358/2419/2391 2357/2418/2390 
f 3794/3874/3846 3913/3993/3965 4556/4678/4650 
f 2387/2448/2420 4554/4676/4648 4556/4678/4650 
f 4556/4678/4650 3018/3084/3056 2844/2910/2882 
f 4556/4678/4650 3913/3993/3965 3018/3084/3056 
f 2387/2448/2420 4556/4678/4650 2246/2307/2279 
f 3794/3874/3846 4556/4678/4650 4554/4676/4648 
f 2246/2307/2279 4556/4678/4650 2844/2910/2882 
f 2362/2423/2395 4557/4679/4651 2363/2424/2396 
f 4138/4237/4209 2363/2424/2396 4557/4679/4651 
f 2362/2423/2395 4558/4680/4652 4557/4679/4651 
f 4138/4237/4209 4557/4679/4651 4559/4681/4653 
f 4132/4228/4200 4135/4233/4205 4559/4681/4653 
f 4559/4681/4653 4557/4679/4651 4558/4680/4652 
f 4138/4237/4209 4559/4681/4653 4135/4233/4205 
f 4132/4228/4200 4559/4681/4653 4133/4229/4201 
f 4133/4229/4201 4559/4681/4653 4560/4682/4654 
f 4559/4681/4653 4558/4680/4652 4560/4682/4654 
f 4560/4682/4654 2357/2418/2390 2360/2421/2393 
f 4133/4229/4201 4560/4682/4654 2360/2421/2393 
f 1185/1185/1185 4561/4683/4655 4475/4587/4559 
f 1183/1183/1183 1169/1169/1169 4561/4683/4655 
f 1185/1185/1185 1183/1183/1183 4561/4683/4655 
f 1168/1168/1168 4561/4683/4655 1169/1169/1169 
f 4475/4587/4559 4561/4683/4655 1167/1167/1167 
f 1168/1168/1168 1167/1167/1167 4561/4683/4655 
f 4558/4680/4652 2362/2423/2395 4562/4684/4656 
f 4562/4684/4656 2364/2425/2397 2403/2464/2436 
f 4562/4684/4656 2362/2423/2395 2364/2425/2397 
f 4560/4682/4654 4562/4684/4656 2357/2418/2390 
f 4562/4684/4656 2403/2464/2436 4555/4677/4649 
f 4562/4684/4656 4555/4677/4649 2357/2418/2390 
f 4558/4680/4652 4562/4684/4656 4560/4682/4654 
# 0 polygons - 9120 triangles

#
# shape Text001
#

v  -65.0750 0.0000 -0.0000
v  -65.0750 16.0250 0.0000
v  -59.5645 16.0250 0.0000
v  -59.0495 16.0203 0.0000
v  -58.5705 16.0063 0.0000
v  -58.1276 15.9828 0.0000
v  -57.7208 15.9500 0.0000
v  -57.3501 15.9078 0.0000
v  -57.0154 15.8563 0.0000
v  -56.7168 15.7953 0.0000
v  -56.3322 15.6943 0.0000
v  -55.9641 15.5723 0.0000
v  -55.6124 15.4294 0.0000
v  -55.2773 15.2654 0.0000
v  -54.9586 15.0805 0.0000
v  -54.6564 14.8746 0.0000
v  -54.3707 14.6477 0.0000
v  -54.0220 14.3295 0.0000
v  -53.6994 13.9870 0.0000
v  -53.4029 13.6201 0.0000
v  -53.1324 13.2290 0.0000
v  -52.8880 12.8135 0.0000
v  -52.6696 12.3737 0.0000
v  -52.4773 11.9096 0.0000
v  -52.3109 11.4236 0.0000
v  -52.1701 10.9182 0.0000
v  -52.0548 10.3934 0.0000
v  -51.9652 9.8491 0.0000
v  -51.9012 9.2855 0.0000
v  -51.8628 8.7025 0.0000
v  -51.8500 8.1000 0.0000
v  -51.8587 7.5869 0.0000
v  -51.8848 7.0908 0.0000
v  -51.9282 6.6116 0.0000
v  -51.9890 6.1494 0.0000
v  -52.0671 5.7042 0.0000
v  -52.1627 5.2758 0.0000
v  -52.2756 4.8645 0.0000
v  -52.4021 4.4715 0.0000
v  -52.5384 4.0984 0.0000
v  -52.6845 3.7451 0.0000
v  -52.8404 3.4117 0.0000
v  -53.0060 3.0982 0.0000
v  -53.1815 2.8045 0.0000
v  -53.3668 2.5307 0.0000
v  -53.5595 2.2748 0.0000
v  -53.7574 2.0350 0.0000
v  -53.9604 1.8112 0.0000
v  -54.1685 1.6035 0.0000
v  -54.3817 1.4119 0.0000
v  -54.6000 1.2363 0.0000
v  -54.8234 1.0768 0.0000
v  -55.0561 0.9305 0.0000
v  -55.3022 0.7947 0.0000
v  -55.5616 0.6694 0.0000
v  -55.8344 0.5547 0.0000
v  -56.1206 0.4504 0.0000
v  -56.4201 0.3566 0.0000
v  -56.7330 0.2732 0.0000
v  -57.0594 0.2007 0.0000
v  -57.3993 0.1394 0.0000
v  -57.7529 0.0892 0.0000
v  -58.1200 0.0502 0.0000
v  -58.5006 0.0223 0.0000
v  -58.8949 0.0056 0.0000
v  -59.3027 0.0000 -0.0000
v  -62.9500 1.9000 0.0000
v  -59.5348 1.9000 0.0000
v  -59.0967 1.9060 0.0000
v  -58.6864 1.9241 0.0000
v  -58.3040 1.9541 0.0000
v  -57.9494 1.9962 0.0000
v  -57.6227 2.0504 0.0000
v  -57.3238 2.1165 0.0000
v  -57.0527 2.1947 0.0000
v  -56.8031 2.2838 0.0000
v  -56.5683 2.3827 0.0000
v  -56.3484 2.4914 0.0000
v  -56.1434 2.6099 0.0000
v  -55.9534 2.7382 0.0000
v  -55.7782 2.8763 0.0000
v  -55.6180 3.0242 0.0000
v  -55.4097 3.2500 0.0000
v  -55.2150 3.4969 0.0000
v  -55.0339 3.7650 0.0000
v  -54.8663 4.0543 0.0000
v  -54.7123 4.3647 0.0000
v  -54.5719 4.6963 0.0000
v  -54.4451 5.0490 0.0000
v  -54.3337 5.4234 0.0000
v  -54.2394 5.8198 0.0000
v  -54.1622 6.2382 0.0000
v  -54.1022 6.6787 0.0000
v  -54.0593 7.1412 0.0000
v  -54.0336 7.6258 0.0000
v  -54.0250 8.1324 0.0000
v  -54.0418 8.8260 0.0000
v  -54.0923 9.4721 0.0000
v  -54.1763 10.0708 0.0000
v  -54.2940 10.6220 0.0000
v  -54.4453 11.1258 0.0000
v  -54.6303 11.5821 0.0000
v  -54.8488 11.9910 0.0000
v  -55.0914 12.3580 0.0000
v  -55.3485 12.6887 0.0000
v  -55.6200 12.9831 0.0000
v  -55.9060 13.2412 0.0000
v  -56.2065 13.4630 0.0000
v  -56.5214 13.6485 0.0000
v  -56.8508 13.7977 0.0000
v  -57.1151 13.8845 0.0000
v  -57.4218 13.9580 0.0000
v  -57.7707 14.0181 0.0000
v  -58.1619 14.0649 0.0000
v  -58.5955 14.0983 0.0000
v  -59.0713 14.1183 0.0000
v  -59.5895 14.1250 0.0000
v  -62.9500 14.1250 0.0000
v  -41.2219 3.7500 0.0000
v  -39.1906 3.5000 0.0000
v  -39.3447 3.0071 0.0000
v  -39.5323 2.5468 0.0000
v  -39.7534 2.1191 0.0000
v  -40.0078 1.7240 0.0000
v  -40.2958 1.3614 0.0000
v  -40.6172 1.0314 0.0000
v  -40.9721 0.7340 0.0000
v  -41.3584 0.4729 0.0000
v  -41.7742 0.2520 0.0000
v  -42.2193 0.0713 0.0000
v  -42.6940 -0.0693 -0.0000
v  -43.1981 -0.1697 -0.0000
v  -43.7316 -0.2299 -0.0000
v  -44.2945 -0.2500 -0.0000
v  -45.0007 -0.2180 -0.0000
v  -45.6638 -0.1220 -0.0000
v  -46.2838 0.0379 0.0000
v  -46.8607 0.2619 0.0000
v  -47.3946 0.5498 0.0000
v  -47.8854 0.9017 0.0000
v  -48.3332 1.3176 0.0000
v  -48.7290 1.7912 0.0000
v  -49.0639 2.3163 0.0000
v  -49.3379 2.8929 0.0000
v  -49.5510 3.5210 0.0000
v  -49.7032 4.2005 0.0000
v  -49.7946 4.9315 0.0000
v  -49.8250 5.7141 0.0000
v  -49.7942 6.5238 0.0000
v  -49.7019 7.2800 0.0000
v  -49.5480 7.9827 0.0000
v  -49.3325 8.6319 0.0000
v  -49.0555 9.2276 0.0000
v  -48.7169 9.7698 0.0000
v  -48.3168 10.2584 0.0000
v  -47.8676 10.6873 0.0000
v  -47.3818 11.0502 0.0000
v  -46.8594 11.3471 0.0000
v  -46.3004 11.5781 0.0000
v  -45.7048 11.7430 0.0000
v  -45.0727 11.8420 0.0000
v  -44.4039 11.8750 0.0000
v  -43.7561 11.8426 0.0000
v  -43.1432 11.7455 0.0000
v  -42.5650 11.5836 0.0000
v  -42.0216 11.3570 0.0000
v  -41.5131 11.0656 0.0000
v  -41.0393 10.7095 0.0000
v  -40.6004 10.2887 0.0000
v  -40.2090 9.8091 0.0000
v  -39.8778 9.2768 0.0000
v  -39.6068 8.6918 0.0000
v  -39.3960 8.0542 0.0000
v  -39.2454 7.3638 0.0000
v  -39.1551 6.6208 0.0000
v  -39.1250 5.8250 0.0000
v  -39.1359 5.3000 0.0000
v  -47.8000 5.3000 0.0000
v  -47.7511 4.7746 0.0000
v  -47.6669 4.2855 0.0000
v  -47.5474 3.8328 0.0000
v  -47.3926 3.4166 0.0000
v  -47.2025 3.0367 0.0000
v  -46.9771 2.6932 0.0000
v  -46.7164 2.3861 0.0000
v  -46.4282 2.1179 0.0000
v  -46.1204 1.8909 0.0000
v  -45.7930 1.7052 0.0000
v  -45.4459 1.5607 0.0000
v  -45.0791 1.4575 0.0000
v  -44.6927 1.3956 0.0000
v  -44.2867 1.3750 0.0000
v  -43.9836 1.3866 0.0000
v  -43.6934 1.4213 0.0000
v  -43.4162 1.4791 0.0000
v  -43.1520 1.5600 0.0000
v  -42.9007 1.6641 0.0000
v  -42.6623 1.7913 0.0000
v  -42.4369 1.9416 0.0000
v  -42.2245 2.1173 0.0000
v  -42.0250 2.3205 0.0000
v  -41.8385 2.5513 0.0000
v  -41.6649 2.8096 0.0000
v  -41.5043 3.0955 0.0000
v  -41.3566 3.4090 0.0000
v  -47.7000 6.9250 0.0000
v  -41.2000 6.9250 0.0000
v  -41.2475 7.3275 0.0000
v  -41.3146 7.7002 0.0000
v  -41.4014 8.0431 0.0000
v  -41.5078 8.3561 0.0000
v  -41.6340 8.6394 0.0000
v  -41.7798 8.8928 0.0000
v  -41.9453 9.1164 0.0000
v  -42.2260 9.4172 0.0000
v  -42.5296 9.6716 0.0000
v  -42.8560 9.8798 0.0000
v  -43.2052 10.0418 0.0000
v  -43.5772 10.1575 0.0000
v  -43.9721 10.2269 0.0000
v  -44.3898 10.2500 0.0000
v  -44.7693 10.2315 0.0000
v  -45.1311 10.1761 0.0000
v  -45.4752 10.0838 0.0000
v  -45.8017 9.9545 0.0000
v  -46.1104 9.7883 0.0000
v  -46.4016 9.5852 0.0000
v  -46.6750 9.3451 0.0000
v  -46.9227 9.0741 0.0000
v  -47.1367 8.7782 0.0000
v  -47.3169 8.4574 0.0000
v  -47.4633 8.1117 0.0000
v  -47.5760 7.7410 0.0000
v  -47.6549 7.3455 0.0000
v  -37.5000 3.4750 0.0000
v  -35.5500 3.7750 0.0000
v  -35.4912 3.4541 0.0000
v  -35.4085 3.1553 0.0000
v  -35.3019 2.8787 0.0000
v  -35.1715 2.6242 0.0000
v  -35.0172 2.3920 0.0000
v  -34.8390 2.1819 0.0000
v  -34.6369 1.9939 0.0000
v  -34.4108 1.8297 0.0000
v  -34.1603 1.6908 0.0000
v  -33.8854 1.5771 0.0000
v  -33.5863 1.4887 0.0000
v  -33.2629 1.4255 0.0000
v  -32.9151 1.3876 0.0000
v  -32.5430 1.3750 0.0000
v  -32.1699 1.3862 0.0000
v  -31.8253 1.4199 0.0000
v  -31.5093 1.4759 0.0000
v  -31.2219 1.5545 0.0000
v  -30.9631 1.6554 0.0000
v  -30.7328 1.7788 0.0000
v  -30.5311 1.9246 0.0000
v  -30.3570 2.0855 0.0000
v  -30.2097 2.2542 0.0000
v  -30.0892 2.4307 0.0000
v  -29.9955 2.6150 0.0000
v  -29.9286 2.8070 0.0000
v  -29.8884 3.0068 0.0000
v  -29.8750 3.2145 0.0000
v  -29.8867 3.3984 0.0000
v  -29.9218 3.5708 0.0000
v  -29.9803 3.7316 0.0000
v  -30.0621 3.8809 0.0000
v  -30.1674 4.0186 0.0000
v  -30.2960 4.1448 0.0000
v  -30.4481 4.2594 0.0000
v  -30.5871 4.3369 0.0000
v  -30.7758 4.4202 0.0000
v  -31.0140 4.5093 0.0000
v  -31.3019 4.6042 0.0000
v  -31.6393 4.7048 0.0000
v  -32.0263 4.8113 0.0000
v  -32.4629 4.9234 0.0000
v  -33.0570 5.0766 0.0000
v  -33.5965 5.2237 0.0000
v  -34.0813 5.3648 0.0000
v  -34.5116 5.4998 0.0000
v  -34.8871 5.6289 0.0000
v  -35.2081 5.7519 0.0000
v  -35.4744 5.8689 0.0000
v  -35.7052 5.9892 0.0000
v  -35.9194 6.1219 0.0000
v  -36.1171 6.2671 0.0000
v  -36.2984 6.4248 0.0000
v  -36.4631 6.5950 0.0000
v  -36.6113 6.7777 0.0000
v  -36.7430 6.9729 0.0000
v  -36.8576 7.1773 0.0000
v  -36.9546 7.3877 0.0000
v  -37.0339 7.6042 0.0000
v  -37.0957 7.8267 0.0000
v  -37.1397 8.0553 0.0000
v  -37.1662 8.2898 0.0000
v  -37.1750 8.5305 0.0000
v  -37.1677 8.7498 0.0000
v  -37.1459 8.9644 0.0000
v  -37.1096 9.1744 0.0000
v  -37.0587 9.3797 0.0000
v  -36.9932 9.5803 0.0000
v  -36.9133 9.7763 0.0000
v  -36.8188 9.9676 0.0000
v  -36.7117 10.1520 0.0000
v  -36.5942 10.3272 0.0000
v  -36.4661 10.4932 0.0000
v  -36.3276 10.6502 0.0000
v  -36.1785 10.7979 0.0000
v  -36.0189 10.9366 0.0000
v  -35.8488 11.0660 0.0000
v  -35.7104 11.1608 0.0000
v  -35.5584 11.2513 0.0000
v  -35.3927 11.3375 0.0000
v  -35.2134 11.4195 0.0000
v  -35.0205 11.4973 0.0000
v  -34.8139 11.5708 0.0000
v  -34.5938 11.6400 0.0000
v  -34.3644 11.7024 0.0000
v  -34.1303 11.7551 0.0000
v  -33.8916 11.7983 0.0000
v  -33.6481 11.8318 0.0000
v  -33.3999 11.8558 0.0000
v  -33.1470 11.8702 0.0000
v  -32.8895 11.8750 0.0000
v  -32.5048 11.8670 0.0000
v  -32.1337 11.8430 0.0000
v  -31.7764 11.8029 0.0000
v  -31.4326 11.7468 0.0000
v  -31.1026 11.6747 0.0000
v  -30.7862 11.5866 0.0000
v  -30.4834 11.4824 0.0000
v  -30.1986 11.3646 0.0000
v  -29.9358 11.2354 0.0000
v  -29.6953 11.0948 0.0000
v  -29.4769 10.9429 0.0000
v  -29.2806 10.7797 0.0000
v  -29.1065 10.6051 0.0000
v  -28.9545 10.4191 0.0000
v  -28.8199 10.2183 0.0000
v  -28.6977 9.9989 0.0000
v  -28.5881 9.7611 0.0000
v  -28.4911 9.5048 0.0000
v  -28.4065 9.2300 0.0000
v  -28.3345 8.9367 0.0000
v  -28.2750 8.6250 0.0000
v  -30.2000 8.3750 0.0000
v  -30.2478 8.6195 0.0000
v  -30.3160 8.8482 0.0000
v  -30.4047 9.0611 0.0000
v  -30.5137 9.2582 0.0000
v  -30.6432 9.4394 0.0000
v  -30.7930 9.6048 0.0000
v  -30.9633 9.7543 0.0000
v  -31.1544 9.8858 0.0000
v  -31.3668 9.9971 0.0000
v  -31.6005 10.0881 0.0000
v  -31.8556 10.1590 0.0000
v  -32.1319 10.2095 0.0000
v  -32.4295 10.2399 0.0000
v  -32.7484 10.2500 0.0000
v  -33.1217 10.2409 0.0000
v  -33.4631 10.2136 0.0000
v  -33.7727 10.1681 0.0000
v  -34.0505 10.1043 0.0000
v  -34.2964 10.0224 0.0000
v  -34.5105 9.9223 0.0000
v  -34.6928 9.8039 0.0000
v  -34.8473 9.6733 0.0000
v  -34.9780 9.5366 0.0000
v  -35.0849 9.3936 0.0000
v  -35.1681 9.2443 0.0000
v  -35.2275 9.0889 0.0000
v  -35.2631 8.9272 0.0000
v  -35.2750 8.7594 0.0000
v  -35.2701 8.6521 0.0000
v  -35.2553 8.5480 0.0000
v  -35.2306 8.4469 0.0000
v  -35.1960 8.3490 0.0000
v  -35.1516 8.2542 0.0000
v  -35.0974 8.1624 0.0000
v  -35.0332 8.0738 0.0000
v  -34.9586 7.9859 0.0000
v  -34.8728 7.9023 0.0000
v  -34.7758 7.8232 0.0000
v  -34.6675 7.7486 0.0000
v  -34.5480 7.6783 0.0000
v  -34.4173 7.6125 0.0000
v  -34.2754 7.5512 0.0000
v  -32.5289 7.0508 0.0000
v  -31.9555 6.8956 0.0000
v  -31.4342 6.7488 0.0000
v  -30.9649 6.6101 0.0000
v  -30.5477 6.4797 0.0000
v  -30.1826 6.3576 0.0000
v  -29.8696 6.2437 0.0000
v  -29.6086 6.1381 0.0000
v  -29.3809 6.0300 0.0000
v  -29.1676 5.9088 0.0000
v  -28.9688 5.7744 0.0000
v  -28.7845 5.6268 0.0000
v  -28.6146 5.4661 0.0000
v  -28.4592 5.2923 0.0000
v  -28.3182 5.1053 0.0000
v  -28.1940 4.9050 0.0000
v  -28.0889 4.6913 0.0000
v  -28.0029 4.4643 0.0000
v  -27.9360 4.2239 0.0000
v  -27.8882 3.9700 0.0000
v  -27.8596 3.7029 0.0000
v  -27.8500 3.4223 0.0000
v  -27.8617 3.1436 0.0000
v  -27.8969 2.8696 0.0000
v  -27.9555 2.6002 0.0000
v  -28.0376 2.3356 0.0000
v  -28.1431 2.0756 0.0000
v  -28.2720 1.8203 0.0000
v  -28.4244 1.5697 0.0000
v  -28.5989 1.3295 0.0000
v  -28.7942 1.1053 0.0000
v  -29.0102 0.8972 0.0000
v  -29.2470 0.7052 0.0000
v  -29.5046 0.5292 0.0000
v  -29.7829 0.3692 0.0000
v  -30.0820 0.2254 0.0000
v  -30.3973 0.0993 0.0000
v  -30.7242 -0.0075 -0.0000
v  -31.0627 -0.0948 -0.0000
v  -31.4128 -0.1627 -0.0000
v  -31.7746 -0.2112 -0.0000
v  -32.1479 -0.2403 -0.0000
v  -32.5328 -0.2500 -0.0000
v  -33.1579 -0.2308 -0.0000
v  -33.7390 -0.1733 -0.0000
v  -34.2762 -0.0774 -0.0000
v  -34.7693 0.0568 0.0000
v  -35.2184 0.2293 0.0000
v  -35.6236 0.4402 0.0000
v  -35.9848 0.6895 0.0000
v  -36.3064 0.9764 0.0000
v  -36.5930 1.3003 0.0000
v  -36.8445 1.6612 0.0000
v  -37.0610 2.0592 0.0000
v  -37.2424 2.4941 0.0000
v  -37.3887 2.9660 0.0000
v  -25.5250 13.7750 0.0000
v  -25.5250 16.0250 0.0000
v  -23.5500 16.0250 0.0000
v  -23.5500 13.7750 0.0000
v  -25.5250 0.0000 -0.0000
v  -25.5250 11.6250 0.0000
v  -23.5500 11.6250 0.0000
v  -23.5500 0.0000 -0.0000
v  -20.5750 0.0000 -0.0000
v  -20.5750 11.6250 0.0000
v  -18.8000 11.6250 0.0000
v  -18.8000 9.8609 0.0000
v  -18.6089 10.1953 0.0000
v  -18.4221 10.4954 0.0000
v  -18.2395 10.7614 0.0000
v  -18.0611 10.9931 0.0000
v  -17.8870 11.1906 0.0000
v  -17.7171 11.3539 0.0000
v  -17.5514 11.4830 0.0000
v  -17.3855 11.5870 0.0000
v  -17.2149 11.6750 0.0000
v  -17.0397 11.7470 0.0000
v  -16.8598 11.8030 0.0000
v  -16.6753 11.8430 0.0000
v  -16.4861 11.8670 0.0000
v  -16.2922 11.8750 0.0000
v  -16.0080 11.8623 0.0000
v  -15.7226 11.8242 0.0000
v  -15.4357 11.7606 0.0000
v  -15.1476 11.6717 0.0000
v  -14.8580 11.5573 0.0000
v  -14.5672 11.4175 0.0000
v  -14.2750 11.2523 0.0000
v  -14.9723 9.4379 0.0000
v  -15.1762 9.5472 0.0000
v  -15.3801 9.6397 0.0000
v  -15.5841 9.7154 0.0000
v  -15.7880 9.7743 0.0000
v  -15.9920 9.8164 0.0000
v  -16.1960 9.8416 0.0000
v  -16.4000 9.8500 0.0000
v  -16.5796 9.8421 0.0000
v  -16.7539 9.8183 0.0000
v  -16.9230 9.7786 0.0000
v  -17.0867 9.7232 0.0000
v  -17.2452 9.6518 0.0000
v  -17.3984 9.5646 0.0000
v  -17.5463 9.4615 0.0000
v  -17.6856 9.3444 0.0000
v  -17.8131 9.2150 0.0000
v  -17.9287 9.0733 0.0000
v  -18.0325 8.9193 0.0000
v  -18.1244 8.7530 0.0000
v  -18.2045 8.5744 0.0000
v  -18.2727 8.3836 0.0000
v  -18.3595 8.0794 0.0000
v  -18.4330 7.7671 0.0000
v  -18.4931 7.4468 0.0000
v  -18.5399 7.1184 0.0000
v  -18.5733 6.7820 0.0000
v  -18.5933 6.4376 0.0000
v  -18.6000 6.0852 0.0000
v  -18.6000 0.0000 -0.0000
v  -5.1469 3.7500 0.0000
v  -3.1156 3.5000 0.0000
v  -3.2697 3.0071 0.0000
v  -3.4573 2.5468 0.0000
v  -3.6784 2.1191 0.0000
v  -3.9328 1.7240 0.0000
v  -4.2208 1.3614 0.0000
v  -4.5422 1.0314 0.0000
v  -4.8971 0.7340 0.0000
v  -5.2834 0.4729 0.0000
v  -5.6991 0.2520 0.0000
v  -6.1443 0.0713 0.0000
v  -6.6190 -0.0693 -0.0000
v  -7.1231 -0.1697 -0.0000
v  -7.6566 -0.2299 -0.0000
v  -8.2195 -0.2500 -0.0000
v  -8.9257 -0.2180 -0.0000
v  -9.5888 -0.1220 -0.0000
v  -10.2088 0.0379 0.0000
v  -10.7857 0.2619 0.0000
v  -11.3196 0.5498 0.0000
v  -11.8104 0.9017 0.0000
v  -12.2582 1.3176 0.0000
v  -12.6540 1.7912 0.0000
v  -12.9889 2.3163 0.0000
v  -13.2629 2.8929 0.0000
v  -13.4760 3.5210 0.0000
v  -13.6282 4.2005 0.0000
v  -13.7196 4.9315 0.0000
v  -13.7500 5.7141 0.0000
v  -13.7192 6.5238 0.0000
v  -13.6269 7.2800 0.0000
v  -13.4730 7.9827 0.0000
v  -13.2575 8.6319 0.0000
v  -12.9805 9.2276 0.0000
v  -12.6419 9.7698 0.0000
v  -12.2418 10.2584 0.0000
v  -11.7926 10.6873 0.0000
v  -11.3068 11.0502 0.0000
v  -10.7844 11.3471 0.0000
v  -10.2254 11.5781 0.0000
v  -9.6298 11.7430 0.0000
v  -8.9977 11.8420 0.0000
v  -8.3289 11.8750 0.0000
v  -7.6811 11.8426 0.0000
v  -7.0682 11.7455 0.0000
v  -6.4900 11.5836 0.0000
v  -5.9466 11.3570 0.0000
v  -5.4381 11.0656 0.0000
v  -4.9643 10.7095 0.0000
v  -4.5254 10.2887 0.0000
v  -4.1340 9.8091 0.0000
v  -3.8028 9.2768 0.0000
v  -3.5318 8.6918 0.0000
v  -3.3210 8.0542 0.0000
v  -3.1704 7.3638 0.0000
v  -3.0801 6.6208 0.0000
v  -3.0500 5.8250 0.0000
v  -3.0609 5.3000 0.0000
v  -11.7250 5.3000 0.0000
v  -11.6761 4.7746 0.0000
v  -11.5919 4.2855 0.0000
v  -11.4724 3.8328 0.0000
v  -11.3176 3.4166 0.0000
v  -11.1275 3.0367 0.0000
v  -10.9021 2.6932 0.0000
v  -10.6414 2.3861 0.0000
v  -10.3532 2.1179 0.0000
v  -10.0454 1.8909 0.0000
v  -9.7180 1.7052 0.0000
v  -9.3709 1.5607 0.0000
v  -9.0041 1.4575 0.0000
v  -8.6178 1.3956 0.0000
v  -8.2117 1.3750 0.0000
v  -7.9086 1.3866 0.0000
v  -7.6184 1.4213 0.0000
v  -7.3412 1.4791 0.0000
v  -7.0770 1.5600 0.0000
v  -6.8257 1.6641 0.0000
v  -6.5873 1.7913 0.0000
v  -6.3619 1.9416 0.0000
v  -6.1495 2.1173 0.0000
v  -5.9500 2.3205 0.0000
v  -5.7635 2.5513 0.0000
v  -5.5899 2.8096 0.0000
v  -5.4293 3.0955 0.0000
v  -5.2816 3.4090 0.0000
v  -11.6250 6.9250 0.0000
v  -5.1250 6.9250 0.0000
v  -5.1725 7.3275 0.0000
v  -5.2396 7.7002 0.0000
v  -5.3264 8.0431 0.0000
v  -5.4328 8.3561 0.0000
v  -5.5590 8.6394 0.0000
v  -5.7048 8.8928 0.0000
v  -5.8703 9.1164 0.0000
v  -6.1510 9.4172 0.0000
v  -6.4546 9.6716 0.0000
v  -6.7810 9.8798 0.0000
v  -7.1302 10.0418 0.0000
v  -7.5023 10.1575 0.0000
v  -7.8971 10.2269 0.0000
v  -8.3148 10.2500 0.0000
v  -8.6943 10.2315 0.0000
v  -9.0561 10.1761 0.0000
v  -9.4002 10.0838 0.0000
v  -9.7266 9.9545 0.0000
v  -10.0354 9.7883 0.0000
v  -10.3266 9.5852 0.0000
v  -10.6000 9.3451 0.0000
v  -10.8477 9.0741 0.0000
v  -11.0617 8.7782 0.0000
v  -11.2419 8.4574 0.0000
v  -11.3883 8.1117 0.0000
v  -11.5010 7.7410 0.0000
v  -11.5799 7.3455 0.0000
v  -0.3250 0.0000 -0.0000
v  -0.3250 16.0250 0.0000
v  10.5250 16.0250 0.0000
v  10.5250 14.1250 0.0000
v  1.8000 14.1250 0.0000
v  1.8000 9.1750 0.0000
v  9.3500 9.1750 0.0000
v  9.3500 7.2750 0.0000
v  1.8000 7.2750 0.0000
v  1.8000 0.0000 -0.0000
v  11.6234 0.0000 -0.0000
v  17.7832 8.3160 0.0000
v  12.3234 16.0250 0.0000
v  14.8312 16.0250 0.0000
v  17.7840 11.8898 0.0000
v  18.0328 11.5385 0.0000
v  18.2588 11.2134 0.0000
v  18.4620 10.9145 0.0000
v  18.6425 10.6417 0.0000
v  18.8002 10.3951 0.0000
v  18.9351 10.1747 0.0000
v  19.0473 9.9805 0.0000
v  19.2075 10.2294 0.0000
v  19.3754 10.4817 0.0000
v  19.5509 10.7375 0.0000
v  19.7340 10.9966 0.0000
v  19.9247 11.2592 0.0000
v  20.1230 11.5251 0.0000
v  20.3289 11.7945 0.0000
v  23.4934 16.0250 0.0000
v  25.8234 16.0250 0.0000
v  20.2769 8.3980 0.0000
v  26.2734 0.0000 -0.0000
v  23.6734 0.0000 -0.0000
v  19.6437 5.6895 0.0000
v  18.9695 6.6840 0.0000
v  18.2250 5.5754 0.0000
v  14.1703 0.0000 -0.0000
v  28.5000 0.0000 -0.0000
v  28.5000 2.2500 0.0000
v  30.7500 2.2500 0.0000
v  30.7500 0.0000 -0.0000
v  34.3500 0.0000 -0.0000
v  34.3500 16.0250 0.0000
v  37.5262 16.0250 0.0000
v  41.3426 4.6848 0.0000
v  42.1125 2.3137 0.0000
v  42.9664 4.8812 0.0000
v  46.8098 16.0250 0.0000
v  49.6750 16.0250 0.0000
v  49.6750 0.0000 -0.0000
v  47.6250 0.0000 -0.0000
v  47.6250 13.4250 0.0000
v  42.9508 0.0000 -0.0000
v  41.0422 0.0000 -0.0000
v  36.4000 13.6500 0.0000
v  36.4000 0.0000 -0.0000
v  53.1500 0.0000 -0.0000
v  53.1500 16.0250 0.0000
v  64.7000 16.0250 0.0000
v  64.7000 14.1250 0.0000
v  55.2750 14.1250 0.0000
v  55.2750 9.2500 0.0000
v  64.1000 9.2500 0.0000
v  64.1000 7.3500 0.0000
v  55.2750 7.3500 0.0000
v  55.2750 1.9000 0.0000
v  65.0750 1.9000 0.0000
v  65.0750 0.0000 -0.0000
# 695 vertices

o Text001
g Text001
usemtl wire_028149177
l 4563 4564 4565 4566 4567 4568 4569 4570 4571 4572 4573 4574 4575 4576 4577 4578 4579 4580 4581 4582 4583 4584 4585 4586 4587 4588 4589 4590 4591 4592 4593 4594 4595 4596 4597 4598 4599 4600 4601 4602 4603 4604 4605 4606 4607 4608 4609 4610 4611 4612 4613 4614 4615 4616 4617 4618 4619 4620 4621 4622 4623 4624 4625 4626 4627 4628 4563
l 4629 4630 4631 4632 4633 4634 4635 4636 4637 4638 4639 4640 4641 4642 4643 4644 4645 4646 4647 4648 4649 4650 4651 4652 4653 4654 4655 4656 4657 4658 4659 4660 4661 4662 4663 4664 4665 4666 4667 4668 4669 4670 4671 4672 4673 4674 4675 4676 4677 4678 4679 4680 4629
l 4681 4682 4683 4684 4685 4686 4687 4688 4689 4690 4691 4692 4693 4694 4695 4696 4697 4698 4699 4700 4701 4702 4703 4704 4705 4706 4707 4708 4709 4710 4711 4712 4713 4714 4715 4716 4717 4718 4719 4720 4721 4722 4723 4724 4725 4726 4727 4728 4729 4730 4731 4732 4733 4734 4735 4736 4737 4738 4739 4740 4741 4742 4743 4744 4745 4746 4747 4748 4749 4750 4751 4752 4753 4754 4755 4756 4757 4758 4759 4760 4761 4762 4763 4764 4765 4766 4767 4681
l 4768 4769 4770 4771 4772 4773 4774 4775 4776 4777 4778 4779 4780 4781 4782 4783 4784 4785 4786 4787 4788 4789 4790 4791 4792 4793 4794 4795 4796 4768
l 4797 4798 4799 4800 4801 4802 4803 4804 4805 4806 4807 4808 4809 4810 4811 4812 4813 4814 4815 4816 4817 4818 4819 4820 4821 4822 4823 4824 4825 4826 4827 4828 4829 4830 4831 4832 4833 4834 4835 4836 4837 4838 4839 4840 4841 4842 4843 4844 4845 4846 4847 4848 4849 4850 4851 4852 4853 4854 4855 4856 4857 4858 4859 4860 4861 4862 4863 4864 4865 4866 4867 4868 4869 4870 4871 4872 4873 4874 4875 4876 4877 4878 4879 4880 4881 4882 4883 4884 4885 4886 4887 4888 4889 4890 4891 4892 4893 4894 4895 4896 4897 4898 4899 4900 4901 4902 4903 4904 4905 4906 4907 4908 4909 4910 4911 4912 4913 4914 4915 4916 4917 4918 4919 4920 4921 4922 4923 4924 4925 4926 4927 4928 4929 4930 4931 4932 4933 4934 4935 4936 4937 4938 4939 4940 4941 4942 4943 4944 4945 4946 4947 4948 4949 4950 4951 4952 4953 4954 4955 4956 4957 4958 4959 4960 4961 4962 4963 4964 4965 4966 4967 4968 4969 4970 4971 4972 4973 4974 4975 4976 4977 4978 4979 4980 4981 4982 4983 4984 4985 4986 4987 4988 4989 4990 4991 4992 4993 4994 4995 4996 4997 4998 4999 5000 5001 5002 5003 5004 5005 5006 5007 5008 5009 4797
l 5010 5011 5012 5013 5010
l 5014 5015 5016 5017 5014
l 5018 5019 5020 5021 5022 5023 5024 5025 5026 5027 5028 5029 5030 5031 5032 5033 5034 5035 5036 5037 5038 5039 5040 5041 5042 5043 5044 5045 5046 5047 5048 5049 5050 5051 5052 5053 5054 5055 5056 5057 5058 5059 5060 5061 5062 5063 5064 5065 5066 5067 5068 5069 5070 5071 5072 5018
l 5073 5074 5075 5076 5077 5078 5079 5080 5081 5082 5083 5084 5085 5086 5087 5088 5089 5090 5091 5092 5093 5094 5095 5096 5097 5098 5099 5100 5101 5102 5103 5104 5105 5106 5107 5108 5109 5110 5111 5112 5113 5114 5115 5116 5117 5118 5119 5120 5121 5122 5123 5124 5125 5126 5127 5128 5129 5130 5131 5132 5133 5134 5135 5136 5137 5138 5139 5140 5141 5142 5143 5144 5145 5146 5147 5148 5149 5150 5151 5152 5153 5154 5155 5156 5157 5158 5159 5073
l 5160 5161 5162 5163 5164 5165 5166 5167 5168 5169 5170 5171 5172 5173 5174 5175 5176 5177 5178 5179 5180 5181 5182 5183 5184 5185 5186 5187 5188 5160
l 5189 5190 5191 5192 5193 5194 5195 5196 5197 5198 5189
l 5199 5200 5201 5202 5203 5204 5205 5206 5207 5208 5209 5210 5211 5212 5213 5214 5215 5216 5217 5218 5219 5220 5221 5222 5223 5224 5225 5226 5199
l 5227 5228 5229 5230 5227
l 5231 5232 5233 5234 5235 5236 5237 5238 5239 5240 5241 5242 5243 5244 5245 5231
l 5246 5247 5248 5249 5250 5251 5252 5253 5254 5255 5256 5257 5246

#
# shape Text002
#

v  -65.0750 0.0000 -0.0000
v  -65.0750 0.0000 -16.0250
v  -59.5645 0.0000 -16.0250
v  -59.0495 0.0000 -16.0203
v  -58.5705 0.0000 -16.0063
v  -58.1276 0.0000 -15.9828
v  -57.7208 0.0000 -15.9500
v  -57.3501 0.0000 -15.9078
v  -57.0154 0.0000 -15.8563
v  -56.7168 0.0000 -15.7953
v  -56.3322 0.0000 -15.6943
v  -55.9641 0.0000 -15.5723
v  -55.6124 0.0000 -15.4294
v  -55.2773 0.0000 -15.2654
v  -54.9586 0.0000 -15.0805
v  -54.6564 0.0000 -14.8746
v  -54.3707 0.0000 -14.6477
v  -54.0220 0.0000 -14.3295
v  -53.6994 0.0000 -13.9870
v  -53.4029 0.0000 -13.6201
v  -53.1324 0.0000 -13.2290
v  -52.8880 0.0000 -12.8135
v  -52.6696 0.0000 -12.3737
v  -52.4773 0.0000 -11.9096
v  -52.3109 0.0000 -11.4236
v  -52.1701 0.0000 -10.9182
v  -52.0548 0.0000 -10.3934
v  -51.9652 0.0000 -9.8491
v  -51.9012 0.0000 -9.2855
v  -51.8628 0.0000 -8.7025
v  -51.8500 0.0000 -8.1000
v  -51.8587 0.0000 -7.5869
v  -51.8848 0.0000 -7.0908
v  -51.9282 0.0000 -6.6116
v  -51.9890 0.0000 -6.1494
v  -52.0671 0.0000 -5.7042
v  -52.1627 0.0000 -5.2758
v  -52.2756 0.0000 -4.8645
v  -52.4021 0.0000 -4.4715
v  -52.5384 0.0000 -4.0984
v  -52.6845 0.0000 -3.7451
v  -52.8404 0.0000 -3.4117
v  -53.0060 0.0000 -3.0982
v  -53.1815 0.0000 -2.8045
v  -53.3668 0.0000 -2.5307
v  -53.5595 0.0000 -2.2748
v  -53.7574 0.0000 -2.0350
v  -53.9604 0.0000 -1.8112
v  -54.1685 0.0000 -1.6035
v  -54.3817 0.0000 -1.4119
v  -54.6000 0.0000 -1.2363
v  -54.8234 0.0000 -1.0768
v  -55.0561 0.0000 -0.9305
v  -55.3022 0.0000 -0.7947
v  -55.5616 0.0000 -0.6694
v  -55.8344 0.0000 -0.5547
v  -56.1206 0.0000 -0.4504
v  -56.4201 0.0000 -0.3566
v  -56.7330 0.0000 -0.2732
v  -57.0594 0.0000 -0.2007
v  -57.3993 0.0000 -0.1394
v  -57.7529 0.0000 -0.0892
v  -58.1200 0.0000 -0.0502
v  -58.5006 0.0000 -0.0223
v  -58.8949 0.0000 -0.0056
v  -59.3027 0.0000 -0.0000
v  -62.9500 0.0000 -1.9000
v  -59.5348 0.0000 -1.9000
v  -59.0967 0.0000 -1.9060
v  -58.6864 0.0000 -1.9241
v  -58.3040 0.0000 -1.9541
v  -57.9494 0.0000 -1.9962
v  -57.6227 0.0000 -2.0504
v  -57.3238 0.0000 -2.1165
v  -57.0527 0.0000 -2.1947
v  -56.8031 0.0000 -2.2838
v  -56.5683 0.0000 -2.3827
v  -56.3484 0.0000 -2.4914
v  -56.1434 0.0000 -2.6099
v  -55.9534 0.0000 -2.7382
v  -55.7782 0.0000 -2.8763
v  -55.6180 0.0000 -3.0242
v  -55.4097 0.0000 -3.2500
v  -55.2150 0.0000 -3.4969
v  -55.0339 0.0000 -3.7650
v  -54.8663 0.0000 -4.0543
v  -54.7123 0.0000 -4.3647
v  -54.5719 0.0000 -4.6963
v  -54.4451 0.0000 -5.0490
v  -54.3337 0.0000 -5.4234
v  -54.2394 0.0000 -5.8198
v  -54.1622 0.0000 -6.2382
v  -54.1022 0.0000 -6.6787
v  -54.0593 0.0000 -7.1412
v  -54.0336 0.0000 -7.6258
v  -54.0250 0.0000 -8.1324
v  -54.0418 0.0000 -8.8260
v  -54.0923 0.0000 -9.4721
v  -54.1763 0.0000 -10.0708
v  -54.2940 0.0000 -10.6220
v  -54.4453 0.0000 -11.1258
v  -54.6303 0.0000 -11.5821
v  -54.8488 0.0000 -11.9910
v  -55.0914 0.0000 -12.3580
v  -55.3485 0.0000 -12.6887
v  -55.6200 0.0000 -12.9831
v  -55.9060 0.0000 -13.2412
v  -56.2065 0.0000 -13.4630
v  -56.5214 0.0000 -13.6485
v  -56.8508 0.0000 -13.7977
v  -57.1151 0.0000 -13.8845
v  -57.4218 0.0000 -13.9580
v  -57.7707 0.0000 -14.0181
v  -58.1619 0.0000 -14.0649
v  -58.5955 0.0000 -14.0983
v  -59.0713 0.0000 -14.1183
v  -59.5895 0.0000 -14.1250
v  -62.9500 0.0000 -14.1250
v  -41.2219 0.0000 -3.7500
v  -39.1906 0.0000 -3.5000
v  -39.3447 0.0000 -3.0071
v  -39.5323 0.0000 -2.5468
v  -39.7534 0.0000 -2.1191
v  -40.0078 0.0000 -1.7240
v  -40.2958 0.0000 -1.3614
v  -40.6172 0.0000 -1.0314
v  -40.9721 0.0000 -0.7340
v  -41.3584 0.0000 -0.4729
v  -41.7742 0.0000 -0.2520
v  -42.2193 0.0000 -0.0713
v  -42.6940 0.0000 0.0693
v  -43.1981 0.0000 0.1697
v  -43.7316 0.0000 0.2299
v  -44.2945 0.0000 0.2500
v  -45.0007 0.0000 0.2180
v  -45.6638 0.0000 0.1220
v  -46.2838 0.0000 -0.0379
v  -46.8607 0.0000 -0.2619
v  -47.3946 0.0000 -0.5498
v  -47.8854 0.0000 -0.9017
v  -48.3332 0.0000 -1.3176
v  -48.7290 0.0000 -1.7912
v  -49.0639 0.0000 -2.3163
v  -49.3379 0.0000 -2.8929
v  -49.5510 0.0000 -3.5210
v  -49.7032 0.0000 -4.2005
v  -49.7946 0.0000 -4.9315
v  -49.8250 0.0000 -5.7141
v  -49.7942 0.0000 -6.5238
v  -49.7019 0.0000 -7.2800
v  -49.5480 0.0000 -7.9827
v  -49.3325 0.0000 -8.6319
v  -49.0555 0.0000 -9.2276
v  -48.7169 0.0000 -9.7698
v  -48.3168 0.0000 -10.2584
v  -47.8676 0.0000 -10.6873
v  -47.3818 0.0000 -11.0502
v  -46.8594 0.0000 -11.3471
v  -46.3004 0.0000 -11.5781
v  -45.7048 0.0000 -11.7430
v  -45.0727 0.0000 -11.8420
v  -44.4039 0.0000 -11.8750
v  -43.7561 0.0000 -11.8426
v  -43.1432 0.0000 -11.7455
v  -42.5650 0.0000 -11.5836
v  -42.0216 0.0000 -11.3570
v  -41.5131 0.0000 -11.0656
v  -41.0393 0.0000 -10.7095
v  -40.6004 0.0000 -10.2887
v  -40.2090 0.0000 -9.8091
v  -39.8778 0.0000 -9.2768
v  -39.6068 0.0000 -8.6918
v  -39.3960 0.0000 -8.0542
v  -39.2454 0.0000 -7.3638
v  -39.1551 0.0000 -6.6208
v  -39.1250 0.0000 -5.8250
v  -39.1359 0.0000 -5.3000
v  -47.8000 0.0000 -5.3000
v  -47.7511 0.0000 -4.7746
v  -47.6669 0.0000 -4.2855
v  -47.5474 0.0000 -3.8328
v  -47.3926 0.0000 -3.4166
v  -47.2025 0.0000 -3.0367
v  -46.9771 0.0000 -2.6932
v  -46.7164 0.0000 -2.3861
v  -46.4282 0.0000 -2.1179
v  -46.1204 0.0000 -1.8909
v  -45.7930 0.0000 -1.7052
v  -45.4459 0.0000 -1.5607
v  -45.0791 0.0000 -1.4575
v  -44.6927 0.0000 -1.3956
v  -44.2867 0.0000 -1.3750
v  -43.9836 0.0000 -1.3866
v  -43.6934 0.0000 -1.4213
v  -43.4162 0.0000 -1.4791
v  -43.1520 0.0000 -1.5600
v  -42.9007 0.0000 -1.6641
v  -42.6623 0.0000 -1.7913
v  -42.4369 0.0000 -1.9416
v  -42.2245 0.0000 -2.1173
v  -42.0250 0.0000 -2.3205
v  -41.8385 0.0000 -2.5513
v  -41.6649 0.0000 -2.8096
v  -41.5043 0.0000 -3.0955
v  -41.3566 0.0000 -3.4090
v  -47.7000 0.0000 -6.9250
v  -41.2000 0.0000 -6.9250
v  -41.2475 0.0000 -7.3275
v  -41.3146 0.0000 -7.7002
v  -41.4014 0.0000 -8.0431
v  -41.5078 0.0000 -8.3561
v  -41.6340 0.0000 -8.6394
v  -41.7798 0.0000 -8.8928
v  -41.9453 0.0000 -9.1164
v  -42.2260 0.0000 -9.4172
v  -42.5296 0.0000 -9.6716
v  -42.8560 0.0000 -9.8798
v  -43.2052 0.0000 -10.0418
v  -43.5772 0.0000 -10.1575
v  -43.9721 0.0000 -10.2269
v  -44.3898 0.0000 -10.2500
v  -44.7693 0.0000 -10.2315
v  -45.1311 0.0000 -10.1761
v  -45.4752 0.0000 -10.0838
v  -45.8017 0.0000 -9.9545
v  -46.1104 0.0000 -9.7883
v  -46.4016 0.0000 -9.5852
v  -46.6750 0.0000 -9.3451
v  -46.9227 0.0000 -9.0741
v  -47.1367 0.0000 -8.7782
v  -47.3169 0.0000 -8.4574
v  -47.4633 0.0000 -8.1117
v  -47.5760 0.0000 -7.7410
v  -47.6549 0.0000 -7.3455
v  -37.5000 0.0000 -3.4750
v  -35.5500 0.0000 -3.7750
v  -35.4912 0.0000 -3.4541
v  -35.4085 0.0000 -3.1553
v  -35.3019 0.0000 -2.8787
v  -35.1715 0.0000 -2.6242
v  -35.0172 0.0000 -2.3920
v  -34.8390 0.0000 -2.1819
v  -34.6369 0.0000 -1.9939
v  -34.4108 0.0000 -1.8297
v  -34.1603 0.0000 -1.6908
v  -33.8854 0.0000 -1.5771
v  -33.5863 0.0000 -1.4887
v  -33.2629 0.0000 -1.4255
v  -32.9151 0.0000 -1.3876
v  -32.5430 0.0000 -1.3750
v  -32.1699 0.0000 -1.3862
v  -31.8253 0.0000 -1.4199
v  -31.5093 0.0000 -1.4759
v  -31.2219 0.0000 -1.5545
v  -30.9631 0.0000 -1.6554
v  -30.7328 0.0000 -1.7788
v  -30.5311 0.0000 -1.9246
v  -30.3570 0.0000 -2.0855
v  -30.2097 0.0000 -2.2542
v  -30.0892 0.0000 -2.4307
v  -29.9955 0.0000 -2.6150
v  -29.9286 0.0000 -2.8070
v  -29.8884 0.0000 -3.0068
v  -29.8750 0.0000 -3.2145
v  -29.8867 0.0000 -3.3984
v  -29.9218 0.0000 -3.5708
v  -29.9803 0.0000 -3.7316
v  -30.0621 0.0000 -3.8809
v  -30.1674 0.0000 -4.0186
v  -30.2960 0.0000 -4.1448
v  -30.4481 0.0000 -4.2594
v  -30.5871 0.0000 -4.3369
v  -30.7758 0.0000 -4.4202
v  -31.0140 0.0000 -4.5093
v  -31.3019 0.0000 -4.6042
v  -31.6393 0.0000 -4.7048
v  -32.0263 0.0000 -4.8113
v  -32.4629 0.0000 -4.9234
v  -33.0570 0.0000 -5.0766
v  -33.5965 0.0000 -5.2237
v  -34.0813 0.0000 -5.3648
v  -34.5116 0.0000 -5.4998
v  -34.8871 0.0000 -5.6289
v  -35.2081 0.0000 -5.7519
v  -35.4744 0.0000 -5.8689
v  -35.7052 0.0000 -5.9892
v  -35.9194 0.0000 -6.1219
v  -36.1171 0.0000 -6.2671
v  -36.2984 0.0000 -6.4248
v  -36.4631 0.0000 -6.5950
v  -36.6113 0.0000 -6.7777
v  -36.7430 0.0000 -6.9729
v  -36.8576 0.0000 -7.1773
v  -36.9546 0.0000 -7.3877
v  -37.0339 0.0000 -7.6042
v  -37.0957 0.0000 -7.8267
v  -37.1397 0.0000 -8.0553
v  -37.1662 0.0000 -8.2898
v  -37.1750 0.0000 -8.5305
v  -37.1677 0.0000 -8.7498
v  -37.1459 0.0000 -8.9644
v  -37.1096 0.0000 -9.1744
v  -37.0587 0.0000 -9.3797
v  -36.9932 0.0000 -9.5803
v  -36.9133 0.0000 -9.7763
v  -36.8188 0.0000 -9.9676
v  -36.7117 0.0000 -10.1520
v  -36.5942 0.0000 -10.3272
v  -36.4661 0.0000 -10.4932
v  -36.3276 0.0000 -10.6502
v  -36.1785 0.0000 -10.7979
v  -36.0189 0.0000 -10.9366
v  -35.8488 0.0000 -11.0660
v  -35.7104 0.0000 -11.1608
v  -35.5584 0.0000 -11.2513
v  -35.3927 0.0000 -11.3375
v  -35.2134 0.0000 -11.4195
v  -35.0205 0.0000 -11.4973
v  -34.8139 0.0000 -11.5708
v  -34.5938 0.0000 -11.6400
v  -34.3644 0.0000 -11.7024
v  -34.1303 0.0000 -11.7551
v  -33.8916 0.0000 -11.7983
v  -33.6481 0.0000 -11.8318
v  -33.3999 0.0000 -11.8558
v  -33.1470 0.0000 -11.8702
v  -32.8895 0.0000 -11.8750
v  -32.5048 0.0000 -11.8670
v  -32.1337 0.0000 -11.8430
v  -31.7764 0.0000 -11.8029
v  -31.4326 0.0000 -11.7468
v  -31.1026 0.0000 -11.6747
v  -30.7862 0.0000 -11.5866
v  -30.4834 0.0000 -11.4824
v  -30.1986 0.0000 -11.3646
v  -29.9358 0.0000 -11.2354
v  -29.6953 0.0000 -11.0948
v  -29.4769 0.0000 -10.9429
v  -29.2806 0.0000 -10.7797
v  -29.1065 0.0000 -10.6051
v  -28.9545 0.0000 -10.4191
v  -28.8199 0.0000 -10.2183
v  -28.6977 0.0000 -9.9989
v  -28.5881 0.0000 -9.7611
v  -28.4911 0.0000 -9.5048
v  -28.4065 0.0000 -9.2300
v  -28.3345 0.0000 -8.9367
v  -28.2750 0.0000 -8.6250
v  -30.2000 0.0000 -8.3750
v  -30.2478 0.0000 -8.6195
v  -30.3160 0.0000 -8.8482
v  -30.4047 0.0000 -9.0611
v  -30.5137 0.0000 -9.2582
v  -30.6432 0.0000 -9.4394
v  -30.7930 0.0000 -9.6048
v  -30.9633 0.0000 -9.7543
v  -31.1544 0.0000 -9.8858
v  -31.3668 0.0000 -9.9971
v  -31.6005 0.0000 -10.0881
v  -31.8556 0.0000 -10.1590
v  -32.1319 0.0000 -10.2095
v  -32.4295 0.0000 -10.2399
v  -32.7484 0.0000 -10.2500
v  -33.1217 0.0000 -10.2409
v  -33.4631 0.0000 -10.2136
v  -33.7727 0.0000 -10.1681
v  -34.0505 0.0000 -10.1043
v  -34.2964 0.0000 -10.0224
v  -34.5105 0.0000 -9.9223
v  -34.6928 0.0000 -9.8039
v  -34.8473 0.0000 -9.6733
v  -34.9780 0.0000 -9.5366
v  -35.0849 0.0000 -9.3936
v  -35.1681 0.0000 -9.2443
v  -35.2275 0.0000 -9.0889
v  -35.2631 0.0000 -8.9272
v  -35.2750 0.0000 -8.7594
v  -35.2701 0.0000 -8.6521
v  -35.2553 0.0000 -8.5480
v  -35.2306 0.0000 -8.4469
v  -35.1960 0.0000 -8.3490
v  -35.1516 0.0000 -8.2542
v  -35.0974 0.0000 -8.1624
v  -35.0332 0.0000 -8.0738
v  -34.9586 0.0000 -7.9859
v  -34.8728 0.0000 -7.9023
v  -34.7758 0.0000 -7.8232
v  -34.6675 0.0000 -7.7486
v  -34.5480 0.0000 -7.6783
v  -34.4173 0.0000 -7.6125
v  -34.2754 0.0000 -7.5512
v  -32.5289 0.0000 -7.0508
v  -31.9555 0.0000 -6.8956
v  -31.4342 0.0000 -6.7488
v  -30.9649 0.0000 -6.6101
v  -30.5477 0.0000 -6.4797
v  -30.1826 0.0000 -6.3576
v  -29.8696 0.0000 -6.2437
v  -29.6086 0.0000 -6.1381
v  -29.3809 0.0000 -6.0300
v  -29.1676 0.0000 -5.9088
v  -28.9688 0.0000 -5.7744
v  -28.7845 0.0000 -5.6268
v  -28.6146 0.0000 -5.4661
v  -28.4592 0.0000 -5.2923
v  -28.3182 0.0000 -5.1053
v  -28.1940 0.0000 -4.9050
v  -28.0889 0.0000 -4.6913
v  -28.0029 0.0000 -4.4643
v  -27.9360 0.0000 -4.2239
v  -27.8882 0.0000 -3.9700
v  -27.8596 0.0000 -3.7029
v  -27.8500 0.0000 -3.4223
v  -27.8617 0.0000 -3.1436
v  -27.8969 0.0000 -2.8696
v  -27.9555 0.0000 -2.6002
v  -28.0376 0.0000 -2.3356
v  -28.1431 0.0000 -2.0756
v  -28.2720 0.0000 -1.8203
v  -28.4244 0.0000 -1.5697
v  -28.5989 0.0000 -1.3295
v  -28.7942 0.0000 -1.1053
v  -29.0102 0.0000 -0.8972
v  -29.2470 0.0000 -0.7052
v  -29.5046 0.0000 -0.5292
v  -29.7829 0.0000 -0.3692
v  -30.0820 0.0000 -0.2254
v  -30.3973 0.0000 -0.0993
v  -30.7242 0.0000 0.0075
v  -31.0627 0.0000 0.0948
v  -31.4128 0.0000 0.1627
v  -31.7746 0.0000 0.2112
v  -32.1479 0.0000 0.2403
v  -32.5328 0.0000 0.2500
v  -33.1579 0.0000 0.2308
v  -33.7390 0.0000 0.1733
v  -34.2762 0.0000 0.0774
v  -34.7693 0.0000 -0.0568
v  -35.2184 0.0000 -0.2293
v  -35.6236 0.0000 -0.4402
v  -35.9848 0.0000 -0.6895
v  -36.3064 0.0000 -0.9764
v  -36.5930 0.0000 -1.3003
v  -36.8445 0.0000 -1.6612
v  -37.0610 0.0000 -2.0592
v  -37.2424 0.0000 -2.4941
v  -37.3887 0.0000 -2.9660
v  -25.5250 0.0000 -13.7750
v  -25.5250 0.0000 -16.0250
v  -23.5500 0.0000 -16.0250
v  -23.5500 0.0000 -13.7750
v  -25.5250 0.0000 -0.0000
v  -25.5250 0.0000 -11.6250
v  -23.5500 0.0000 -11.6250
v  -23.5500 0.0000 -0.0000
v  -20.5750 0.0000 -0.0000
v  -20.5750 0.0000 -11.6250
v  -18.8000 0.0000 -11.6250
v  -18.8000 0.0000 -9.8609
v  -18.6089 0.0000 -10.1953
v  -18.4221 0.0000 -10.4954
v  -18.2395 0.0000 -10.7614
v  -18.0611 0.0000 -10.9931
v  -17.8870 0.0000 -11.1906
v  -17.7171 0.0000 -11.3539
v  -17.5514 0.0000 -11.4830
v  -17.3855 0.0000 -11.5870
v  -17.2149 0.0000 -11.6750
v  -17.0397 0.0000 -11.7470
v  -16.8598 0.0000 -11.8030
v  -16.6753 0.0000 -11.8430
v  -16.4861 0.0000 -11.8670
v  -16.2922 0.0000 -11.8750
v  -16.0080 0.0000 -11.8623
v  -15.7226 0.0000 -11.8242
v  -15.4357 0.0000 -11.7606
v  -15.1476 0.0000 -11.6717
v  -14.8580 0.0000 -11.5573
v  -14.5672 0.0000 -11.4175
v  -14.2750 0.0000 -11.2523
v  -14.9723 0.0000 -9.4379
v  -15.1762 0.0000 -9.5472
v  -15.3801 0.0000 -9.6397
v  -15.5841 0.0000 -9.7154
v  -15.7880 0.0000 -9.7743
v  -15.9920 0.0000 -9.8164
v  -16.1960 0.0000 -9.8416
v  -16.4000 0.0000 -9.8500
v  -16.5796 0.0000 -9.8421
v  -16.7539 0.0000 -9.8183
v  -16.9230 0.0000 -9.7786
v  -17.0867 0.0000 -9.7232
v  -17.2452 0.0000 -9.6518
v  -17.3984 0.0000 -9.5646
v  -17.5463 0.0000 -9.4615
v  -17.6856 0.0000 -9.3444
v  -17.8131 0.0000 -9.2150
v  -17.9287 0.0000 -9.0733
v  -18.0325 0.0000 -8.9193
v  -18.1244 0.0000 -8.7530
v  -18.2045 0.0000 -8.5744
v  -18.2727 0.0000 -8.3836
v  -18.3595 0.0000 -8.0794
v  -18.4330 0.0000 -7.7671
v  -18.4931 0.0000 -7.4468
v  -18.5399 0.0000 -7.1184
v  -18.5733 0.0000 -6.7820
v  -18.5933 0.0000 -6.4376
v  -18.6000 0.0000 -6.0852
v  -18.6000 0.0000 -0.0000
v  -5.1469 0.0000 -3.7500
v  -3.1156 0.0000 -3.5000
v  -3.2697 0.0000 -3.0071
v  -3.4573 0.0000 -2.5468
v  -3.6784 0.0000 -2.1191
v  -3.9328 0.0000 -1.7240
v  -4.2208 0.0000 -1.3614
v  -4.5422 0.0000 -1.0314
v  -4.8971 0.0000 -0.7340
v  -5.2834 0.0000 -0.4729
v  -5.6991 0.0000 -0.2520
v  -6.1443 0.0000 -0.0713
v  -6.6190 0.0000 0.0693
v  -7.1231 0.0000 0.1697
v  -7.6566 0.0000 0.2299
v  -8.2195 0.0000 0.2500
v  -8.9257 0.0000 0.2180
v  -9.5888 0.0000 0.1220
v  -10.2088 0.0000 -0.0379
v  -10.7857 0.0000 -0.2619
v  -11.3196 0.0000 -0.5498
v  -11.8104 0.0000 -0.9017
v  -12.2582 0.0000 -1.3176
v  -12.6540 0.0000 -1.7912
v  -12.9889 0.0000 -2.3163
v  -13.2629 0.0000 -2.8929
v  -13.4760 0.0000 -3.5210
v  -13.6282 0.0000 -4.2005
v  -13.7196 0.0000 -4.9315
v  -13.7500 0.0000 -5.7141
v  -13.7192 0.0000 -6.5238
v  -13.6269 0.0000 -7.2800
v  -13.4730 0.0000 -7.9827
v  -13.2575 0.0000 -8.6319
v  -12.9805 0.0000 -9.2276
v  -12.6419 0.0000 -9.7698
v  -12.2418 0.0000 -10.2584
v  -11.7926 0.0000 -10.6873
v  -11.3068 0.0000 -11.0502
v  -10.7844 0.0000 -11.3471
v  -10.2254 0.0000 -11.5781
v  -9.6298 0.0000 -11.7430
v  -8.9977 0.0000 -11.8420
v  -8.3289 0.0000 -11.8750
v  -7.6811 0.0000 -11.8426
v  -7.0682 0.0000 -11.7455
v  -6.4900 0.0000 -11.5836
v  -5.9466 0.0000 -11.3570
v  -5.4381 0.0000 -11.0656
v  -4.9643 0.0000 -10.7095
v  -4.5254 0.0000 -10.2887
v  -4.1340 0.0000 -9.8091
v  -3.8028 0.0000 -9.2768
v  -3.5318 0.0000 -8.6918
v  -3.3210 0.0000 -8.0542
v  -3.1704 0.0000 -7.3638
v  -3.0801 0.0000 -6.6208
v  -3.0500 0.0000 -5.8250
v  -3.0609 0.0000 -5.3000
v  -11.7250 0.0000 -5.3000
v  -11.6761 0.0000 -4.7746
v  -11.5919 0.0000 -4.2855
v  -11.4724 0.0000 -3.8328
v  -11.3176 0.0000 -3.4166
v  -11.1275 0.0000 -3.0367
v  -10.9021 0.0000 -2.6932
v  -10.6414 0.0000 -2.3861
v  -10.3532 0.0000 -2.1179
v  -10.0454 0.0000 -1.8909
v  -9.7180 0.0000 -1.7052
v  -9.3709 0.0000 -1.5607
v  -9.0041 0.0000 -1.4575
v  -8.6178 0.0000 -1.3956
v  -8.2117 0.0000 -1.3750
v  -7.9086 0.0000 -1.3866
v  -7.6184 0.0000 -1.4213
v  -7.3412 0.0000 -1.4791
v  -7.0770 0.0000 -1.5600
v  -6.8257 0.0000 -1.6641
v  -6.5873 0.0000 -1.7913
v  -6.3619 0.0000 -1.9416
v  -6.1495 0.0000 -2.1173
v  -5.9500 0.0000 -2.3205
v  -5.7635 0.0000 -2.5513
v  -5.5899 0.0000 -2.8096
v  -5.4293 0.0000 -3.0955
v  -5.2816 0.0000 -3.4090
v  -11.6250 0.0000 -6.9250
v  -5.1250 0.0000 -6.9250
v  -5.1725 0.0000 -7.3275
v  -5.2396 0.0000 -7.7002
v  -5.3264 0.0000 -8.0431
v  -5.4328 0.0000 -8.3561
v  -5.5590 0.0000 -8.6394
v  -5.7048 0.0000 -8.8928
v  -5.8703 0.0000 -9.1164
v  -6.1510 0.0000 -9.4172
v  -6.4546 0.0000 -9.6716
v  -6.7810 0.0000 -9.8798
v  -7.1302 0.0000 -10.0418
v  -7.5023 0.0000 -10.1575
v  -7.8971 0.0000 -10.2269
v  -8.3148 0.0000 -10.2500
v  -8.6943 0.0000 -10.2315
v  -9.0561 0.0000 -10.1761
v  -9.4002 0.0000 -10.0838
v  -9.7266 0.0000 -9.9545
v  -10.0354 0.0000 -9.7883
v  -10.3266 0.0000 -9.5852
v  -10.6000 0.0000 -9.3451
v  -10.8477 0.0000 -9.0741
v  -11.0617 0.0000 -8.7782
v  -11.2419 0.0000 -8.4574
v  -11.3883 0.0000 -8.1117
v  -11.5010 0.0000 -7.7410
v  -11.5799 0.0000 -7.3455
v  -0.3250 0.0000 -0.0000
v  -0.3250 0.0000 -16.0250
v  10.5250 0.0000 -16.0250
v  10.5250 0.0000 -14.1250
v  1.8000 0.0000 -14.1250
v  1.8000 0.0000 -9.1750
v  9.3500 0.0000 -9.1750
v  9.3500 0.0000 -7.2750
v  1.8000 0.0000 -7.2750
v  1.8000 0.0000 -0.0000
v  11.6234 0.0000 -0.0000
v  17.7832 0.0000 -8.3160
v  12.3234 0.0000 -16.0250
v  14.8312 0.0000 -16.0250
v  17.7840 0.0000 -11.8898
v  18.0328 0.0000 -11.5385
v  18.2588 0.0000 -11.2134
v  18.4620 0.0000 -10.9145
v  18.6425 0.0000 -10.6417
v  18.8002 0.0000 -10.3951
v  18.9351 0.0000 -10.1747
v  19.0473 0.0000 -9.9805
v  19.2075 0.0000 -10.2294
v  19.3754 0.0000 -10.4817
v  19.5509 0.0000 -10.7375
v  19.7340 0.0000 -10.9966
v  19.9247 0.0000 -11.2592
v  20.1230 0.0000 -11.5251
v  20.3289 0.0000 -11.7945
v  23.4934 0.0000 -16.0250
v  25.8234 0.0000 -16.0250
v  20.2769 0.0000 -8.3980
v  26.2734 0.0000 -0.0000
v  23.6734 0.0000 -0.0000
v  19.6437 0.0000 -5.6895
v  18.9695 0.0000 -6.6840
v  18.2250 0.0000 -5.5754
v  14.1703 0.0000 -0.0000
v  28.5000 0.0000 -0.0000
v  28.5000 0.0000 -2.2500
v  30.7500 0.0000 -2.2500
v  30.7500 0.0000 -0.0000
v  34.3500 0.0000 -0.0000
v  34.3500 0.0000 -16.0250
v  37.5262 0.0000 -16.0250
v  41.3426 0.0000 -4.6848
v  42.1125 0.0000 -2.3137
v  42.9664 0.0000 -4.8812
v  46.8098 0.0000 -16.0250
v  49.6750 0.0000 -16.0250
v  49.6750 0.0000 -0.0000
v  47.6250 0.0000 -0.0000
v  47.6250 0.0000 -13.4250
v  42.9508 0.0000 -0.0000
v  41.0422 0.0000 -0.0000
v  36.4000 0.0000 -13.6500
v  36.4000 0.0000 -0.0000
v  53.1500 0.0000 -0.0000
v  53.1500 0.0000 -16.0250
v  64.7000 0.0000 -16.0250
v  64.7000 0.0000 -14.1250
v  55.2750 0.0000 -14.1250
v  55.2750 0.0000 -9.2500
v  64.1000 0.0000 -9.2500
v  64.1000 0.0000 -7.3500
v  55.2750 0.0000 -7.3500
v  55.2750 0.0000 -1.9000
v  65.0750 0.0000 -1.9000
v  65.0750 0.0000 -0.0000
# 695 vertices

o Text002
g Text002
usemtl wire_141007058
l 5258 5259 5260 5261 5262 5263 5264 5265 5266 5267 5268 5269 5270 5271 5272 5273 5274 5275 5276 5277 5278 5279 5280 5281 5282 5283 5284 5285 5286 5287 5288 5289 5290 5291 5292 5293 5294 5295 5296 5297 5298 5299 5300 5301 5302 5303 5304 5305 5306 5307 5308 5309 5310 5311 5312 5313 5314 5315 5316 5317 5318 5319 5320 5321 5322 5323 5258
l 5324 5325 5326 5327 5328 5329 5330 5331 5332 5333 5334 5335 5336 5337 5338 5339 5340 5341 5342 5343 5344 5345 5346 5347 5348 5349 5350 5351 5352 5353 5354 5355 5356 5357 5358 5359 5360 5361 5362 5363 5364 5365 5366 5367 5368 5369 5370 5371 5372 5373 5374 5375 5324
l 5376 5377 5378 5379 5380 5381 5382 5383 5384 5385 5386 5387 5388 5389 5390 5391 5392 5393 5394 5395 5396 5397 5398 5399 5400 5401 5402 5403 5404 5405 5406 5407 5408 5409 5410 5411 5412 5413 5414 5415 5416 5417 5418 5419 5420 5421 5422 5423 5424 5425 5426 5427 5428 5429 5430 5431 5432 5433 5434 5435 5436 5437 5438 5439 5440 5441 5442 5443 5444 5445 5446 5447 5448 5449 5450 5451 5452 5453 5454 5455 5456 5457 5458 5459 5460 5461 5462 5376
l 5463 5464 5465 5466 5467 5468 5469 5470 5471 5472 5473 5474 5475 5476 5477 5478 5479 5480 5481 5482 5483 5484 5485 5486 5487 5488 5489 5490 5491 5463
l 5492 5493 5494 5495 5496 5497 5498 5499 5500 5501 5502 5503 5504 5505 5506 5507 5508 5509 5510 5511 5512 5513 5514 5515 5516 5517 5518 5519 5520 5521 5522 5523 5524 5525 5526 5527 5528 5529 5530 5531 5532 5533 5534 5535 5536 5537 5538 5539 5540 5541 5542 5543 5544 5545 5546 5547 5548 5549 5550 5551 5552 5553 5554 5555 5556 5557 5558 5559 5560 5561 5562 5563 5564 5565 5566 5567 5568 5569 5570 5571 5572 5573 5574 5575 5576 5577 5578 5579 5580 5581 5582 5583 5584 5585 5586 5587 5588 5589 5590 5591 5592 5593 5594 5595 5596 5597 5598 5599 5600 5601 5602 5603 5604 5605 5606 5607 5608 5609 5610 5611 5612 5613 5614 5615 5616 5617 5618 5619 5620 5621 5622 5623 5624 5625 5626 5627 5628 5629 5630 5631 5632 5633 5634 5635 5636 5637 5638 5639 5640 5641 5642 5643 5644 5645 5646 5647 5648 5649 5650 5651 5652 5653 5654 5655 5656 5657 5658 5659 5660 5661 5662 5663 5664 5665 5666 5667 5668 5669 5670 5671 5672 5673 5674 5675 5676 5677 5678 5679 5680 5681 5682 5683 5684 5685 5686 5687 5688 5689 5690 5691 5692 5693 5694 5695 5696 5697 5698 5699 5700 5701 5702 5703 5704 5492
l 5705 5706 5707 5708 5705
l 5709 5710 5711 5712 5709
l 5713 5714 5715 5716 5717 5718 5719 5720 5721 5722 5723 5724 5725 5726 5727 5728 5729 5730 5731 5732 5733 5734 5735 5736 5737 5738 5739 5740 5741 5742 5743 5744 5745 5746 5747 5748 5749 5750 5751 5752 5753 5754 5755 5756 5757 5758 5759 5760 5761 5762 5763 5764 5765 5766 5767 5713
l 5768 5769 5770 5771 5772 5773 5774 5775 5776 5777 5778 5779 5780 5781 5782 5783 5784 5785 5786 5787 5788 5789 5790 5791 5792 5793 5794 5795 5796 5797 5798 5799 5800 5801 5802 5803 5804 5805 5806 5807 5808 5809 5810 5811 5812 5813 5814 5815 5816 5817 5818 5819 5820 5821 5822 5823 5824 5825 5826 5827 5828 5829 5830 5831 5832 5833 5834 5835 5836 5837 5838 5839 5840 5841 5842 5843 5844 5845 5846 5847 5848 5849 5850 5851 5852 5853 5854 5768
l 5855 5856 5857 5858 5859 5860 5861 5862 5863 5864 5865 5866 5867 5868 5869 5870 5871 5872 5873 5874 5875 5876 5877 5878 5879 5880 5881 5882 5883 5855
l 5884 5885 5886 5887 5888 5889 5890 5891 5892 5893 5884
l 5894 5895 5896 5897 5898 5899 5900 5901 5902 5903 5904 5905 5906 5907 5908 5909 5910 5911 5912 5913 5914 5915 5916 5917 5918 5919 5920 5921 5894
l 5922 5923 5924 5925 5922
l 5926 5927 5928 5929 5930 5931 5932 5933 5934 5935 5936 5937 5938 5939 5940 5926
l 5941 5942 5943 5944 5945 5946 5947 5948 5949 5950 5951 5952 5941

#
# shape Text003
#

v  0.0000 0.0000 -65.0750
v  0.0000 16.0250 -65.0750
v  0.0000 16.0250 -59.5645
v  0.0000 16.0203 -59.0495
v  0.0000 16.0063 -58.5705
v  0.0000 15.9828 -58.1276
v  0.0000 15.9500 -57.7208
v  0.0000 15.9078 -57.3501
v  0.0000 15.8563 -57.0154
v  0.0000 15.7953 -56.7168
v  0.0000 15.6943 -56.3322
v  0.0000 15.5723 -55.9641
v  0.0000 15.4294 -55.6124
v  0.0000 15.2654 -55.2773
v  0.0000 15.0805 -54.9586
v  0.0000 14.8746 -54.6564
v  0.0000 14.6477 -54.3707
v  0.0000 14.3295 -54.0220
v  0.0000 13.9870 -53.6994
v  0.0000 13.6201 -53.4029
v  0.0000 13.2290 -53.1324
v  0.0000 12.8135 -52.8880
v  0.0000 12.3737 -52.6696
v  0.0000 11.9096 -52.4773
v  0.0000 11.4236 -52.3109
v  0.0000 10.9182 -52.1701
v  0.0000 10.3934 -52.0548
v  0.0000 9.8491 -51.9652
v  0.0000 9.2855 -51.9012
v  0.0000 8.7025 -51.8628
v  0.0000 8.1000 -51.8500
v  0.0000 7.5869 -51.8587
v  0.0000 7.0908 -51.8848
v  0.0000 6.6116 -51.9282
v  0.0000 6.1494 -51.9890
v  0.0000 5.7042 -52.0671
v  0.0000 5.2758 -52.1627
v  0.0000 4.8645 -52.2756
v  0.0000 4.4715 -52.4021
v  0.0000 4.0984 -52.5384
v  0.0000 3.7451 -52.6845
v  0.0000 3.4117 -52.8404
v  0.0000 3.0982 -53.0060
v  0.0000 2.8045 -53.1815
v  0.0000 2.5307 -53.3668
v  0.0000 2.2748 -53.5595
v  0.0000 2.0350 -53.7574
v  0.0000 1.8112 -53.9604
v  0.0000 1.6035 -54.1685
v  0.0000 1.4119 -54.3817
v  0.0000 1.2363 -54.6000
v  0.0000 1.0768 -54.8234
v  0.0000 0.9305 -55.0561
v  0.0000 0.7947 -55.3022
v  0.0000 0.6694 -55.5616
v  0.0000 0.5547 -55.8344
v  0.0000 0.4504 -56.1206
v  0.0000 0.3566 -56.4201
v  0.0000 0.2732 -56.7330
v  0.0000 0.2007 -57.0594
v  0.0000 0.1394 -57.3993
v  0.0000 0.0892 -57.7529
v  0.0000 0.0502 -58.1200
v  0.0000 0.0223 -58.5006
v  0.0000 0.0056 -58.8949
v  0.0000 0.0000 -59.3027
v  0.0000 1.9000 -62.9500
v  0.0000 1.9000 -59.5348
v  0.0000 1.9060 -59.0967
v  0.0000 1.9241 -58.6864
v  0.0000 1.9541 -58.3040
v  0.0000 1.9962 -57.9494
v  0.0000 2.0504 -57.6227
v  0.0000 2.1165 -57.3238
v  0.0000 2.1947 -57.0527
v  0.0000 2.2838 -56.8031
v  0.0000 2.3827 -56.5683
v  0.0000 2.4914 -56.3484
v  0.0000 2.6099 -56.1434
v  0.0000 2.7382 -55.9534
v  0.0000 2.8763 -55.7782
v  0.0000 3.0242 -55.6180
v  0.0000 3.2500 -55.4097
v  0.0000 3.4969 -55.2150
v  0.0000 3.7650 -55.0339
v  0.0000 4.0543 -54.8663
v  0.0000 4.3647 -54.7123
v  0.0000 4.6963 -54.5719
v  0.0000 5.0490 -54.4451
v  0.0000 5.4234 -54.3337
v  0.0000 5.8198 -54.2394
v  0.0000 6.2382 -54.1622
v  0.0000 6.6787 -54.1022
v  0.0000 7.1412 -54.0593
v  0.0000 7.6258 -54.0336
v  0.0000 8.1324 -54.0250
v  0.0000 8.8260 -54.0418
v  0.0000 9.4721 -54.0923
v  0.0000 10.0708 -54.1763
v  0.0000 10.6220 -54.2940
v  0.0000 11.1258 -54.4453
v  0.0000 11.5821 -54.6303
v  0.0000 11.9910 -54.8488
v  0.0000 12.3580 -55.0914
v  0.0000 12.6887 -55.3485
v  0.0000 12.9831 -55.6200
v  0.0000 13.2412 -55.9060
v  0.0000 13.4630 -56.2065
v  0.0000 13.6485 -56.5214
v  0.0000 13.7977 -56.8508
v  0.0000 13.8845 -57.1151
v  0.0000 13.9580 -57.4218
v  0.0000 14.0181 -57.7707
v  0.0000 14.0649 -58.1619
v  0.0000 14.0983 -58.5955
v  0.0000 14.1183 -59.0713
v  0.0000 14.1250 -59.5895
v  0.0000 14.1250 -62.9500
v  0.0000 3.7500 -41.2219
v  0.0000 3.5000 -39.1906
v  0.0000 3.0071 -39.3447
v  0.0000 2.5468 -39.5323
v  0.0000 2.1191 -39.7534
v  0.0000 1.7240 -40.0078
v  0.0000 1.3614 -40.2958
v  0.0000 1.0314 -40.6172
v  0.0000 0.7340 -40.9721
v  0.0000 0.4729 -41.3584
v  0.0000 0.2520 -41.7742
v  0.0000 0.0713 -42.2193
v  0.0000 -0.0693 -42.6940
v  0.0000 -0.1697 -43.1981
v  0.0000 -0.2299 -43.7316
v  0.0000 -0.2500 -44.2945
v  0.0000 -0.2180 -45.0007
v  0.0000 -0.1220 -45.6638
v  0.0000 0.0379 -46.2838
v  0.0000 0.2619 -46.8607
v  0.0000 0.5498 -47.3946
v  0.0000 0.9017 -47.8854
v  0.0000 1.3176 -48.3332
v  0.0000 1.7912 -48.7290
v  0.0000 2.3163 -49.0639
v  0.0000 2.8929 -49.3379
v  0.0000 3.5210 -49.5510
v  0.0000 4.2005 -49.7032
v  0.0000 4.9315 -49.7946
v  0.0000 5.7141 -49.8250
v  0.0000 6.5238 -49.7942
v  0.0000 7.2800 -49.7019
v  0.0000 7.9827 -49.5480
v  0.0000 8.6319 -49.3325
v  0.0000 9.2276 -49.0555
v  0.0000 9.7698 -48.7169
v  0.0000 10.2584 -48.3168
v  0.0000 10.6873 -47.8676
v  0.0000 11.0502 -47.3818
v  0.0000 11.3471 -46.8594
v  0.0000 11.5781 -46.3004
v  0.0000 11.7430 -45.7048
v  0.0000 11.8420 -45.0727
v  0.0000 11.8750 -44.4039
v  0.0000 11.8426 -43.7561
v  0.0000 11.7455 -43.1432
v  0.0000 11.5836 -42.5650
v  0.0000 11.3570 -42.0216
v  0.0000 11.0656 -41.5131
v  0.0000 10.7095 -41.0393
v  0.0000 10.2887 -40.6004
v  0.0000 9.8091 -40.2090
v  0.0000 9.2768 -39.8778
v  0.0000 8.6918 -39.6068
v  0.0000 8.0542 -39.3960
v  0.0000 7.3638 -39.2454
v  0.0000 6.6208 -39.1551
v  0.0000 5.8250 -39.1250
v  0.0000 5.3000 -39.1359
v  0.0000 5.3000 -47.8000
v  0.0000 4.7746 -47.7511
v  0.0000 4.2855 -47.6669
v  0.0000 3.8328 -47.5474
v  0.0000 3.4166 -47.3926
v  0.0000 3.0367 -47.2025
v  0.0000 2.6932 -46.9771
v  0.0000 2.3861 -46.7164
v  0.0000 2.1179 -46.4282
v  0.0000 1.8909 -46.1204
v  0.0000 1.7052 -45.7930
v  0.0000 1.5607 -45.4459
v  0.0000 1.4575 -45.0791
v  0.0000 1.3956 -44.6927
v  0.0000 1.3750 -44.2867
v  0.0000 1.3866 -43.9836
v  0.0000 1.4213 -43.6934
v  0.0000 1.4791 -43.4162
v  0.0000 1.5600 -43.1520
v  0.0000 1.6641 -42.9007
v  0.0000 1.7913 -42.6623
v  0.0000 1.9416 -42.4369
v  0.0000 2.1173 -42.2245
v  0.0000 2.3205 -42.0250
v  0.0000 2.5513 -41.8385
v  0.0000 2.8096 -41.6649
v  0.0000 3.0955 -41.5043
v  0.0000 3.4090 -41.3566
v  0.0000 6.9250 -47.7000
v  0.0000 6.9250 -41.2000
v  0.0000 7.3275 -41.2475
v  0.0000 7.7002 -41.3146
v  0.0000 8.0431 -41.4014
v  0.0000 8.3561 -41.5078
v  0.0000 8.6394 -41.6340
v  0.0000 8.8928 -41.7798
v  0.0000 9.1164 -41.9453
v  0.0000 9.4172 -42.2260
v  0.0000 9.6716 -42.5296
v  0.0000 9.8798 -42.8560
v  0.0000 10.0418 -43.2052
v  0.0000 10.1575 -43.5772
v  0.0000 10.2269 -43.9721
v  0.0000 10.2500 -44.3898
v  0.0000 10.2315 -44.7693
v  0.0000 10.1761 -45.1311
v  0.0000 10.0838 -45.4752
v  0.0000 9.9545 -45.8017
v  0.0000 9.7883 -46.1104
v  0.0000 9.5852 -46.4016
v  0.0000 9.3451 -46.6750
v  0.0000 9.0741 -46.9227
v  0.0000 8.7782 -47.1367
v  0.0000 8.4574 -47.3169
v  0.0000 8.1117 -47.4633
v  0.0000 7.7410 -47.5760
v  0.0000 7.3455 -47.6549
v  0.0000 3.4750 -37.5000
v  0.0000 3.7750 -35.5500
v  0.0000 3.4541 -35.4912
v  0.0000 3.1553 -35.4085
v  0.0000 2.8787 -35.3019
v  0.0000 2.6242 -35.1715
v  0.0000 2.3920 -35.0172
v  0.0000 2.1819 -34.8390
v  0.0000 1.9939 -34.6369
v  0.0000 1.8297 -34.4108
v  0.0000 1.6908 -34.1603
v  0.0000 1.5771 -33.8854
v  0.0000 1.4887 -33.5863
v  0.0000 1.4255 -33.2629
v  0.0000 1.3876 -32.9151
v  0.0000 1.3750 -32.5430
v  0.0000 1.3862 -32.1699
v  0.0000 1.4199 -31.8253
v  0.0000 1.4759 -31.5093
v  0.0000 1.5545 -31.2219
v  0.0000 1.6554 -30.9631
v  0.0000 1.7788 -30.7328
v  0.0000 1.9246 -30.5311
v  0.0000 2.0855 -30.3570
v  0.0000 2.2542 -30.2097
v  0.0000 2.4307 -30.0892
v  0.0000 2.6150 -29.9955
v  0.0000 2.8070 -29.9286
v  0.0000 3.0068 -29.8884
v  0.0000 3.2145 -29.8750
v  0.0000 3.3984 -29.8867
v  0.0000 3.5708 -29.9218
v  0.0000 3.7316 -29.9803
v  0.0000 3.8809 -30.0621
v  0.0000 4.0186 -30.1674
v  0.0000 4.1448 -30.2960
v  0.0000 4.2594 -30.4481
v  0.0000 4.3369 -30.5871
v  0.0000 4.4202 -30.7758
v  0.0000 4.5093 -31.0140
v  0.0000 4.6042 -31.3019
v  0.0000 4.7048 -31.6393
v  0.0000 4.8113 -32.0263
v  0.0000 4.9234 -32.4629
v  0.0000 5.0766 -33.0570
v  0.0000 5.2237 -33.5965
v  0.0000 5.3648 -34.0813
v  0.0000 5.4998 -34.5116
v  0.0000 5.6289 -34.8871
v  0.0000 5.7519 -35.2081
v  0.0000 5.8689 -35.4744
v  0.0000 5.9892 -35.7052
v  0.0000 6.1219 -35.9194
v  0.0000 6.2671 -36.1171
v  0.0000 6.4248 -36.2984
v  0.0000 6.5950 -36.4631
v  0.0000 6.7777 -36.6113
v  0.0000 6.9729 -36.7430
v  0.0000 7.1773 -36.8576
v  0.0000 7.3877 -36.9546
v  0.0000 7.6042 -37.0339
v  0.0000 7.8267 -37.0957
v  0.0000 8.0553 -37.1397
v  0.0000 8.2898 -37.1662
v  0.0000 8.5305 -37.1750
v  0.0000 8.7498 -37.1677
v  0.0000 8.9644 -37.1459
v  0.0000 9.1744 -37.1096
v  0.0000 9.3797 -37.0587
v  0.0000 9.5803 -36.9932
v  0.0000 9.7763 -36.9133
v  0.0000 9.9676 -36.8188
v  0.0000 10.1520 -36.7117
v  0.0000 10.3272 -36.5942
v  0.0000 10.4932 -36.4661
v  0.0000 10.6502 -36.3276
v  0.0000 10.7979 -36.1785
v  0.0000 10.9366 -36.0189
v  0.0000 11.0660 -35.8488
v  0.0000 11.1608 -35.7104
v  0.0000 11.2513 -35.5584
v  0.0000 11.3375 -35.3927
v  0.0000 11.4195 -35.2134
v  0.0000 11.4973 -35.0205
v  0.0000 11.5708 -34.8139
v  0.0000 11.6400 -34.5938
v  0.0000 11.7024 -34.3644
v  0.0000 11.7551 -34.1303
v  0.0000 11.7983 -33.8916
v  0.0000 11.8318 -33.6481
v  0.0000 11.8558 -33.3999
v  0.0000 11.8702 -33.1470
v  0.0000 11.8750 -32.8895
v  0.0000 11.8670 -32.5048
v  0.0000 11.8430 -32.1337
v  0.0000 11.8029 -31.7764
v  0.0000 11.7468 -31.4326
v  0.0000 11.6747 -31.1026
v  0.0000 11.5866 -30.7862
v  0.0000 11.4824 -30.4834
v  0.0000 11.3646 -30.1986
v  0.0000 11.2354 -29.9358
v  0.0000 11.0948 -29.6953
v  0.0000 10.9429 -29.4769
v  0.0000 10.7797 -29.2806
v  0.0000 10.6051 -29.1065
v  0.0000 10.4191 -28.9545
v  0.0000 10.2183 -28.8199
v  0.0000 9.9989 -28.6977
v  0.0000 9.7611 -28.5881
v  0.0000 9.5048 -28.4911
v  0.0000 9.2300 -28.4065
v  0.0000 8.9367 -28.3345
v  0.0000 8.6250 -28.2750
v  0.0000 8.3750 -30.2000
v  0.0000 8.6195 -30.2478
v  0.0000 8.8482 -30.3160
v  0.0000 9.0611 -30.4047
v  0.0000 9.2582 -30.5137
v  0.0000 9.4394 -30.6432
v  0.0000 9.6048 -30.7930
v  0.0000 9.7543 -30.9633
v  0.0000 9.8858 -31.1544
v  0.0000 9.9971 -31.3668
v  0.0000 10.0881 -31.6005
v  0.0000 10.1590 -31.8556
v  0.0000 10.2095 -32.1319
v  0.0000 10.2399 -32.4295
v  0.0000 10.2500 -32.7484
v  0.0000 10.2409 -33.1217
v  0.0000 10.2136 -33.4631
v  0.0000 10.1681 -33.7727
v  0.0000 10.1043 -34.0505
v  0.0000 10.0224 -34.2964
v  0.0000 9.9223 -34.5105
v  0.0000 9.8039 -34.6928
v  0.0000 9.6733 -34.8473
v  0.0000 9.5366 -34.9780
v  0.0000 9.3936 -35.0849
v  0.0000 9.2443 -35.1681
v  0.0000 9.0889 -35.2275
v  0.0000 8.9272 -35.2631
v  0.0000 8.7594 -35.2750
v  0.0000 8.6521 -35.2701
v  0.0000 8.5480 -35.2553
v  0.0000 8.4469 -35.2306
v  0.0000 8.3490 -35.1960
v  0.0000 8.2542 -35.1516
v  0.0000 8.1624 -35.0974
v  0.0000 8.0738 -35.0332
v  0.0000 7.9859 -34.9586
v  0.0000 7.9023 -34.8728
v  0.0000 7.8232 -34.7758
v  0.0000 7.7486 -34.6675
v  0.0000 7.6783 -34.5480
v  0.0000 7.6125 -34.4173
v  0.0000 7.5512 -34.2754
v  0.0000 7.0508 -32.5289
v  0.0000 6.8956 -31.9555
v  0.0000 6.7488 -31.4342
v  0.0000 6.6101 -30.9649
v  0.0000 6.4797 -30.5477
v  0.0000 6.3576 -30.1826
v  0.0000 6.2437 -29.8696
v  0.0000 6.1381 -29.6086
v  0.0000 6.0300 -29.3809
v  0.0000 5.9088 -29.1676
v  0.0000 5.7744 -28.9688
v  0.0000 5.6268 -28.7845
v  0.0000 5.4661 -28.6146
v  0.0000 5.2923 -28.4592
v  0.0000 5.1053 -28.3182
v  0.0000 4.9050 -28.1940
v  0.0000 4.6913 -28.0889
v  0.0000 4.4643 -28.0029
v  0.0000 4.2239 -27.9360
v  0.0000 3.9700 -27.8882
v  0.0000 3.7029 -27.8596
v  0.0000 3.4223 -27.8500
v  0.0000 3.1436 -27.8617
v  0.0000 2.8696 -27.8969
v  0.0000 2.6002 -27.9555
v  0.0000 2.3356 -28.0376
v  0.0000 2.0756 -28.1431
v  0.0000 1.8203 -28.2720
v  0.0000 1.5697 -28.4244
v  0.0000 1.3295 -28.5989
v  0.0000 1.1053 -28.7942
v  0.0000 0.8972 -29.0102
v  0.0000 0.7052 -29.2470
v  0.0000 0.5292 -29.5046
v  0.0000 0.3692 -29.7829
v  0.0000 0.2254 -30.0820
v  0.0000 0.0993 -30.3973
v  0.0000 -0.0075 -30.7242
v  0.0000 -0.0948 -31.0627
v  0.0000 -0.1627 -31.4128
v  0.0000 -0.2112 -31.7746
v  0.0000 -0.2403 -32.1479
v  0.0000 -0.2500 -32.5328
v  0.0000 -0.2308 -33.1579
v  0.0000 -0.1733 -33.7390
v  0.0000 -0.0774 -34.2762
v  0.0000 0.0568 -34.7693
v  0.0000 0.2293 -35.2184
v  0.0000 0.4402 -35.6236
v  0.0000 0.6895 -35.9848
v  0.0000 0.9764 -36.3064
v  0.0000 1.3003 -36.5930
v  0.0000 1.6612 -36.8445
v  0.0000 2.0592 -37.0610
v  0.0000 2.4941 -37.2424
v  0.0000 2.9660 -37.3887
v  0.0000 13.7750 -25.5250
v  0.0000 16.0250 -25.5250
v  0.0000 16.0250 -23.5500
v  0.0000 13.7750 -23.5500
v  0.0000 0.0000 -25.5250
v  0.0000 11.6250 -25.5250
v  0.0000 11.6250 -23.5500
v  0.0000 0.0000 -23.5500
v  0.0000 0.0000 -20.5750
v  0.0000 11.6250 -20.5750
v  0.0000 11.6250 -18.8000
v  0.0000 9.8609 -18.8000
v  0.0000 10.1953 -18.6089
v  0.0000 10.4954 -18.4221
v  0.0000 10.7614 -18.2395
v  0.0000 10.9931 -18.0611
v  0.0000 11.1906 -17.8870
v  0.0000 11.3539 -17.7171
v  0.0000 11.4830 -17.5514
v  0.0000 11.5870 -17.3855
v  0.0000 11.6750 -17.2149
v  0.0000 11.7470 -17.0397
v  0.0000 11.8030 -16.8598
v  0.0000 11.8430 -16.6753
v  0.0000 11.8670 -16.4861
v  0.0000 11.8750 -16.2922
v  0.0000 11.8623 -16.0080
v  0.0000 11.8242 -15.7226
v  0.0000 11.7606 -15.4357
v  0.0000 11.6717 -15.1476
v  0.0000 11.5573 -14.8580
v  0.0000 11.4175 -14.5672
v  0.0000 11.2523 -14.2750
v  0.0000 9.4379 -14.9723
v  0.0000 9.5472 -15.1762
v  0.0000 9.6397 -15.3801
v  0.0000 9.7154 -15.5841
v  0.0000 9.7743 -15.7880
v  0.0000 9.8164 -15.9920
v  0.0000 9.8416 -16.1960
v  0.0000 9.8500 -16.4000
v  0.0000 9.8421 -16.5796
v  0.0000 9.8183 -16.7539
v  0.0000 9.7786 -16.9230
v  0.0000 9.7232 -17.0867
v  0.0000 9.6518 -17.2452
v  0.0000 9.5646 -17.3984
v  0.0000 9.4615 -17.5463
v  0.0000 9.3444 -17.6856
v  0.0000 9.2150 -17.8131
v  0.0000 9.0733 -17.9287
v  0.0000 8.9193 -18.0325
v  0.0000 8.7530 -18.1244
v  0.0000 8.5744 -18.2045
v  0.0000 8.3836 -18.2727
v  0.0000 8.0794 -18.3595
v  0.0000 7.7671 -18.4330
v  0.0000 7.4468 -18.4931
v  0.0000 7.1184 -18.5399
v  0.0000 6.7820 -18.5733
v  0.0000 6.4376 -18.5933
v  0.0000 6.0852 -18.6000
v  0.0000 0.0000 -18.6000
v  0.0000 3.7500 -5.1469
v  0.0000 3.5000 -3.1156
v  0.0000 3.0071 -3.2697
v  0.0000 2.5468 -3.4573
v  0.0000 2.1191 -3.6784
v  0.0000 1.7240 -3.9328
v  0.0000 1.3614 -4.2208
v  0.0000 1.0314 -4.5422
v  0.0000 0.7340 -4.8971
v  0.0000 0.4729 -5.2834
v  0.0000 0.2520 -5.6991
v  0.0000 0.0713 -6.1443
v  0.0000 -0.0693 -6.6190
v  0.0000 -0.1697 -7.1231
v  0.0000 -0.2299 -7.6566
v  0.0000 -0.2500 -8.2195
v  0.0000 -0.2180 -8.9257
v  0.0000 -0.1220 -9.5888
v  0.0000 0.0379 -10.2088
v  0.0000 0.2619 -10.7857
v  0.0000 0.5498 -11.3196
v  0.0000 0.9017 -11.8104
v  0.0000 1.3176 -12.2582
v  0.0000 1.7912 -12.6540
v  0.0000 2.3163 -12.9889
v  0.0000 2.8929 -13.2629
v  0.0000 3.5210 -13.4760
v  0.0000 4.2005 -13.6282
v  0.0000 4.9315 -13.7196
v  0.0000 5.7141 -13.7500
v  0.0000 6.5238 -13.7192
v  0.0000 7.2800 -13.6269
v  0.0000 7.9827 -13.4730
v  0.0000 8.6319 -13.2575
v  0.0000 9.2276 -12.9805
v  0.0000 9.7698 -12.6419
v  0.0000 10.2584 -12.2418
v  0.0000 10.6873 -11.7926
v  0.0000 11.0502 -11.3068
v  0.0000 11.3471 -10.7844
v  0.0000 11.5781 -10.2254
v  0.0000 11.7430 -9.6298
v  0.0000 11.8420 -8.9977
v  0.0000 11.8750 -8.3289
v  0.0000 11.8426 -7.6811
v  0.0000 11.7455 -7.0682
v  0.0000 11.5836 -6.4900
v  0.0000 11.3570 -5.9466
v  0.0000 11.0656 -5.4381
v  0.0000 10.7095 -4.9643
v  0.0000 10.2887 -4.5254
v  0.0000 9.8091 -4.1340
v  0.0000 9.2768 -3.8028
v  0.0000 8.6918 -3.5318
v  0.0000 8.0542 -3.3210
v  0.0000 7.3638 -3.1704
v  0.0000 6.6208 -3.0801
v  0.0000 5.8250 -3.0500
v  0.0000 5.3000 -3.0609
v  0.0000 5.3000 -11.7250
v  0.0000 4.7746 -11.6761
v  0.0000 4.2855 -11.5919
v  0.0000 3.8328 -11.4724
v  0.0000 3.4166 -11.3176
v  0.0000 3.0367 -11.1275
v  0.0000 2.6932 -10.9021
v  0.0000 2.3861 -10.6414
v  0.0000 2.1179 -10.3532
v  0.0000 1.8909 -10.0454
v  0.0000 1.7052 -9.7180
v  0.0000 1.5607 -9.3709
v  0.0000 1.4575 -9.0041
v  0.0000 1.3956 -8.6178
v  0.0000 1.3750 -8.2117
v  0.0000 1.3866 -7.9086
v  0.0000 1.4213 -7.6184
v  0.0000 1.4791 -7.3412
v  0.0000 1.5600 -7.0770
v  0.0000 1.6641 -6.8257
v  0.0000 1.7913 -6.5873
v  0.0000 1.9416 -6.3619
v  0.0000 2.1173 -6.1495
v  0.0000 2.3205 -5.9500
v  0.0000 2.5513 -5.7635
v  0.0000 2.8096 -5.5899
v  0.0000 3.0955 -5.4293
v  0.0000 3.4090 -5.2816
v  0.0000 6.9250 -11.6250
v  0.0000 6.9250 -5.1250
v  0.0000 7.3275 -5.1725
v  0.0000 7.7002 -5.2396
v  0.0000 8.0431 -5.3264
v  0.0000 8.3561 -5.4328
v  0.0000 8.6394 -5.5590
v  0.0000 8.8928 -5.7048
v  0.0000 9.1164 -5.8703
v  0.0000 9.4172 -6.1510
v  0.0000 9.6716 -6.4546
v  0.0000 9.8798 -6.7810
v  0.0000 10.0418 -7.1302
v  0.0000 10.1575 -7.5023
v  0.0000 10.2269 -7.8971
v  0.0000 10.2500 -8.3148
v  0.0000 10.2315 -8.6943
v  0.0000 10.1761 -9.0561
v  0.0000 10.0838 -9.4002
v  0.0000 9.9545 -9.7266
v  0.0000 9.7883 -10.0354
v  0.0000 9.5852 -10.3266
v  0.0000 9.3451 -10.6000
v  0.0000 9.0741 -10.8477
v  0.0000 8.7782 -11.0617
v  0.0000 8.4574 -11.2419
v  0.0000 8.1117 -11.3883
v  0.0000 7.7410 -11.5010
v  0.0000 7.3455 -11.5799
v  0.0000 0.0000 -0.3250
v  -0.0000 16.0250 -0.3250
v  -0.0000 16.0250 10.5250
v  -0.0000 14.1250 10.5250
v  -0.0000 14.1250 1.8000
v  -0.0000 9.1750 1.8000
v  -0.0000 9.1750 9.3500
v  -0.0000 7.2750 9.3500
v  -0.0000 7.2750 1.8000
v  -0.0000 0.0000 1.8000
v  -0.0000 0.0000 11.6234
v  -0.0000 8.3160 17.7832
v  -0.0000 16.0250 12.3234
v  -0.0000 16.0250 14.8312
v  -0.0000 11.8898 17.7840
v  -0.0000 11.5385 18.0328
v  -0.0000 11.2134 18.2588
v  -0.0000 10.9145 18.4620
v  -0.0000 10.6417 18.6425
v  -0.0000 10.3951 18.8002
v  -0.0000 10.1747 18.9351
v  -0.0000 9.9805 19.0473
v  -0.0000 10.2294 19.2075
v  -0.0000 10.4817 19.3754
v  -0.0000 10.7375 19.5509
v  -0.0000 10.9966 19.7340
v  -0.0000 11.2592 19.9247
v  -0.0000 11.5251 20.1230
v  -0.0000 11.7945 20.3289
v  -0.0000 16.0250 23.4934
v  -0.0000 16.0250 25.8234
v  -0.0000 8.3980 20.2769
v  -0.0000 0.0000 26.2734
v  -0.0000 0.0000 23.6734
v  -0.0000 5.6895 19.6437
v  -0.0000 6.6840 18.9695
v  -0.0000 5.5754 18.2250
v  -0.0000 0.0000 14.1703
v  -0.0000 0.0000 28.5000
v  -0.0000 2.2500 28.5000
v  -0.0000 2.2500 30.7500
v  -0.0000 0.0000 30.7500
v  -0.0000 0.0000 34.3500
v  -0.0000 16.0250 34.3500
v  -0.0000 16.0250 37.5262
v  -0.0000 4.6848 41.3426
v  -0.0000 2.3137 42.1125
v  -0.0000 4.8812 42.9664
v  -0.0000 16.0250 46.8098
v  -0.0000 16.0250 49.6750
v  -0.0000 0.0000 49.6750
v  -0.0000 0.0000 47.6250
v  -0.0000 13.4250 47.6250
v  -0.0000 0.0000 42.9508
v  -0.0000 0.0000 41.0422
v  -0.0000 13.6500 36.4000
v  -0.0000 0.0000 36.4000
v  -0.0000 0.0000 53.1500
v  -0.0000 16.0250 53.1500
v  -0.0000 16.0250 64.7000
v  -0.0000 14.1250 64.7000
v  -0.0000 14.1250 55.2750
v  -0.0000 9.2500 55.2750
v  -0.0000 9.2500 64.1000
v  -0.0000 7.3500 64.1000
v  -0.0000 7.3500 55.2750
v  -0.0000 1.9000 55.2750
v  -0.0000 1.9000 65.0750
v  -0.0000 0.0000 65.0750
# 695 vertices

o Text003
g Text003
usemtl wire_087225087
l 5953 5954 5955 5956 5957 5958 5959 5960 5961 5962 5963 5964 5965 5966 5967 5968 5969 5970 5971 5972 5973 5974 5975 5976 5977 5978 5979 5980 5981 5982 5983 5984 5985 5986 5987 5988 5989 5990 5991 5992 5993 5994 5995 5996 5997 5998 5999 6000 6001 6002 6003 6004 6005 6006 6007 6008 6009 6010 6011 6012 6013 6014 6015 6016 6017 6018 5953
l 6019 6020 6021 6022 6023 6024 6025 6026 6027 6028 6029 6030 6031 6032 6033 6034 6035 6036 6037 6038 6039 6040 6041 6042 6043 6044 6045 6046 6047 6048 6049 6050 6051 6052 6053 6054 6055 6056 6057 6058 6059 6060 6061 6062 6063 6064 6065 6066 6067 6068 6069 6070 6019
l 6071 6072 6073 6074 6075 6076 6077 6078 6079 6080 6081 6082 6083 6084 6085 6086 6087 6088 6089 6090 6091 6092 6093 6094 6095 6096 6097 6098 6099 6100 6101 6102 6103 6104 6105 6106 6107 6108 6109 6110 6111 6112 6113 6114 6115 6116 6117 6118 6119 6120 6121 6122 6123 6124 6125 6126 6127 6128 6129 6130 6131 6132 6133 6134 6135 6136 6137 6138 6139 6140 6141 6142 6143 6144 6145 6146 6147 6148 6149 6150 6151 6152 6153 6154 6155 6156 6157 6071
l 6158 6159 6160 6161 6162 6163 6164 6165 6166 6167 6168 6169 6170 6171 6172 6173 6174 6175 6176 6177 6178 6179 6180 6181 6182 6183 6184 6185 6186 6158
l 6187 6188 6189 6190 6191 6192 6193 6194 6195 6196 6197 6198 6199 6200 6201 6202 6203 6204 6205 6206 6207 6208 6209 6210 6211 6212 6213 6214 6215 6216 6217 6218 6219 6220 6221 6222 6223 6224 6225 6226 6227 6228 6229 6230 6231 6232 6233 6234 6235 6236 6237 6238 6239 6240 6241 6242 6243 6244 6245 6246 6247 6248 6249 6250 6251 6252 6253 6254 6255 6256 6257 6258 6259 6260 6261 6262 6263 6264 6265 6266 6267 6268 6269 6270 6271 6272 6273 6274 6275 6276 6277 6278 6279 6280 6281 6282 6283 6284 6285 6286 6287 6288 6289 6290 6291 6292 6293 6294 6295 6296 6297 6298 6299 6300 6301 6302 6303 6304 6305 6306 6307 6308 6309 6310 6311 6312 6313 6314 6315 6316 6317 6318 6319 6320 6321 6322 6323 6324 6325 6326 6327 6328 6329 6330 6331 6332 6333 6334 6335 6336 6337 6338 6339 6340 6341 6342 6343 6344 6345 6346 6347 6348 6349 6350 6351 6352 6353 6354 6355 6356 6357 6358 6359 6360 6361 6362 6363 6364 6365 6366 6367 6368 6369 6370 6371 6372 6373 6374 6375 6376 6377 6378 6379 6380 6381 6382 6383 6384 6385 6386 6387 6388 6389 6390 6391 6392 6393 6394 6395 6396 6397 6398 6399 6187
l 6400 6401 6402 6403 6400
l 6404 6405 6406 6407 6404
l 6408 6409 6410 6411 6412 6413 6414 6415 6416 6417 6418 6419 6420 6421 6422 6423 6424 6425 6426 6427 6428 6429 6430 6431 6432 6433 6434 6435 6436 6437 6438 6439 6440 6441 6442 6443 6444 6445 6446 6447 6448 6449 6450 6451 6452 6453 6454 6455 6456 6457 6458 6459 6460 6461 6462 6408
l 6463 6464 6465 6466 6467 6468 6469 6470 6471 6472 6473 6474 6475 6476 6477 6478 6479 6480 6481 6482 6483 6484 6485 6486 6487 6488 6489 6490 6491 6492 6493 6494 6495 6496 6497 6498 6499 6500 6501 6502 6503 6504 6505 6506 6507 6508 6509 6510 6511 6512 6513 6514 6515 6516 6517 6518 6519 6520 6521 6522 6523 6524 6525 6526 6527 6528 6529 6530 6531 6532 6533 6534 6535 6536 6537 6538 6539 6540 6541 6542 6543 6544 6545 6546 6547 6548 6549 6463
l 6550 6551 6552 6553 6554 6555 6556 6557 6558 6559 6560 6561 6562 6563 6564 6565 6566 6567 6568 6569 6570 6571 6572 6573 6574 6575 6576 6577 6578 6550
l 6579 6580 6581 6582 6583 6584 6585 6586 6587 6588 6579
l 6589 6590 6591 6592 6593 6594 6595 6596 6597 6598 6599 6600 6601 6602 6603 6604 6605 6606 6607 6608 6609 6610 6611 6612 6613 6614 6615 6616 6589
l 6617 6618 6619 6620 6617
l 6621 6622 6623 6624 6625 6626 6627 6628 6629 6630 6631 6632 6633 6634 6635 6621
l 6636 6637 6638 6639 6640 6641 6642 6643 6644 6645 6646 6647 6636

